split,method,seed,goal_success,success_auc,late_success,unsafe_failure,stale_execution,refresh_rate,probe_rate,abstain_rate,total_cost,half_life_error,calibration_error,risk_upper,hazard_score,safety_utility,rows,stress_axis,stress_level
combined_micro_shift,domain_randomized_clone,0,0.53750,0.53548,0.27500,0.20000,0.55625,0.00000,0.00000,0.00000,1.17000,0.64406,0.41097,0.29889,0.38995,0.14857,160,drift_rate,0.00
combined_micro_shift,domain_randomized_clone,1,0.56250,0.56129,0.27500,0.19375,0.55625,0.00000,0.00000,0.00000,1.16469,0.62964,0.41231,0.29667,0.39037,0.17982,160,drift_rate,0.00
combined_micro_shift,domain_randomized_clone,2,0.50625,0.50645,0.32500,0.13125,0.56875,0.00000,0.00000,0.00000,1.11156,0.62648,0.44603,0.30004,0.39196,0.18176,160,drift_rate,0.00
combined_micro_shift,domain_randomized_clone,3,0.51250,0.51613,0.25000,0.18125,0.57500,0.00000,0.00000,0.00000,1.15406,0.64151,0.42617,0.30071,0.39187,0.13593,160,drift_rate,0.00
combined_micro_shift,domain_randomized_clone,4,0.55000,0.54516,0.37500,0.16875,0.58750,0.00000,0.00000,0.00000,1.14344,0.63796,0.44341,0.29905,0.39035,0.18167,160,drift_rate,0.00
combined_micro_shift,domain_randomized_clone,5,0.46875,0.45806,0.20000,0.20625,0.58750,0.00000,0.00000,0.00000,1.17531,0.64249,0.44068,0.30086,0.39079,0.06296,160,drift_rate,0.00
combined_micro_shift,domain_randomized_clone,6,0.56875,0.56774,0.37500,0.13125,0.58125,0.00000,0.00000,0.00000,1.11156,0.64942,0.42856,0.29622,0.38816,0.24001,160,drift_rate,0.00
combined_micro_shift,domain_randomized_clone,7,0.57500,0.57742,0.30000,0.16250,0.56875,0.00000,0.00000,0.00000,1.13813,0.64544,0.42539,0.30206,0.39047,0.21929,160,drift_rate,0.00
combined_micro_shift,domain_randomized_clone,8,0.58125,0.58387,0.30000,0.15625,0.55625,0.00000,0.00000,0.00000,1.13281,0.64812,0.40536,0.30040,0.38948,0.23603,160,drift_rate,0.00
combined_micro_shift,domain_randomized_clone,9,0.50625,0.50645,0.20000,0.19375,0.55625,0.00000,0.00000,0.00000,1.16469,0.64223,0.42509,0.29572,0.38836,0.12357,160,drift_rate,0.00
combined_micro_shift,conformal_risk_gate,0,0.84375,0.84194,0.87500,0.00000,0.00000,0.16875,0.49375,0.00000,1.09078,0.07764,0.29400,0.29223,0.15528,0.83104,160,drift_rate,0.00
combined_micro_shift,conformal_risk_gate,1,0.80625,0.80323,0.85000,0.00000,0.00000,0.16875,0.49375,0.00000,1.09078,0.07776,0.31118,0.28737,0.15038,0.79354,160,drift_rate,0.00
combined_micro_shift,conformal_risk_gate,2,0.77500,0.77419,0.82500,0.00000,0.00000,0.16250,0.51250,0.00000,1.09094,0.07458,0.33334,0.29183,0.15415,0.76227,160,drift_rate,0.00
combined_micro_shift,conformal_risk_gate,3,0.80625,0.80968,0.77500,0.00000,0.00000,0.15625,0.50625,0.00000,1.08872,0.08056,0.31515,0.29116,0.15142,0.79383,160,drift_rate,0.00
combined_micro_shift,conformal_risk_gate,4,0.76250,0.76129,0.85000,0.00000,0.00000,0.16250,0.49375,0.00000,1.08916,0.08120,0.33924,0.29053,0.15191,0.75002,160,drift_rate,0.00
combined_micro_shift,conformal_risk_gate,5,0.73125,0.73226,0.75000,0.00000,0.00000,0.16875,0.47500,0.00000,1.08900,0.07644,0.35866,0.29026,0.14823,0.71879,160,drift_rate,0.00
combined_micro_shift,conformal_risk_gate,6,0.83125,0.83226,0.70000,0.00000,0.00000,0.17500,0.48125,0.00000,1.09122,0.07667,0.29990,0.28799,0.15031,0.81848,160,drift_rate,0.00
combined_micro_shift,conformal_risk_gate,7,0.78750,0.79032,0.67500,0.00625,0.00000,0.15000,0.57500,0.00000,1.09894,0.07632,0.32155,0.29506,0.15508,0.76815,160,drift_rate,0.00
combined_micro_shift,conformal_risk_gate,8,0.76875,0.76774,0.75000,0.00625,0.00000,0.15625,0.54375,0.00000,1.09759,0.08216,0.33476,0.29419,0.15566,0.74959,160,drift_rate,0.00
combined_micro_shift,conformal_risk_gate,9,0.76875,0.77097,0.67500,0.00625,0.00000,0.16250,0.48125,0.00000,1.09328,0.08262,0.33131,0.28821,0.15195,0.75019,160,drift_rate,0.00
combined_micro_shift,ensemble_uncertainty_gate,0,0.83750,0.83871,0.77500,0.00625,0.00000,0.16875,0.51875,0.00000,1.09847,0.08429,0.29382,0.26286,0.15699,0.81821,160,drift_rate,0.00
combined_micro_shift,ensemble_uncertainty_gate,1,0.76875,0.76452,0.62500,0.00625,0.00000,0.15625,0.55000,0.00000,1.09819,0.08904,0.32538,0.26015,0.15641,0.74950,160,drift_rate,0.00
combined_micro_shift,ensemble_uncertainty_gate,2,0.78125,0.77742,0.82500,0.00625,0.00000,0.15625,0.56875,0.00000,1.09997,0.08470,0.32575,0.26461,0.16018,0.76175,160,drift_rate,0.00
combined_micro_shift,ensemble_uncertainty_gate,3,0.80000,0.79677,0.67500,0.00000,0.00000,0.15625,0.57500,0.00000,1.09525,0.08488,0.31654,0.26354,0.15661,0.78667,160,drift_rate,0.00
combined_micro_shift,ensemble_uncertainty_gate,4,0.84375,0.84194,0.80000,0.00000,0.00000,0.15625,0.55000,0.00000,1.09288,0.08583,0.29245,0.26247,0.15629,0.83075,160,drift_rate,0.00
combined_micro_shift,ensemble_uncertainty_gate,5,0.77500,0.77419,0.72500,0.00000,0.00000,0.15000,0.54375,0.00000,1.09066,0.08916,0.33406,0.26526,0.15866,0.76231,160,drift_rate,0.00
combined_micro_shift,ensemble_uncertainty_gate,6,0.72500,0.71613,0.70000,0.00625,0.00000,0.15625,0.54375,0.00000,1.09759,0.08427,0.36030,0.26034,0.15544,0.70584,160,drift_rate,0.00
combined_micro_shift,ensemble_uncertainty_gate,7,0.76875,0.77419,0.70000,0.00000,0.00000,0.15000,0.60000,0.00000,1.09600,0.08919,0.33779,0.26521,0.15580,0.75531,160,drift_rate,0.00
combined_micro_shift,ensemble_uncertainty_gate,8,0.78750,0.78387,0.77500,0.00625,0.00000,0.15625,0.55625,0.00000,1.09878,0.09691,0.31757,0.26601,0.15980,0.76817,160,drift_rate,0.00
combined_micro_shift,ensemble_uncertainty_gate,9,0.79375,0.79355,0.77500,0.00000,0.00000,0.16875,0.49375,0.00000,1.09078,0.09532,0.32120,0.25705,0.15012,0.78104,160,drift_rate,0.00
combined_micro_shift,bayesian_skill_survival,0,0.82500,0.81935,0.77500,0.00625,0.00000,0.20000,0.57500,0.00000,1.11194,0.12102,0.29671,0.27850,0.15516,0.80383,160,drift_rate,0.00
combined_micro_shift,bayesian_skill_survival,1,0.81250,0.81290,0.72500,0.01250,0.00000,0.19375,0.56875,0.00000,1.11503,0.12582,0.29869,0.27399,0.15100,0.78540,160,drift_rate,0.00
combined_micro_shift,bayesian_skill_survival,2,0.82500,0.82903,0.75000,0.00000,0.00000,0.19375,0.60000,0.00000,1.10737,0.12545,0.29403,0.27946,0.15680,0.80997,160,drift_rate,0.00
combined_micro_shift,bayesian_skill_survival,3,0.80625,0.80968,0.75000,0.00000,0.00000,0.18750,0.58125,0.00000,1.10397,0.12140,0.30184,0.27788,0.15222,0.79169,160,drift_rate,0.00
combined_micro_shift,bayesian_skill_survival,4,0.82500,0.82258,0.80000,0.00000,0.00000,0.18750,0.56250,0.00000,1.10219,0.12905,0.29596,0.27813,0.15451,0.81069,160,drift_rate,0.00
combined_micro_shift,bayesian_skill_survival,5,0.78750,0.78065,0.85000,0.00625,0.00000,0.18750,0.58125,0.00000,1.10928,0.12142,0.31837,0.28169,0.15848,0.76670,160,drift_rate,0.00
combined_micro_shift,bayesian_skill_survival,6,0.80625,0.80323,0.87500,0.00625,0.00000,0.20000,0.53750,0.00000,1.10837,0.11875,0.30628,0.27519,0.15210,0.78558,160,drift_rate,0.00
combined_micro_shift,bayesian_skill_survival,7,0.80625,0.80323,0.75000,0.00000,0.00000,0.18125,0.59375,0.00000,1.10353,0.12718,0.30670,0.28267,0.15770,0.79176,160,drift_rate,0.00
combined_micro_shift,bayesian_skill_survival,8,0.81875,0.81290,0.82500,0.00000,0.00000,0.20000,0.56250,0.00000,1.10544,0.12439,0.30108,0.28164,0.15789,0.80399,160,drift_rate,0.00
combined_micro_shift,bayesian_skill_survival,9,0.82500,0.81935,0.82500,0.00000,0.00000,0.18750,0.58125,0.00000,1.10397,0.12146,0.29601,0.27675,0.15642,0.81044,160,drift_rate,0.00
combined_micro_shift,cvar_lifetime_guard,0,0.83750,0.83548,0.87500,0.00000,0.00000,0.37500,0.58750,0.00000,1.15331,0.08989,0.28040,0.32813,0.10746,0.81604,160,drift_rate,0.00
combined_micro_shift,cvar_lifetime_guard,1,0.84375,0.84194,0.85000,0.00000,0.00000,0.38125,0.59375,0.00000,1.15553,0.08862,0.27453,0.32508,0.10618,0.82198,160,drift_rate,0.00
combined_micro_shift,cvar_lifetime_guard,2,0.81875,0.82581,0.70000,0.00000,0.00000,0.39375,0.55000,0.00000,1.15463,0.09248,0.30026,0.32842,0.10769,0.79710,160,drift_rate,0.00
combined_micro_shift,cvar_lifetime_guard,3,0.83750,0.83548,0.87500,0.00000,0.00000,0.40625,0.55625,0.00000,1.15847,0.10205,0.27642,0.32647,0.10232,0.81531,160,drift_rate,0.00
combined_micro_shift,cvar_lifetime_guard,4,0.83125,0.83548,0.85000,0.01250,0.00000,0.38750,0.56250,0.00000,1.16481,0.10233,0.28111,0.32663,0.10449,0.79718,160,drift_rate,0.00
combined_micro_shift,cvar_lifetime_guard,5,0.78125,0.78710,0.77500,0.00000,0.00000,0.40625,0.54375,0.00000,1.15728,0.09698,0.31745,0.32750,0.10308,0.75923,160,drift_rate,0.00
combined_micro_shift,cvar_lifetime_guard,6,0.88125,0.88387,0.85000,0.00000,0.00000,0.36250,0.61250,0.00000,1.15244,0.08899,0.25306,0.32534,0.10538,0.85991,160,drift_rate,0.00
combined_micro_shift,cvar_lifetime_guard,7,0.84375,0.84839,0.85000,0.00000,0.00000,0.37500,0.59375,0.00000,1.15391,0.09491,0.27943,0.33107,0.10750,0.82220,160,drift_rate,0.00
combined_micro_shift,cvar_lifetime_guard,8,0.80625,0.80968,0.72500,0.00000,0.00000,0.40625,0.56250,0.00000,1.15906,0.09756,0.30200,0.32794,0.10352,0.78398,160,drift_rate,0.00
combined_micro_shift,cvar_lifetime_guard,9,0.78125,0.78065,0.75000,0.00000,0.00000,0.38125,0.58750,0.00000,1.15494,0.09722,0.31940,0.32576,0.10748,0.75956,160,drift_rate,0.00
combined_micro_shift,skill_half_life_scheduler_v5,0,0.81875,0.81935,0.82500,0.00625,0.00000,0.15000,0.50000,0.00000,1.09181,0.12817,0.29321,0.26858,0.14732,0.80040,160,drift_rate,0.00
combined_micro_shift,skill_half_life_scheduler_v5,1,0.77500,0.78065,0.77500,0.00000,0.00000,0.15625,0.55625,0.00000,1.09347,0.12285,0.32216,0.26678,0.14941,0.76191,160,drift_rate,0.00
combined_micro_shift,skill_half_life_scheduler_v5,2,0.80625,0.80000,0.80000,0.00000,0.00000,0.15000,0.55000,0.00000,1.09125,0.11212,0.29790,0.26859,0.14715,0.79348,160,drift_rate,0.00
combined_micro_shift,skill_half_life_scheduler_v5,3,0.79375,0.79677,0.80000,0.00000,0.00000,0.15000,0.55000,0.00000,1.09125,0.12547,0.30767,0.27066,0.14968,0.78097,160,drift_rate,0.00
combined_micro_shift,skill_half_life_scheduler_v5,4,0.79375,0.79032,0.75000,0.00625,0.00000,0.15000,0.53125,0.00000,1.09478,0.12668,0.30509,0.26910,0.14847,0.77498,160,drift_rate,0.00
combined_micro_shift,skill_half_life_scheduler_v5,5,0.77500,0.77097,0.80000,0.00625,0.00000,0.15625,0.53125,0.00000,1.09641,0.12290,0.32051,0.27043,0.14746,0.75600,160,drift_rate,0.00
combined_micro_shift,skill_half_life_scheduler_v5,6,0.84375,0.84516,0.85000,0.00000,0.00000,0.15000,0.53750,0.00000,1.09006,0.12635,0.27569,0.26754,0.14891,0.83114,160,drift_rate,0.00
combined_micro_shift,skill_half_life_scheduler_v5,7,0.81250,0.81290,0.85000,0.00000,0.00000,0.15000,0.56250,0.00000,1.09244,0.11936,0.30126,0.27400,0.15188,0.79956,160,drift_rate,0.00
combined_micro_shift,skill_half_life_scheduler_v5,8,0.83750,0.83226,0.82500,0.00625,0.00000,0.14375,0.55625,0.00000,1.09553,0.12940,0.28524,0.27281,0.15184,0.81863,160,drift_rate,0.00
combined_micro_shift,skill_half_life_scheduler_v5,9,0.82500,0.83226,0.82500,0.00625,0.00000,0.15625,0.52500,0.00000,1.09581,0.12564,0.29541,0.26715,0.14965,0.80609,160,drift_rate,0.00
combined_micro_shift,oracle_shift_aware_scheduler,0,0.86875,0.86452,0.82500,0.00000,0.00000,0.18750,0.54375,0.00000,1.10041,0.00000,0.26384,0.17655,0.14636,0.85469,160,drift_rate,0.00
combined_micro_shift,oracle_shift_aware_scheduler,1,0.80625,0.80645,0.75000,0.01250,0.00000,0.18750,0.53750,0.00000,1.11044,0.00000,0.29568,0.17225,0.14356,0.77979,160,drift_rate,0.00
combined_micro_shift,oracle_shift_aware_scheduler,2,0.81250,0.80968,0.80000,0.00000,0.00000,0.19375,0.50000,0.00000,1.09788,0.00000,0.28530,0.17168,0.13966,0.79880,160,drift_rate,0.00
combined_micro_shift,oracle_shift_aware_scheduler,3,0.83125,0.83226,0.90000,0.00625,0.00000,0.19375,0.51250,0.00000,1.10438,0.00000,0.27900,0.17469,0.14196,0.81114,160,drift_rate,0.00
combined_micro_shift,oracle_shift_aware_scheduler,4,0.87500,0.87419,0.85000,0.00000,0.00000,0.19375,0.50625,0.00000,1.09847,0.00000,0.24948,0.17442,0.14384,0.86121,160,drift_rate,0.00
combined_micro_shift,oracle_shift_aware_scheduler,5,0.80625,0.80323,0.82500,0.00625,0.00000,0.18125,0.52500,0.00000,1.10231,0.00000,0.29281,0.17585,0.14449,0.78643,160,drift_rate,0.00
combined_micro_shift,oracle_shift_aware_scheduler,6,0.82500,0.81935,0.85000,0.00000,0.00000,0.18750,0.50625,0.00000,1.09684,0.00000,0.27876,0.17329,0.14205,0.81144,160,drift_rate,0.00
combined_micro_shift,oracle_shift_aware_scheduler,7,0.81875,0.81613,0.87500,0.00625,0.00000,0.18750,0.52500,0.00000,1.10394,0.00000,0.28461,0.17631,0.14270,0.79870,160,drift_rate,0.00
combined_micro_shift,oracle_shift_aware_scheduler,8,0.85000,0.85161,0.82500,0.00000,0.00000,0.18750,0.51250,0.00000,1.09744,0.00000,0.26666,0.17550,0.14309,0.83636,160,drift_rate,0.00
combined_micro_shift,oracle_shift_aware_scheduler,9,0.84375,0.83871,0.95000,0.00000,0.00000,0.18125,0.53125,0.00000,1.09759,0.00000,0.27428,0.17184,0.14106,0.83009,160,drift_rate,0.00
combined_micro_shift,domain_randomized_clone,0,0.50625,0.50645,0.22500,0.20625,0.55625,0.00000,0.00000,0.00000,1.17531,0.64314,0.42402,0.30546,0.39469,0.11108,160,drift_rate,0.25
combined_micro_shift,domain_randomized_clone,1,0.56250,0.55806,0.32500,0.18750,0.56250,0.00000,0.00000,0.00000,1.15938,0.64705,0.41369,0.30323,0.39401,0.18394,160,drift_rate,0.25
combined_micro_shift,domain_randomized_clone,2,0.48750,0.48387,0.17500,0.25000,0.57500,0.00000,0.00000,0.00000,1.21250,0.64372,0.41743,0.30557,0.39508,0.04225,160,drift_rate,0.25
combined_micro_shift,domain_randomized_clone,3,0.56875,0.56129,0.35000,0.20000,0.57500,0.00000,0.00000,0.00000,1.17000,0.65291,0.42254,0.30418,0.39343,0.17345,160,drift_rate,0.25
combined_micro_shift,domain_randomized_clone,4,0.54375,0.54194,0.32500,0.18750,0.58750,0.00000,0.00000,0.00000,1.15938,0.65834,0.41502,0.30812,0.39612,0.15669,160,drift_rate,0.25
combined_micro_shift,domain_randomized_clone,5,0.47500,0.47419,0.37500,0.16875,0.58125,0.00000,0.00000,0.00000,1.14344,0.64793,0.45969,0.30778,0.39573,0.10879,160,drift_rate,0.25
combined_micro_shift,domain_randomized_clone,6,0.50000,0.50323,0.25000,0.21875,0.58750,0.00000,0.00000,0.00000,1.18594,0.68299,0.43574,0.30387,0.39233,0.08172,160,drift_rate,0.25
combined_micro_shift,domain_randomized_clone,7,0.58750,0.59032,0.25000,0.18750,0.56875,0.00000,0.00000,0.00000,1.15938,0.65235,0.39851,0.30683,0.39468,0.20681,160,drift_rate,0.25
combined_micro_shift,domain_randomized_clone,8,0.53750,0.53548,0.17500,0.19375,0.57500,0.00000,0.00000,0.00000,1.16469,0.66657,0.40691,0.30672,0.39422,0.14844,160,drift_rate,0.25
combined_micro_shift,domain_randomized_clone,9,0.53125,0.52903,0.27500,0.18750,0.55000,0.00000,0.00000,0.00000,1.15938,0.64664,0.42008,0.29830,0.39129,0.15694,160,drift_rate,0.25
combined_micro_shift,conformal_risk_gate,0,0.78125,0.78065,0.62500,0.00000,0.00000,0.16875,0.50625,0.00000,1.09197,0.06907,0.33499,0.29659,0.15558,0.76837,160,drift_rate,0.25
combined_micro_shift,conformal_risk_gate,1,0.81250,0.80968,0.77500,0.00625,0.00000,0.17500,0.51875,0.00000,1.10009,0.07397,0.31508,0.29289,0.15189,0.79299,160,drift_rate,0.25
combined_micro_shift,conformal_risk_gate,2,0.75000,0.74516,0.80000,0.00625,0.00000,0.17500,0.50000,0.00000,1.09831,0.07077,0.34164,0.29338,0.14930,0.73074,160,drift_rate,0.25
combined_micro_shift,conformal_risk_gate,3,0.80625,0.81290,0.77500,0.00625,0.00000,0.16875,0.51875,0.00000,1.09847,0.08524,0.31491,0.29422,0.15217,0.78696,160,drift_rate,0.25
combined_micro_shift,conformal_risk_gate,4,0.75625,0.75484,0.70000,0.00000,0.00000,0.17500,0.49375,0.00000,1.09241,0.07569,0.34017,0.29526,0.14897,0.74331,160,drift_rate,0.25
combined_micro_shift,conformal_risk_gate,5,0.77500,0.77097,0.90000,0.00000,0.00000,0.16250,0.53125,0.00000,1.09272,0.07897,0.32602,0.29785,0.15445,0.76202,160,drift_rate,0.25
combined_micro_shift,conformal_risk_gate,6,0.78125,0.78065,0.80000,0.00625,0.00000,0.16875,0.50625,0.00000,1.09728,0.08863,0.32352,0.29435,0.15189,0.76213,160,drift_rate,0.25
combined_micro_shift,conformal_risk_gate,7,0.80000,0.80000,0.72500,0.00000,0.00000,0.16875,0.50625,0.00000,1.09197,0.07264,0.31546,0.29739,0.15443,0.78712,160,drift_rate,0.25
combined_micro_shift,conformal_risk_gate,8,0.76250,0.76129,0.65000,0.01250,0.00000,0.16250,0.51875,0.00000,1.10216,0.07372,0.34571,0.29694,0.15327,0.73720,160,drift_rate,0.25
combined_micro_shift,conformal_risk_gate,9,0.81250,0.80968,0.85000,0.01250,0.00000,0.16875,0.48750,0.00000,1.10081,0.07852,0.30856,0.28989,0.15310,0.78739,160,drift_rate,0.25
combined_micro_shift,ensemble_uncertainty_gate,0,0.78750,0.78387,0.82500,0.00000,0.00000,0.16875,0.52500,0.00000,1.09375,0.08116,0.32695,0.26801,0.15885,0.77437,160,drift_rate,0.25
combined_micro_shift,ensemble_uncertainty_gate,1,0.78125,0.77742,0.70000,0.01250,0.00000,0.15625,0.55000,0.00000,1.10350,0.07906,0.32272,0.26436,0.15528,0.75576,160,drift_rate,0.25
combined_micro_shift,ensemble_uncertainty_gate,2,0.79375,0.79355,0.75000,0.00000,0.00000,0.16250,0.54375,0.00000,1.09391,0.08161,0.32030,0.26437,0.15171,0.78060,160,drift_rate,0.25
combined_micro_shift,ensemble_uncertainty_gate,3,0.89375,0.89677,0.85000,0.00000,0.00000,0.16250,0.56875,0.00000,1.09628,0.09464,0.26340,0.26647,0.15715,0.88027,160,drift_rate,0.25
combined_micro_shift,ensemble_uncertainty_gate,4,0.79375,0.79677,0.67500,0.00000,0.00000,0.16875,0.53125,0.00000,1.09434,0.08333,0.31708,0.26763,0.15418,0.78054,160,drift_rate,0.25
combined_micro_shift,ensemble_uncertainty_gate,5,0.84375,0.84839,0.85000,0.01875,0.00000,0.16250,0.56250,0.00000,1.11163,0.09279,0.28896,0.26806,0.15531,0.81162,160,drift_rate,0.25
combined_micro_shift,ensemble_uncertainty_gate,6,0.76250,0.75484,0.75000,0.00000,0.00000,0.16250,0.53125,0.00000,1.09272,0.10560,0.33992,0.26479,0.15321,0.74952,160,drift_rate,0.25
combined_micro_shift,ensemble_uncertainty_gate,7,0.83750,0.83548,0.87500,0.00000,0.00000,0.16250,0.55625,0.00000,1.09509,0.08647,0.29249,0.26882,0.15770,0.82419,160,drift_rate,0.25
combined_micro_shift,ensemble_uncertainty_gate,8,0.85000,0.85484,0.80000,0.00000,0.00000,0.16250,0.53125,0.00000,1.09272,0.08441,0.28784,0.26726,0.15434,0.83702,160,drift_rate,0.25
combined_micro_shift,ensemble_uncertainty_gate,9,0.85625,0.85484,0.92500,0.00000,0.00000,0.15625,0.52500,0.00000,1.09050,0.09258,0.28909,0.26147,0.15670,0.84358,160,drift_rate,0.25
combined_micro_shift,bayesian_skill_survival,0,0.84375,0.84194,0.80000,0.00625,0.00000,0.18750,0.59375,0.00000,1.11047,0.12677,0.28217,0.28248,0.15476,0.82278,160,drift_rate,0.25
combined_micro_shift,bayesian_skill_survival,1,0.80625,0.80323,0.80000,0.00000,0.00000,0.20625,0.57500,0.00000,1.10825,0.12176,0.30936,0.28071,0.15493,0.79109,160,drift_rate,0.25
combined_micro_shift,bayesian_skill_survival,2,0.81875,0.81935,0.77500,0.00000,0.00000,0.19375,0.59375,0.00000,1.10678,0.11901,0.30235,0.28263,0.15522,0.80380,160,drift_rate,0.25
combined_micro_shift,bayesian_skill_survival,3,0.83125,0.83548,0.67500,0.00000,0.00000,0.19375,0.57500,0.00000,1.10500,0.12101,0.29488,0.28367,0.15842,0.81655,160,drift_rate,0.25
combined_micro_shift,bayesian_skill_survival,4,0.78750,0.79032,0.72500,0.00625,0.00000,0.20000,0.60000,0.00000,1.11431,0.12616,0.32288,0.28650,0.15886,0.76600,160,drift_rate,0.25
combined_micro_shift,bayesian_skill_survival,5,0.82500,0.82581,0.82500,0.00625,0.00000,0.18750,0.60625,0.00000,1.11166,0.13017,0.29938,0.28617,0.15846,0.80387,160,drift_rate,0.25
combined_micro_shift,bayesian_skill_survival,6,0.83125,0.82581,0.85000,0.00000,0.00000,0.21250,0.51250,0.00000,1.10394,0.11659,0.29128,0.28075,0.15207,0.81670,160,drift_rate,0.25
combined_micro_shift,bayesian_skill_survival,7,0.78125,0.78387,0.80000,0.00000,0.00000,0.19375,0.57500,0.00000,1.10500,0.12728,0.32508,0.28482,0.15664,0.76655,160,drift_rate,0.25
combined_micro_shift,bayesian_skill_survival,8,0.81250,0.80645,0.82500,0.00625,0.00000,0.20000,0.56875,0.00000,1.11134,0.11653,0.30586,0.28404,0.15485,0.79141,160,drift_rate,0.25
combined_micro_shift,bayesian_skill_survival,9,0.81250,0.80968,0.80000,0.00000,0.00000,0.19375,0.56250,0.00000,1.10381,0.11744,0.30320,0.27906,0.15879,0.79797,160,drift_rate,0.25
combined_micro_shift,cvar_lifetime_guard,0,0.85625,0.85484,0.80000,0.00625,0.00000,0.43125,0.53125,0.00000,1.16791,0.09669,0.26413,0.32978,0.10227,0.82724,160,drift_rate,0.25
combined_micro_shift,cvar_lifetime_guard,1,0.86250,0.86452,0.85000,0.00000,0.00000,0.43125,0.52500,0.00000,1.16200,0.08891,0.25716,0.32705,0.10056,0.83982,160,drift_rate,0.25
combined_micro_shift,cvar_lifetime_guard,2,0.78125,0.78065,0.85000,0.00000,0.00000,0.42500,0.53750,0.00000,1.16156,0.09131,0.31476,0.33097,0.10486,0.75863,160,drift_rate,0.25
combined_micro_shift,cvar_lifetime_guard,3,0.81875,0.81290,0.90000,0.00000,0.00000,0.42500,0.52500,0.00000,1.16038,0.10053,0.28790,0.32934,0.10273,0.79630,160,drift_rate,0.25
combined_micro_shift,cvar_lifetime_guard,4,0.85625,0.85484,0.85000,0.00000,0.00000,0.42500,0.53125,0.00000,1.16097,0.09679,0.26593,0.33226,0.10331,0.83371,160,drift_rate,0.25
combined_micro_shift,cvar_lifetime_guard,5,0.77500,0.77742,0.82500,0.00000,0.00000,0.43125,0.53125,0.00000,1.16259,0.10635,0.31698,0.33138,0.10186,0.75224,160,drift_rate,0.25
combined_micro_shift,cvar_lifetime_guard,6,0.86250,0.85806,0.90000,0.00000,0.00000,0.39375,0.57500,0.00000,1.15700,0.09098,0.26257,0.33053,0.10459,0.84052,160,drift_rate,0.25
combined_micro_shift,cvar_lifetime_guard,7,0.78125,0.78065,0.77500,0.00000,0.00000,0.42500,0.54375,0.00000,1.16216,0.09161,0.31101,0.33089,0.10176,0.75855,160,drift_rate,0.25
combined_micro_shift,cvar_lifetime_guard,8,0.75625,0.75806,0.77500,0.00000,0.00000,0.46250,0.49375,0.00000,1.16716,0.08600,0.32838,0.32930,0.09825,0.73285,160,drift_rate,0.25
combined_micro_shift,cvar_lifetime_guard,9,0.90625,0.90323,0.90000,0.00000,0.00000,0.39375,0.56875,0.00000,1.15641,0.09429,0.23574,0.32587,0.10539,0.88435,160,drift_rate,0.25
combined_micro_shift,skill_half_life_scheduler_v5,0,0.76875,0.76129,0.82500,0.00625,0.00000,0.15625,0.53125,0.00000,1.09641,0.12064,0.32839,0.27479,0.15122,0.74975,160,drift_rate,0.25
combined_micro_shift,skill_half_life_scheduler_v5,1,0.82500,0.81935,0.85000,0.00000,0.00000,0.14375,0.56250,0.00000,1.09081,0.12132,0.29435,0.27306,0.15174,0.81229,160,drift_rate,0.25
combined_micro_shift,skill_half_life_scheduler_v5,2,0.83125,0.83226,0.72500,0.00000,0.00000,0.15000,0.56250,0.00000,1.09244,0.11807,0.28201,0.27411,0.14968,0.81831,160,drift_rate,0.25
combined_micro_shift,skill_half_life_scheduler_v5,3,0.82500,0.82581,0.85000,0.00000,0.00000,0.15000,0.56250,0.00000,1.09244,0.12749,0.29123,0.27474,0.15212,0.81206,160,drift_rate,0.25
combined_micro_shift,skill_half_life_scheduler_v5,4,0.78750,0.78065,0.65000,0.01250,0.00000,0.16250,0.52500,0.00000,1.10275,0.12305,0.31635,0.27513,0.14729,0.76211,160,drift_rate,0.25
combined_micro_shift,skill_half_life_scheduler_v5,5,0.76875,0.77097,0.75000,0.00000,0.00000,0.15000,0.57500,0.00000,1.09363,0.12528,0.32455,0.27648,0.15051,0.75564,160,drift_rate,0.25
combined_micro_shift,skill_half_life_scheduler_v5,6,0.71250,0.71935,0.67500,0.00000,0.00000,0.15000,0.52500,0.00000,1.08888,0.13597,0.36804,0.27508,0.15198,0.70006,160,drift_rate,0.25
combined_micro_shift,skill_half_life_scheduler_v5,7,0.78125,0.78387,0.75000,0.00000,0.00000,0.15625,0.53750,0.00000,1.09169,0.12307,0.31592,0.27496,0.14858,0.76841,160,drift_rate,0.25
combined_micro_shift,skill_half_life_scheduler_v5,8,0.81250,0.80645,0.82500,0.00625,0.00000,0.15625,0.54375,0.00000,1.09759,0.12894,0.29954,0.27492,0.14774,0.79334,160,drift_rate,0.25
combined_micro_shift,skill_half_life_scheduler_v5,9,0.81875,0.81613,0.87500,0.00625,0.00000,0.14375,0.54375,0.00000,1.09434,0.13094,0.29887,0.26779,0.14906,0.80004,160,drift_rate,0.25
combined_micro_shift,oracle_shift_aware_scheduler,0,0.83750,0.83548,0.72500,0.00000,0.00000,0.18750,0.52500,0.00000,1.09862,0.00000,0.27305,0.17728,0.14213,0.82369,160,drift_rate,0.25
combined_micro_shift,oracle_shift_aware_scheduler,1,0.86250,0.86452,0.82500,0.00000,0.00000,0.20000,0.53125,0.00000,1.10247,0.00000,0.26018,0.17714,0.14316,0.84815,160,drift_rate,0.25
combined_micro_shift,oracle_shift_aware_scheduler,2,0.83125,0.82903,0.87500,0.00625,0.00000,0.19375,0.52500,0.00000,1.10556,0.00000,0.28095,0.17695,0.14142,0.81097,160,drift_rate,0.25
combined_micro_shift,oracle_shift_aware_scheduler,3,0.81875,0.81613,0.77500,0.00000,0.00000,0.18750,0.54375,0.00000,1.10041,0.00000,0.28917,0.17800,0.14255,0.80469,160,drift_rate,0.25
combined_micro_shift,oracle_shift_aware_scheduler,4,0.85000,0.84839,0.87500,0.00000,0.00000,0.19375,0.51875,0.00000,1.09966,0.00000,0.27020,0.17969,0.14184,0.83605,160,drift_rate,0.25
combined_micro_shift,oracle_shift_aware_scheduler,5,0.85000,0.84516,0.82500,0.00625,0.00000,0.19375,0.53125,0.00000,1.10616,0.00000,0.26722,0.17973,0.14454,0.82964,160,drift_rate,0.25
combined_micro_shift,oracle_shift_aware_scheduler,6,0.84375,0.84194,0.95000,0.00000,0.00000,0.19375,0.48750,0.00000,1.09669,0.00000,0.27425,0.18325,0.14693,0.83021,160,drift_rate,0.25
combined_micro_shift,oracle_shift_aware_scheduler,7,0.81250,0.81290,0.85000,0.00000,0.00000,0.18125,0.55000,0.00000,1.09937,0.00000,0.29349,0.18137,0.14689,0.79859,160,drift_rate,0.25
combined_micro_shift,oracle_shift_aware_scheduler,8,0.86875,0.87097,0.80000,0.00000,0.00000,0.18750,0.53750,0.00000,1.09981,0.00000,0.25359,0.18091,0.14275,0.85478,160,drift_rate,0.25
combined_micro_shift,oracle_shift_aware_scheduler,9,0.78750,0.78065,0.72500,0.00000,0.00000,0.19375,0.52500,0.00000,1.10025,0.00000,0.30867,0.17459,0.14353,0.77346,160,drift_rate,0.25
combined_micro_shift,domain_randomized_clone,0,0.46875,0.46774,0.35000,0.21250,0.55625,0.00000,0.00000,0.00000,1.18063,0.66782,0.44756,0.30896,0.39649,0.06734,160,drift_rate,0.50
combined_micro_shift,domain_randomized_clone,1,0.48125,0.47742,0.22500,0.23125,0.56875,0.00000,0.00000,0.00000,1.19656,0.67073,0.42404,0.31190,0.39895,0.05686,160,drift_rate,0.50
combined_micro_shift,domain_randomized_clone,2,0.48750,0.48387,0.32500,0.21250,0.56875,0.00000,0.00000,0.00000,1.18062,0.65545,0.43719,0.30525,0.39634,0.08184,160,drift_rate,0.50
combined_micro_shift,domain_randomized_clone,3,0.50000,0.49677,0.30000,0.21250,0.57500,0.00000,0.00000,0.00000,1.18063,0.65831,0.42998,0.31015,0.39845,0.09221,160,drift_rate,0.50
combined_micro_shift,domain_randomized_clone,4,0.48750,0.49032,0.30000,0.18750,0.58750,0.00000,0.00000,0.00000,1.15938,0.65963,0.43593,0.30582,0.39610,0.10044,160,drift_rate,0.50
combined_micro_shift,domain_randomized_clone,5,0.56875,0.56452,0.40000,0.18750,0.60625,0.00000,0.00000,0.00000,1.15937,0.67137,0.42659,0.30981,0.39743,0.17531,160,drift_rate,0.50
combined_micro_shift,domain_randomized_clone,6,0.46875,0.46774,0.25000,0.17500,0.58125,0.00000,0.00000,0.00000,1.14875,0.67077,0.42941,0.30659,0.39522,0.09630,160,drift_rate,0.50
combined_micro_shift,domain_randomized_clone,7,0.53125,0.52903,0.30000,0.20000,0.58750,0.00000,0.00000,0.00000,1.17000,0.68832,0.43743,0.31207,0.39684,0.13170,160,drift_rate,0.50
combined_micro_shift,domain_randomized_clone,8,0.50000,0.50323,0.20000,0.23750,0.56250,0.00000,0.00000,0.00000,1.20188,0.67331,0.43008,0.30963,0.39657,0.07149,160,drift_rate,0.50
combined_micro_shift,domain_randomized_clone,9,0.53750,0.52903,0.37500,0.18125,0.55625,0.00000,0.00000,0.00000,1.15406,0.67357,0.43375,0.30858,0.39659,0.16731,160,drift_rate,0.50
combined_micro_shift,conformal_risk_gate,0,0.84375,0.84516,0.87500,0.00000,0.00000,0.16875,0.51875,0.00000,1.09316,0.07664,0.29564,0.29729,0.15176,0.83071,160,drift_rate,0.50
combined_micro_shift,conformal_risk_gate,1,0.73750,0.73226,0.65000,0.00000,0.00000,0.16250,0.53750,0.00000,1.09331,0.07779,0.35471,0.30027,0.15427,0.72444,160,drift_rate,0.50
combined_micro_shift,conformal_risk_gate,2,0.81250,0.81613,0.80000,0.00000,0.00000,0.16250,0.51875,0.00000,1.09153,0.08095,0.30954,0.29252,0.14952,0.79969,160,drift_rate,0.50
combined_micro_shift,conformal_risk_gate,3,0.80000,0.80000,0.77500,0.00000,0.00000,0.17500,0.52500,0.00000,1.09537,0.07457,0.30796,0.29673,0.15018,0.78665,160,drift_rate,0.50
combined_micro_shift,conformal_risk_gate,4,0.78125,0.78387,0.80000,0.00000,0.00000,0.16875,0.50625,0.00000,1.09197,0.07777,0.33455,0.29456,0.15218,0.76837,160,drift_rate,0.50
combined_micro_shift,conformal_risk_gate,5,0.80000,0.80000,0.85000,0.00000,0.00000,0.16250,0.51250,0.00000,1.09094,0.07319,0.32115,0.29873,0.15388,0.78727,160,drift_rate,0.50
combined_micro_shift,conformal_risk_gate,6,0.79375,0.79355,0.67500,0.00625,0.00000,0.17500,0.51875,0.00000,1.10009,0.07878,0.32237,0.29623,0.15311,0.77424,160,drift_rate,0.50
combined_micro_shift,conformal_risk_gate,7,0.79375,0.80000,0.77500,0.00000,0.00000,0.18125,0.47500,0.00000,1.09225,0.07866,0.32141,0.30060,0.15254,0.78083,160,drift_rate,0.50
combined_micro_shift,conformal_risk_gate,8,0.81875,0.82258,0.75000,0.00625,0.00000,0.16875,0.53125,0.00000,1.09966,0.07821,0.31176,0.29865,0.15321,0.79930,160,drift_rate,0.50
combined_micro_shift,conformal_risk_gate,9,0.78750,0.78387,0.82500,0.00000,0.00000,0.16875,0.50625,0.00000,1.09197,0.06795,0.33032,0.29777,0.15353,0.77462,160,drift_rate,0.50
combined_micro_shift,ensemble_uncertainty_gate,0,0.80625,0.80323,0.75000,0.00625,0.00000,0.16875,0.53750,0.00000,1.10025,0.08992,0.31092,0.26840,0.15444,0.78672,160,drift_rate,0.50
combined_micro_shift,ensemble_uncertainty_gate,1,0.82500,0.82581,0.80000,0.00000,0.00000,0.16875,0.53125,0.00000,1.09434,0.08695,0.30349,0.26990,0.15399,0.81179,160,drift_rate,0.50
combined_micro_shift,ensemble_uncertainty_gate,2,0.82500,0.82258,0.82500,0.00000,0.00000,0.16250,0.54375,0.00000,1.09391,0.09017,0.30061,0.26306,0.15104,0.81185,160,drift_rate,0.50
combined_micro_shift,ensemble_uncertainty_gate,3,0.78125,0.77742,0.80000,0.00000,0.00000,0.16875,0.56250,0.00000,1.09731,0.08556,0.32699,0.26945,0.15608,0.76763,160,drift_rate,0.50
combined_micro_shift,ensemble_uncertainty_gate,4,0.79375,0.79355,0.75000,0.00625,0.00000,0.17500,0.50000,0.00000,1.09831,0.08903,0.32054,0.26517,0.15384,0.77449,160,drift_rate,0.50
combined_micro_shift,ensemble_uncertainty_gate,5,0.77500,0.77097,0.80000,0.00000,0.00000,0.16250,0.55000,0.00000,1.09450,0.08241,0.32512,0.26771,0.15230,0.76177,160,drift_rate,0.50
combined_micro_shift,ensemble_uncertainty_gate,6,0.82500,0.81935,0.82500,0.00000,0.00000,0.16875,0.55625,0.00000,1.09672,0.09469,0.29972,0.26718,0.15547,0.81146,160,drift_rate,0.50
combined_micro_shift,ensemble_uncertainty_gate,7,0.76250,0.75806,0.85000,0.00000,0.00000,0.18125,0.50000,0.00000,1.09462,0.09152,0.33034,0.27104,0.15385,0.74925,160,drift_rate,0.50
combined_micro_shift,ensemble_uncertainty_gate,8,0.81250,0.81935,0.80000,0.00000,0.00000,0.16250,0.57500,0.00000,1.09688,0.08783,0.30668,0.27000,0.15633,0.79894,160,drift_rate,0.50
combined_micro_shift,ensemble_uncertainty_gate,9,0.81250,0.81290,0.77500,0.00625,0.00000,0.17500,0.53125,0.00000,1.10128,0.08125,0.30376,0.26785,0.15413,0.79282,160,drift_rate,0.50
combined_micro_shift,bayesian_skill_survival,0,0.83750,0.83548,0.85000,0.00000,0.00000,0.20000,0.56250,0.00000,1.10544,0.11979,0.28267,0.28474,0.15409,0.82274,160,drift_rate,0.50
combined_micro_shift,bayesian_skill_survival,1,0.81875,0.81935,0.77500,0.00000,0.00000,0.19375,0.61875,0.00000,1.10916,0.12163,0.30126,0.28746,0.15603,0.80347,160,drift_rate,0.50
combined_micro_shift,bayesian_skill_survival,2,0.83125,0.82903,0.82500,0.00625,0.00000,0.20625,0.54375,0.00000,1.11059,0.11621,0.29363,0.27950,0.15090,0.81027,160,drift_rate,0.50
combined_micro_shift,bayesian_skill_survival,3,0.81875,0.82258,0.75000,0.00000,0.00000,0.20625,0.58750,0.00000,1.10944,0.11915,0.29985,0.28447,0.15306,0.80343,160,drift_rate,0.50
combined_micro_shift,bayesian_skill_survival,4,0.79375,0.79032,0.75000,0.00000,0.00000,0.20000,0.57500,0.00000,1.10662,0.11992,0.31804,0.28318,0.15683,0.77882,160,drift_rate,0.50
combined_micro_shift,bayesian_skill_survival,5,0.85625,0.85806,0.82500,0.00625,0.00000,0.18750,0.58750,0.00000,1.10987,0.11919,0.27738,0.28658,0.15693,0.83537,160,drift_rate,0.50
combined_micro_shift,bayesian_skill_survival,6,0.78750,0.78387,0.77500,0.00000,0.00000,0.20625,0.58125,0.00000,1.10884,0.11621,0.31615,0.28384,0.15566,0.77226,160,drift_rate,0.50
combined_micro_shift,bayesian_skill_survival,7,0.86875,0.86452,0.82500,0.00000,0.00000,0.21250,0.56875,0.00000,1.10928,0.11869,0.26629,0.28836,0.15539,0.85345,160,drift_rate,0.50
combined_micro_shift,bayesian_skill_survival,8,0.81250,0.81290,0.85000,0.00000,0.00000,0.20625,0.55000,0.00000,1.10587,0.11638,0.30833,0.28629,0.15585,0.79768,160,drift_rate,0.50
combined_micro_shift,bayesian_skill_survival,9,0.85625,0.85806,0.80000,0.00000,0.00000,0.21875,0.55000,0.00000,1.10913,0.11319,0.28417,0.28469,0.15473,0.84097,160,drift_rate,0.50
combined_micro_shift,cvar_lifetime_guard,0,0.81250,0.80645,0.82500,0.00000,0.00000,0.41875,0.56250,0.00000,1.16231,0.08779,0.29530,0.33378,0.10510,0.78978,160,drift_rate,0.50
combined_micro_shift,cvar_lifetime_guard,1,0.80625,0.80645,0.85000,0.00000,0.00000,0.45625,0.51875,0.00000,1.16791,0.08785,0.29923,0.33368,0.10139,0.78274,160,drift_rate,0.50
combined_micro_shift,cvar_lifetime_guard,2,0.85000,0.85484,0.80000,0.00000,0.00000,0.44375,0.51875,0.00000,1.16466,0.09078,0.27002,0.32832,0.10141,0.82695,160,drift_rate,0.50
combined_micro_shift,cvar_lifetime_guard,3,0.86875,0.86774,0.90000,0.00000,0.00000,0.45000,0.50625,0.00000,1.16509,0.09730,0.25803,0.33203,0.10117,0.84564,160,drift_rate,0.50
combined_micro_shift,cvar_lifetime_guard,4,0.81875,0.81935,0.82500,0.00000,0.00000,0.40625,0.55000,0.00000,1.15787,0.09539,0.28872,0.33116,0.10577,0.79665,160,drift_rate,0.50
combined_micro_shift,cvar_lifetime_guard,5,0.83125,0.82903,0.85000,0.00000,0.00000,0.44375,0.51875,0.00000,1.16466,0.09544,0.27798,0.33216,0.10110,0.80820,160,drift_rate,0.50
combined_micro_shift,cvar_lifetime_guard,6,0.79375,0.79677,0.77500,0.00000,0.00000,0.41875,0.55000,0.00000,1.16112,0.09045,0.30354,0.33098,0.10294,0.77119,160,drift_rate,0.50
combined_micro_shift,cvar_lifetime_guard,7,0.78125,0.79032,0.77500,0.00000,0.00000,0.45625,0.50625,0.00000,1.16672,0.08967,0.31529,0.33442,0.10046,0.75791,160,drift_rate,0.50
combined_micro_shift,cvar_lifetime_guard,8,0.85000,0.84516,0.82500,0.00000,0.00000,0.42500,0.55000,0.00000,1.16275,0.08591,0.27178,0.33469,0.10560,0.82721,160,drift_rate,0.50
combined_micro_shift,cvar_lifetime_guard,9,0.83750,0.83548,0.95000,0.00000,0.00000,0.43750,0.52500,0.00000,1.16363,0.07763,0.27739,0.33364,0.10563,0.81459,160,drift_rate,0.50
combined_micro_shift,skill_half_life_scheduler_v5,0,0.86250,0.86452,0.92500,0.00000,0.00000,0.15625,0.56250,0.00000,1.09406,0.13194,0.27260,0.27737,0.15082,0.84933,160,drift_rate,0.50
combined_micro_shift,skill_half_life_scheduler_v5,1,0.79375,0.79355,0.70000,0.00000,0.00000,0.14375,0.58125,0.00000,1.09259,0.12629,0.30929,0.28018,0.15275,0.78079,160,drift_rate,0.50
combined_micro_shift,skill_half_life_scheduler_v5,2,0.80000,0.80323,0.75000,0.00625,0.00000,0.16250,0.51250,0.00000,1.09625,0.12694,0.30533,0.27241,0.14906,0.78103,160,drift_rate,0.50
combined_micro_shift,skill_half_life_scheduler_v5,3,0.76250,0.76452,0.87500,0.00625,0.00000,0.14375,0.58125,0.00000,1.09791,0.12191,0.33597,0.27831,0.15237,0.74329,160,drift_rate,0.50
combined_micro_shift,skill_half_life_scheduler_v5,4,0.76875,0.76129,0.65000,0.00000,0.00000,0.15000,0.52500,0.00000,1.08888,0.13148,0.32431,0.27475,0.15201,0.75631,160,drift_rate,0.50
combined_micro_shift,skill_half_life_scheduler_v5,5,0.78750,0.78387,0.77500,0.00625,0.00000,0.14375,0.56250,0.00000,1.09613,0.12562,0.32178,0.27844,0.15203,0.76854,160,drift_rate,0.50
combined_micro_shift,skill_half_life_scheduler_v5,6,0.84375,0.84516,0.90000,0.00000,0.00000,0.15625,0.56250,0.00000,1.09406,0.13259,0.28030,0.27545,0.15081,0.83058,160,drift_rate,0.50
combined_micro_shift,skill_half_life_scheduler_v5,7,0.81250,0.81290,0.75000,0.00000,0.00000,0.15625,0.58125,0.00000,1.09584,0.13503,0.30381,0.28109,0.15154,0.79908,160,drift_rate,0.50
combined_micro_shift,skill_half_life_scheduler_v5,8,0.76875,0.76774,0.70000,0.00000,0.00000,0.15000,0.58125,0.00000,1.09422,0.12441,0.33357,0.27979,0.15436,0.75556,160,drift_rate,0.50
combined_micro_shift,skill_half_life_scheduler_v5,9,0.86875,0.87097,0.77500,0.00625,0.00000,0.16875,0.51250,0.00000,1.09787,0.12364,0.26618,0.27519,0.14715,0.84955,160,drift_rate,0.50
combined_micro_shift,oracle_shift_aware_scheduler,0,0.85000,0.85484,0.80000,0.00000,0.00000,0.19375,0.53125,0.00000,1.10084,0.00000,0.26862,0.18347,0.14522,0.83588,160,drift_rate,0.50
combined_micro_shift,oracle_shift_aware_scheduler,1,0.82500,0.81935,0.85000,0.00000,0.00000,0.20000,0.53125,0.00000,1.10247,0.00000,0.28256,0.18425,0.14343,0.81065,160,drift_rate,0.50
combined_micro_shift,oracle_shift_aware_scheduler,2,0.85000,0.85161,0.82500,0.00000,0.00000,0.20000,0.50000,0.00000,1.09950,0.00000,0.26823,0.17789,0.14077,0.83607,160,drift_rate,0.50
combined_micro_shift,oracle_shift_aware_scheduler,3,0.78125,0.78387,0.77500,0.00000,0.00000,0.18750,0.55625,0.00000,1.10159,0.00000,0.31034,0.18235,0.14423,0.76703,160,drift_rate,0.50
combined_micro_shift,oracle_shift_aware_scheduler,4,0.83125,0.83226,0.80000,0.00000,0.00000,0.18750,0.52500,0.00000,1.09863,0.00000,0.27254,0.17828,0.14105,0.81744,160,drift_rate,0.50
combined_micro_shift,oracle_shift_aware_scheduler,5,0.84375,0.84194,0.77500,0.00000,0.00000,0.18750,0.52500,0.00000,1.09862,0.00000,0.27338,0.18362,0.14554,0.82994,160,drift_rate,0.50
combined_micro_shift,oracle_shift_aware_scheduler,6,0.80625,0.80323,0.77500,0.00000,0.00000,0.20625,0.50625,0.00000,1.10172,0.00000,0.29112,0.18080,0.14338,0.79201,160,drift_rate,0.50
combined_micro_shift,oracle_shift_aware_scheduler,7,0.80000,0.80000,0.75000,0.00000,0.00000,0.20625,0.51250,0.00000,1.10231,0.00000,0.30322,0.18586,0.14331,0.78568,160,drift_rate,0.50
combined_micro_shift,oracle_shift_aware_scheduler,8,0.85625,0.85484,0.82500,0.00625,0.00000,0.20000,0.51250,0.00000,1.10600,0.00000,0.26052,0.18369,0.14387,0.83591,160,drift_rate,0.50
combined_micro_shift,oracle_shift_aware_scheduler,9,0.86250,0.86774,0.82500,0.00625,0.00000,0.18750,0.53750,0.00000,1.10512,0.00000,0.26423,0.18265,0.14494,0.84228,160,drift_rate,0.50
combined_micro_shift,domain_randomized_clone,0,0.50000,0.49677,0.30000,0.20625,0.57500,0.00000,0.00000,0.00000,1.17531,0.66499,0.43274,0.31233,0.39962,0.09846,160,drift_rate,0.75
combined_micro_shift,domain_randomized_clone,1,0.51250,0.51290,0.22500,0.23125,0.57500,0.00000,0.00000,0.00000,1.19656,0.66035,0.41386,0.30876,0.39821,0.08598,160,drift_rate,0.75
combined_micro_shift,domain_randomized_clone,2,0.49375,0.49677,0.22500,0.20625,0.56875,0.00000,0.00000,0.00000,1.17531,0.66729,0.43413,0.30650,0.39832,0.09433,160,drift_rate,0.75
combined_micro_shift,domain_randomized_clone,3,0.46250,0.45806,0.25000,0.23125,0.56875,0.00000,0.00000,0.00000,1.19656,0.67672,0.44027,0.31092,0.39973,0.03811,160,drift_rate,0.75
combined_micro_shift,domain_randomized_clone,4,0.51875,0.50968,0.37500,0.21875,0.59375,0.00000,0.00000,0.00000,1.18594,0.67257,0.43164,0.30870,0.39878,0.09834,160,drift_rate,0.75
combined_micro_shift,domain_randomized_clone,5,0.51250,0.51290,0.20000,0.18125,0.58125,0.00000,0.00000,0.00000,1.15406,0.66641,0.42364,0.31427,0.40212,0.13381,160,drift_rate,0.75
combined_micro_shift,domain_randomized_clone,6,0.53125,0.52903,0.22500,0.20625,0.58125,0.00000,0.00000,0.00000,1.17531,0.68066,0.42657,0.31366,0.40000,0.12758,160,drift_rate,0.75
combined_micro_shift,domain_randomized_clone,7,0.53125,0.52258,0.45000,0.15625,0.58125,0.00000,0.00000,0.00000,1.13281,0.67828,0.46061,0.31362,0.40027,0.17753,160,drift_rate,0.75
combined_micro_shift,domain_randomized_clone,8,0.53750,0.53871,0.40000,0.17500,0.58125,0.00000,0.00000,0.00000,1.14875,0.67888,0.44498,0.31148,0.39856,0.16505,160,drift_rate,0.75
combined_micro_shift,domain_randomized_clone,9,0.60000,0.60000,0.35000,0.21875,0.56875,0.00000,0.00000,0.00000,1.18594,0.67832,0.42185,0.30862,0.39821,0.18809,160,drift_rate,0.75
combined_micro_shift,conformal_risk_gate,0,0.78125,0.78065,0.72500,0.00000,0.00000,0.17500,0.52500,0.00000,1.09537,0.07138,0.32925,0.30014,0.15383,0.76790,160,drift_rate,0.75
combined_micro_shift,conformal_risk_gate,1,0.75000,0.75161,0.77500,0.00625,0.00000,0.16875,0.51250,0.00000,1.09787,0.07262,0.34371,0.29664,0.15252,0.73080,160,drift_rate,0.75
combined_micro_shift,conformal_risk_gate,2,0.85000,0.84839,0.80000,0.00000,0.00000,0.17500,0.50625,0.00000,1.09359,0.07303,0.28597,0.29315,0.15022,0.83690,160,drift_rate,0.75
combined_micro_shift,conformal_risk_gate,3,0.78750,0.78387,0.82500,0.00625,0.00000,0.17500,0.48750,0.00000,1.09712,0.07580,0.32706,0.29737,0.15123,0.76840,160,drift_rate,0.75
combined_micro_shift,conformal_risk_gate,4,0.83750,0.83226,0.85000,0.00625,0.00000,0.18125,0.49375,0.00000,1.09934,0.07319,0.28943,0.29628,0.15252,0.81809,160,drift_rate,0.75
combined_micro_shift,conformal_risk_gate,5,0.80000,0.80323,0.85000,0.00625,0.00000,0.17500,0.53750,0.00000,1.10188,0.07117,0.31963,0.30169,0.15549,0.78024,160,drift_rate,0.75
combined_micro_shift,conformal_risk_gate,6,0.81875,0.82258,0.77500,0.00000,0.00000,0.18125,0.51875,0.00000,1.09641,0.07688,0.30421,0.30054,0.15233,0.80525,160,drift_rate,0.75
combined_micro_shift,conformal_risk_gate,7,0.81875,0.82258,0.80000,0.00000,0.00000,0.17500,0.51875,0.00000,1.09478,0.07047,0.30693,0.29969,0.15095,0.80548,160,drift_rate,0.75
combined_micro_shift,conformal_risk_gate,8,0.83750,0.83871,0.85000,0.00000,0.00000,0.16875,0.54375,0.00000,1.09553,0.08026,0.29869,0.29841,0.15098,0.82413,160,drift_rate,0.75
combined_micro_shift,conformal_risk_gate,9,0.78750,0.78710,0.82500,0.00000,0.00000,0.17500,0.52500,0.00000,1.09537,0.07799,0.32258,0.29653,0.15264,0.77415,160,drift_rate,0.75
combined_micro_shift,ensemble_uncertainty_gate,0,0.86875,0.86452,0.87500,0.00000,0.00000,0.17500,0.53125,0.00000,1.09597,0.08123,0.27524,0.27169,0.15736,0.85531,160,drift_rate,0.75
combined_micro_shift,ensemble_uncertainty_gate,1,0.85625,0.85484,0.75000,0.00625,0.00000,0.15000,0.59375,0.00000,1.10072,0.07842,0.28630,0.26881,0.15731,0.83665,160,drift_rate,0.75
combined_micro_shift,ensemble_uncertainty_gate,2,0.76250,0.75806,0.75000,0.00000,0.00000,0.17500,0.54375,0.00000,1.09716,0.08562,0.33224,0.26427,0.15292,0.74890,160,drift_rate,0.75
combined_micro_shift,ensemble_uncertainty_gate,3,0.78125,0.78065,0.72500,0.00000,0.00000,0.16250,0.53750,0.00000,1.09331,0.08039,0.32479,0.26898,0.15488,0.76819,160,drift_rate,0.75
combined_micro_shift,ensemble_uncertainty_gate,4,0.75625,0.75484,0.72500,0.00000,0.00000,0.17500,0.55000,0.00000,1.09775,0.08475,0.33800,0.26853,0.15746,0.74257,160,drift_rate,0.75
combined_micro_shift,ensemble_uncertainty_gate,5,0.80625,0.80645,0.82500,0.00625,0.00000,0.15625,0.58125,0.00000,1.10116,0.08255,0.31708,0.27355,0.15967,0.78659,160,drift_rate,0.75
combined_micro_shift,ensemble_uncertainty_gate,6,0.81875,0.81613,0.80000,0.00625,0.00000,0.18125,0.53750,0.00000,1.10350,0.09223,0.30256,0.27060,0.15289,0.79876,160,drift_rate,0.75
combined_micro_shift,ensemble_uncertainty_gate,7,0.82500,0.82581,0.85000,0.00625,0.00000,0.18125,0.51250,0.00000,1.10113,0.08671,0.30247,0.26971,0.15146,0.80534,160,drift_rate,0.75
combined_micro_shift,ensemble_uncertainty_gate,8,0.80625,0.80323,0.80000,0.00000,0.00000,0.16250,0.56875,0.00000,1.09628,0.08821,0.31029,0.27075,0.15611,0.79277,160,drift_rate,0.75
combined_micro_shift,ensemble_uncertainty_gate,9,0.77500,0.77419,0.77500,0.00000,0.00000,0.17500,0.54375,0.00000,1.09716,0.08914,0.32665,0.26733,0.15467,0.76140,160,drift_rate,0.75
combined_micro_shift,bayesian_skill_survival,0,0.86250,0.85806,0.80000,0.00000,0.00000,0.21875,0.56875,0.00000,1.11091,0.12601,0.27393,0.28731,0.15551,0.84697,160,drift_rate,0.75
combined_micro_shift,bayesian_skill_survival,1,0.79375,0.79032,0.72500,0.00000,0.00000,0.20000,0.59375,0.00000,1.10841,0.12222,0.31441,0.28482,0.15627,0.77857,160,drift_rate,0.75
combined_micro_shift,bayesian_skill_survival,2,0.82500,0.82581,0.85000,0.00000,0.00000,0.20625,0.58750,0.00000,1.10944,0.11102,0.29941,0.28122,0.15374,0.80968,160,drift_rate,0.75
combined_micro_shift,bayesian_skill_survival,3,0.81250,0.81290,0.72500,0.00000,0.00000,0.20625,0.60000,0.00000,1.11062,0.11899,0.30707,0.28601,0.15590,0.79701,160,drift_rate,0.75
combined_micro_shift,bayesian_skill_survival,4,0.79375,0.79355,0.77500,0.01250,0.00000,0.20000,0.57500,0.00000,1.11725,0.11787,0.32213,0.28404,0.15540,0.76633,160,drift_rate,0.75
combined_micro_shift,bayesian_skill_survival,5,0.83125,0.83548,0.80000,0.00625,0.00000,0.20000,0.58750,0.00000,1.11312,0.12082,0.29504,0.28780,0.15512,0.80991,160,drift_rate,0.75
combined_micro_shift,bayesian_skill_survival,6,0.83125,0.82903,0.80000,0.00000,0.00000,0.21250,0.56875,0.00000,1.10928,0.12420,0.28879,0.28881,0.15627,0.81595,160,drift_rate,0.75
combined_micro_shift,bayesian_skill_survival,7,0.77500,0.77742,0.82500,0.00625,0.00000,0.20625,0.56250,0.00000,1.11238,0.12287,0.32684,0.28748,0.15393,0.75377,160,drift_rate,0.75
combined_micro_shift,bayesian_skill_survival,8,0.83125,0.83548,0.87500,0.00000,0.00000,0.20000,0.58750,0.00000,1.10781,0.11846,0.29747,0.28852,0.15861,0.81616,160,drift_rate,0.75
combined_micro_shift,bayesian_skill_survival,9,0.78750,0.79355,0.72500,0.00000,0.00000,0.20000,0.58125,0.00000,1.10722,0.11394,0.32054,0.28470,0.15634,0.77249,160,drift_rate,0.75
combined_micro_shift,cvar_lifetime_guard,0,0.83750,0.83548,0.82500,0.00625,0.00000,0.46250,0.51875,0.00000,1.17484,0.08846,0.27433,0.33378,0.10144,0.80752,160,drift_rate,0.75
combined_micro_shift,cvar_lifetime_guard,1,0.85625,0.86129,0.82500,0.00000,0.00000,0.46875,0.50625,0.00000,1.16997,0.09018,0.26116,0.32987,0.09932,0.83245,160,drift_rate,0.75
combined_micro_shift,cvar_lifetime_guard,2,0.85000,0.84839,0.92500,0.00000,0.00000,0.43125,0.51875,0.00000,1.16141,0.08273,0.26700,0.33074,0.10572,0.82740,160,drift_rate,0.75
combined_micro_shift,cvar_lifetime_guard,3,0.82500,0.82258,0.80000,0.00000,0.00000,0.48750,0.46875,0.00000,1.17128,0.08978,0.28537,0.33129,0.09939,0.80102,160,drift_rate,0.75
combined_micro_shift,cvar_lifetime_guard,4,0.84375,0.83871,0.87500,0.00000,0.00000,0.45000,0.51250,0.00000,1.16569,0.09146,0.27085,0.33064,0.10160,0.82055,160,drift_rate,0.75
combined_micro_shift,cvar_lifetime_guard,5,0.79375,0.79355,0.87500,0.00000,0.00000,0.48125,0.47500,0.00000,1.17025,0.09362,0.30453,0.33381,0.10006,0.76991,160,drift_rate,0.75
combined_micro_shift,cvar_lifetime_guard,6,0.78750,0.78710,0.85000,0.00000,0.00000,0.45625,0.50625,0.00000,1.16672,0.09125,0.30956,0.33441,0.10042,0.76416,160,drift_rate,0.75
combined_micro_shift,cvar_lifetime_guard,7,0.80000,0.79355,0.90000,0.00625,0.00000,0.46875,0.50000,0.00000,1.17469,0.08866,0.30096,0.33407,0.10006,0.77004,160,drift_rate,0.75
combined_micro_shift,cvar_lifetime_guard,8,0.79375,0.79355,0.72500,0.00000,0.00000,0.45000,0.52500,0.00000,1.16687,0.09188,0.30097,0.33287,0.10025,0.77039,160,drift_rate,0.75
combined_micro_shift,cvar_lifetime_guard,9,0.80625,0.80323,0.82500,0.00000,0.00000,0.47500,0.50000,0.00000,1.17100,0.09052,0.29833,0.33087,0.10166,0.78231,160,drift_rate,0.75
combined_micro_shift,skill_half_life_scheduler_v5,0,0.76875,0.76129,0.80000,0.00000,0.00000,0.15625,0.54375,0.00000,1.09228,0.12453,0.32424,0.28033,0.15343,0.75583,160,drift_rate,0.75
combined_micro_shift,skill_half_life_scheduler_v5,1,0.78125,0.78710,0.82500,0.00000,0.00000,0.15000,0.57500,0.00000,1.09363,0.12750,0.32151,0.27532,0.14966,0.76814,160,drift_rate,0.75
combined_micro_shift,skill_half_life_scheduler_v5,2,0.83125,0.82903,0.82500,0.00625,0.00000,0.15625,0.53125,0.00000,1.09641,0.12370,0.28170,0.27031,0.14478,0.81225,160,drift_rate,0.75
combined_micro_shift,skill_half_life_scheduler_v5,3,0.86875,0.86774,0.95000,0.00000,0.00000,0.16875,0.51250,0.00000,1.09256,0.13205,0.26123,0.27639,0.14850,0.85579,160,drift_rate,0.75
combined_micro_shift,skill_half_life_scheduler_v5,4,0.80000,0.79355,0.72500,0.00000,0.00000,0.15625,0.54375,0.00000,1.09228,0.13155,0.30419,0.27541,0.15053,0.78708,160,drift_rate,0.75
combined_micro_shift,skill_half_life_scheduler_v5,5,0.83125,0.82903,0.90000,0.00625,0.00000,0.15000,0.59375,0.00000,1.10072,0.11980,0.28702,0.27957,0.15077,0.81165,160,drift_rate,0.75
combined_micro_shift,skill_half_life_scheduler_v5,6,0.80625,0.80645,0.75000,0.00000,0.00000,0.16250,0.51250,0.00000,1.09094,0.12629,0.29779,0.28002,0.15035,0.79352,160,drift_rate,0.75
combined_micro_shift,skill_half_life_scheduler_v5,7,0.78750,0.78710,0.75000,0.01875,0.00000,0.15000,0.60625,0.00000,1.11253,0.12518,0.31720,0.28130,0.15337,0.75525,160,drift_rate,0.75
combined_micro_shift,skill_half_life_scheduler_v5,8,0.82500,0.82903,0.77500,0.00000,0.00000,0.16250,0.54375,0.00000,1.09391,0.12941,0.29085,0.27660,0.14679,0.81185,160,drift_rate,0.75
combined_micro_shift,skill_half_life_scheduler_v5,9,0.85625,0.85484,0.87500,0.00000,0.00000,0.15625,0.55625,0.00000,1.09347,0.12902,0.27179,0.27595,0.15122,0.84316,160,drift_rate,0.75
combined_micro_shift,oracle_shift_aware_scheduler,0,0.82500,0.81935,0.82500,0.00000,0.00000,0.20625,0.51250,0.00000,1.10231,0.00000,0.28530,0.18249,0.14232,0.81068,160,drift_rate,0.75
combined_micro_shift,oracle_shift_aware_scheduler,1,0.86875,0.86452,0.87500,0.00000,0.00000,0.19375,0.53125,0.00000,1.10084,0.00000,0.26255,0.18078,0.14317,0.85463,160,drift_rate,0.75
combined_micro_shift,oracle_shift_aware_scheduler,2,0.83125,0.83548,0.85000,0.00000,0.00000,0.20000,0.51250,0.00000,1.10069,0.00000,0.28334,0.18075,0.14304,0.81715,160,drift_rate,0.75
combined_micro_shift,oracle_shift_aware_scheduler,3,0.80000,0.80000,0.87500,0.00000,0.00000,0.20000,0.53125,0.00000,1.10247,0.00000,0.29963,0.18279,0.14146,0.78565,160,drift_rate,0.75
combined_micro_shift,oracle_shift_aware_scheduler,4,0.83750,0.83226,0.70000,0.00000,0.00000,0.19375,0.53125,0.00000,1.10084,0.00000,0.27890,0.18145,0.14250,0.82338,160,drift_rate,0.75
combined_micro_shift,oracle_shift_aware_scheduler,5,0.81250,0.81613,0.82500,0.00000,0.00000,0.18750,0.55625,0.00000,1.10159,0.00000,0.29482,0.18452,0.14461,0.79828,160,drift_rate,0.75
combined_micro_shift,oracle_shift_aware_scheduler,6,0.83750,0.83871,0.82500,0.00000,0.00000,0.18750,0.55625,0.00000,1.10159,0.00000,0.27050,0.18642,0.14462,0.82328,160,drift_rate,0.75
combined_micro_shift,oracle_shift_aware_scheduler,7,0.82500,0.82903,0.70000,0.00000,0.00000,0.19375,0.53125,0.00000,1.10084,0.00000,0.28729,0.18609,0.14454,0.81088,160,drift_rate,0.75
combined_micro_shift,oracle_shift_aware_scheduler,8,0.87500,0.87742,0.75000,0.00000,0.00000,0.19375,0.54375,0.00000,1.10203,0.00000,0.25231,0.18426,0.14374,0.86072,160,drift_rate,0.75
combined_micro_shift,oracle_shift_aware_scheduler,9,0.79375,0.79355,0.85000,0.00625,0.00000,0.18750,0.53750,0.00000,1.10512,0.00000,0.30921,0.18328,0.14436,0.77353,160,drift_rate,0.75
combined_micro_shift,domain_randomized_clone,0,0.52500,0.52581,0.27500,0.22500,0.57500,0.00000,0.00000,0.00000,1.19125,0.67657,0.41350,0.31580,0.40344,0.10473,160,drift_rate,1.00
combined_micro_shift,domain_randomized_clone,1,0.53750,0.53548,0.37500,0.23125,0.56875,0.00000,0.00000,0.00000,1.19656,0.68257,0.42846,0.31585,0.40277,0.11311,160,drift_rate,1.00
combined_micro_shift,domain_randomized_clone,2,0.41875,0.41290,0.27500,0.26875,0.56875,0.00000,0.00000,0.00000,1.22844,0.67268,0.45064,0.31626,0.40392,-0.04311,160,drift_rate,1.00
combined_micro_shift,domain_randomized_clone,3,0.49375,0.49032,0.25000,0.21250,0.61875,0.00000,0.00000,0.00000,1.18062,0.68736,0.42881,0.31616,0.40330,0.07109,160,drift_rate,1.00
combined_micro_shift,domain_randomized_clone,4,0.50625,0.50645,0.30000,0.20625,0.60625,0.00000,0.00000,0.00000,1.17531,0.69924,0.43011,0.31816,0.40388,0.09408,160,drift_rate,1.00
combined_micro_shift,domain_randomized_clone,5,0.46875,0.46774,0.25000,0.21875,0.60000,0.00000,0.00000,0.00000,1.18594,0.70302,0.43701,0.31909,0.40434,0.04622,160,drift_rate,1.00
combined_micro_shift,domain_randomized_clone,6,0.53750,0.53871,0.40000,0.21250,0.59375,0.00000,0.00000,0.00000,1.18062,0.69356,0.43850,0.31384,0.40118,0.12334,160,drift_rate,1.00
combined_micro_shift,domain_randomized_clone,7,0.50625,0.50645,0.15000,0.21875,0.58125,0.00000,0.00000,0.00000,1.18594,0.68985,0.42329,0.31647,0.40249,0.09009,160,drift_rate,1.00
combined_micro_shift,domain_randomized_clone,8,0.54375,0.54516,0.32500,0.17500,0.57500,0.00000,0.00000,0.00000,1.14875,0.69928,0.42696,0.31407,0.40077,0.17342,160,drift_rate,1.00
combined_micro_shift,domain_randomized_clone,9,0.46875,0.46774,0.27500,0.22500,0.56250,0.00000,0.00000,0.00000,1.19125,0.68648,0.44088,0.31465,0.40212,0.05272,160,drift_rate,1.00
combined_micro_shift,conformal_risk_gate,0,0.83750,0.83548,0.90000,0.00000,0.00000,0.16875,0.52500,0.00000,1.09375,0.07197,0.30338,0.30096,0.15234,0.82437,160,drift_rate,1.00
combined_micro_shift,conformal_risk_gate,1,0.78125,0.78065,0.80000,0.00000,0.00000,0.17500,0.53750,0.00000,1.09656,0.07791,0.32265,0.30138,0.15239,0.76773,160,drift_rate,1.00
combined_micro_shift,conformal_risk_gate,2,0.81250,0.81290,0.75000,0.00000,0.00000,0.17500,0.56250,0.00000,1.09894,0.07881,0.30885,0.30204,0.15403,0.79865,160,drift_rate,1.00
combined_micro_shift,conformal_risk_gate,3,0.78125,0.78065,0.77500,0.00000,0.00000,0.17500,0.53750,0.00000,1.09656,0.08210,0.32807,0.30301,0.15560,0.76773,160,drift_rate,1.00
combined_micro_shift,conformal_risk_gate,4,0.73750,0.72903,0.70000,0.01250,0.00000,0.19375,0.51250,0.00000,1.10969,0.08191,0.34868,0.30295,0.15199,0.71114,160,drift_rate,1.00
combined_micro_shift,conformal_risk_gate,5,0.84375,0.83871,0.87500,0.00000,0.00000,0.18125,0.52500,0.00000,1.09700,0.07612,0.29178,0.30244,0.14954,0.83017,160,drift_rate,1.00
combined_micro_shift,conformal_risk_gate,6,0.81250,0.81290,0.77500,0.01250,0.00000,0.16875,0.55625,0.00000,1.10734,0.07117,0.31046,0.30036,0.15276,0.78647,160,drift_rate,1.00
combined_micro_shift,conformal_risk_gate,7,0.78125,0.78065,0.77500,0.00000,0.00000,0.16875,0.56875,0.00000,1.09791,0.07930,0.33167,0.30520,0.15851,0.76754,160,drift_rate,1.00
combined_micro_shift,conformal_risk_gate,8,0.78750,0.79355,0.77500,0.00625,0.00000,0.18125,0.51875,0.00000,1.10172,0.08081,0.32494,0.30011,0.15138,0.76776,160,drift_rate,1.00
combined_micro_shift,conformal_risk_gate,9,0.78750,0.78065,0.77500,0.01250,0.00000,0.17500,0.55625,0.00000,1.10897,0.07387,0.32432,0.30092,0.15318,0.76124,160,drift_rate,1.00
combined_micro_shift,ensemble_uncertainty_gate,0,0.78125,0.78065,0.80000,0.00000,0.00000,0.18125,0.51250,0.00000,1.09581,0.08079,0.33138,0.27086,0.15258,0.76784,160,drift_rate,1.00
combined_micro_shift,ensemble_uncertainty_gate,1,0.77500,0.77419,0.75000,0.00000,0.00000,0.17500,0.56250,0.00000,1.09894,0.08441,0.33364,0.27239,0.15483,0.76115,160,drift_rate,1.00
combined_micro_shift,ensemble_uncertainty_gate,2,0.81875,0.81935,0.85000,0.01250,0.00000,0.17500,0.55625,0.00000,1.10897,0.09048,0.30777,0.27307,0.15650,0.79249,160,drift_rate,1.00
combined_micro_shift,ensemble_uncertainty_gate,3,0.82500,0.81935,0.75000,0.00625,0.00000,0.16875,0.55000,0.00000,1.10144,0.08684,0.30095,0.27418,0.15840,0.80530,160,drift_rate,1.00
combined_micro_shift,ensemble_uncertainty_gate,4,0.80000,0.80000,0.77500,0.00625,0.00000,0.18125,0.55625,0.00000,1.10528,0.08597,0.32308,0.27558,0.15772,0.77976,160,drift_rate,1.00
combined_micro_shift,ensemble_uncertainty_gate,5,0.80000,0.80000,0.75000,0.00000,0.00000,0.16875,0.55625,0.00000,1.09672,0.09117,0.30866,0.27539,0.15593,0.78646,160,drift_rate,1.00
combined_micro_shift,ensemble_uncertainty_gate,6,0.80000,0.80323,0.82500,0.00000,0.00000,0.16875,0.57500,0.00000,1.09850,0.08389,0.32258,0.27071,0.15388,0.78621,160,drift_rate,1.00
combined_micro_shift,ensemble_uncertainty_gate,7,0.78750,0.78387,0.80000,0.00000,0.00000,0.16875,0.57500,0.00000,1.09850,0.09999,0.32798,0.27580,0.16015,0.77371,160,drift_rate,1.00
combined_micro_shift,ensemble_uncertainty_gate,8,0.81875,0.81290,0.75000,0.00000,0.00000,0.18125,0.53125,0.00000,1.09759,0.09135,0.30564,0.27058,0.15277,0.80509,160,drift_rate,1.00
combined_micro_shift,ensemble_uncertainty_gate,9,0.81250,0.81290,0.80000,0.01250,0.00000,0.17500,0.55625,0.00000,1.10897,0.08517,0.30347,0.27267,0.15714,0.78624,160,drift_rate,1.00
combined_micro_shift,bayesian_skill_survival,0,0.74375,0.74194,0.70000,0.00000,0.00000,0.20000,0.61250,0.00000,1.11019,0.12129,0.34636,0.29113,0.16000,0.72832,160,drift_rate,1.00
combined_micro_shift,bayesian_skill_survival,1,0.79375,0.79032,0.77500,0.00625,0.00000,0.20625,0.58125,0.00000,1.11416,0.11797,0.31463,0.28876,0.15455,0.77227,160,drift_rate,1.00
combined_micro_shift,bayesian_skill_survival,2,0.83125,0.82903,0.77500,0.01250,0.00000,0.20625,0.58125,0.00000,1.11947,0.12343,0.29553,0.28951,0.15632,0.80352,160,drift_rate,1.00
combined_micro_shift,bayesian_skill_survival,3,0.81875,0.81613,0.77500,0.00000,0.00000,0.19375,0.61875,0.00000,1.10916,0.11585,0.30352,0.29085,0.15861,0.80347,160,drift_rate,1.00
combined_micro_shift,bayesian_skill_survival,4,0.81250,0.81290,0.85000,0.00625,0.00000,0.20625,0.61875,0.00000,1.11772,0.11847,0.30099,0.29172,0.15693,0.79052,160,drift_rate,1.00
combined_micro_shift,bayesian_skill_survival,5,0.86250,0.86452,0.87500,0.00000,0.00000,0.21250,0.60000,0.00000,1.11225,0.11428,0.27617,0.29102,0.15409,0.84679,160,drift_rate,1.00
combined_micro_shift,bayesian_skill_survival,6,0.81250,0.80968,0.85000,0.00000,0.00000,0.20000,0.60625,0.00000,1.10959,0.11473,0.30258,0.28931,0.15804,0.79716,160,drift_rate,1.00
combined_micro_shift,bayesian_skill_survival,7,0.84375,0.83871,0.82500,0.00000,0.00000,0.21875,0.59375,0.00000,1.11328,0.12168,0.28313,0.29028,0.15607,0.82789,160,drift_rate,1.00
combined_micro_shift,bayesian_skill_survival,8,0.84375,0.83871,0.85000,0.00625,0.00000,0.20625,0.60625,0.00000,1.11653,0.11326,0.28597,0.28930,0.15716,0.82194,160,drift_rate,1.00
combined_micro_shift,bayesian_skill_survival,9,0.79375,0.79677,0.80000,0.00000,0.00000,0.20625,0.60000,0.00000,1.11063,0.11471,0.31210,0.28832,0.15539,0.77826,160,drift_rate,1.00
combined_micro_shift,cvar_lifetime_guard,0,0.84375,0.84839,0.82500,0.00000,0.00000,0.50000,0.47500,0.00000,1.17512,0.08949,0.27273,0.33481,0.10032,0.81923,160,drift_rate,1.00
combined_micro_shift,cvar_lifetime_guard,1,0.83750,0.83226,0.82500,0.00000,0.00000,0.49375,0.47500,0.00000,1.17350,0.08414,0.27261,0.33534,0.10067,0.81321,160,drift_rate,1.00
combined_micro_shift,cvar_lifetime_guard,2,0.84375,0.83871,0.80000,0.00625,0.00000,0.48750,0.47500,0.00000,1.17719,0.09481,0.27255,0.33535,0.10097,0.81344,160,drift_rate,1.00
combined_micro_shift,cvar_lifetime_guard,3,0.75625,0.75161,0.80000,0.00625,0.00000,0.51250,0.43125,0.00000,1.17953,0.09510,0.32721,0.33594,0.10181,0.72562,160,drift_rate,1.00
combined_micro_shift,cvar_lifetime_guard,4,0.81875,0.81290,0.82500,0.00000,0.00000,0.50000,0.44375,0.00000,1.17216,0.09117,0.28553,0.33625,0.09891,0.79465,160,drift_rate,1.00
combined_micro_shift,cvar_lifetime_guard,5,0.83750,0.83548,0.90000,0.00000,0.00000,0.51250,0.45000,0.00000,1.17600,0.08977,0.27136,0.33691,0.09882,0.81286,160,drift_rate,1.00
combined_micro_shift,cvar_lifetime_guard,6,0.85625,0.86452,0.80000,0.00000,0.00000,0.46875,0.48750,0.00000,1.16819,0.08595,0.26683,0.33441,0.10123,0.83270,160,drift_rate,1.00
combined_micro_shift,cvar_lifetime_guard,7,0.87500,0.88065,0.87500,0.00625,0.00000,0.48750,0.48125,0.00000,1.17778,0.09655,0.25333,0.33609,0.10060,0.84461,160,drift_rate,1.00
combined_micro_shift,cvar_lifetime_guard,8,0.87500,0.87097,0.92500,0.00000,0.00000,0.45625,0.51250,0.00000,1.16731,0.08156,0.25389,0.33597,0.10348,0.85158,160,drift_rate,1.00
combined_micro_shift,cvar_lifetime_guard,9,0.83750,0.83548,0.85000,0.00000,0.00000,0.47500,0.50000,0.00000,1.17100,0.08883,0.27561,0.33579,0.10325,0.81356,160,drift_rate,1.00
combined_micro_shift,skill_half_life_scheduler_v5,0,0.77500,0.77419,0.82500,0.00625,0.00000,0.16250,0.53125,0.00000,1.09803,0.12417,0.32059,0.28061,0.15145,0.75578,160,drift_rate,1.00
combined_micro_shift,skill_half_life_scheduler_v5,1,0.87500,0.87419,0.87500,0.00000,0.00000,0.16250,0.55000,0.00000,1.09450,0.13051,0.26494,0.28043,0.14990,0.86177,160,drift_rate,1.00
combined_micro_shift,skill_half_life_scheduler_v5,2,0.78125,0.78065,0.80000,0.00625,0.00000,0.16250,0.54375,0.00000,1.09922,0.12638,0.31685,0.28072,0.15096,0.76186,160,drift_rate,1.00
combined_micro_shift,skill_half_life_scheduler_v5,3,0.78750,0.78710,0.80000,0.00625,0.00000,0.16250,0.53125,0.00000,1.09803,0.13603,0.30847,0.28088,0.15052,0.76828,160,drift_rate,1.00
combined_micro_shift,skill_half_life_scheduler_v5,4,0.80000,0.79677,0.77500,0.00625,0.00000,0.15625,0.58125,0.00000,1.10116,0.14491,0.31227,0.28319,0.15135,0.78034,160,drift_rate,1.00
combined_micro_shift,skill_half_life_scheduler_v5,5,0.80625,0.80645,0.77500,0.00000,0.00000,0.15625,0.56250,0.00000,1.09406,0.13066,0.30512,0.28363,0.15066,0.79308,160,drift_rate,1.00
combined_micro_shift,skill_half_life_scheduler_v5,6,0.81875,0.81613,0.75000,0.00000,0.00000,0.15625,0.56875,0.00000,1.09466,0.12745,0.29398,0.27947,0.15016,0.80550,160,drift_rate,1.00
combined_micro_shift,skill_half_life_scheduler_v5,7,0.78125,0.79032,0.72500,0.00000,0.00000,0.15625,0.55625,0.00000,1.09347,0.13285,0.32237,0.28283,0.15300,0.76816,160,drift_rate,1.00
combined_micro_shift,skill_half_life_scheduler_v5,8,0.86250,0.86129,0.87500,0.00000,0.00000,0.16250,0.55625,0.00000,1.09509,0.13530,0.27041,0.27969,0.14987,0.84919,160,drift_rate,1.00
combined_micro_shift,skill_half_life_scheduler_v5,9,0.82500,0.82258,0.80000,0.00000,0.00000,0.16250,0.53750,0.00000,1.09331,0.12754,0.29005,0.28015,0.15108,0.81194,160,drift_rate,1.00
combined_micro_shift,oracle_shift_aware_scheduler,0,0.85625,0.85484,0.77500,0.00000,0.00000,0.20000,0.53750,0.00000,1.10306,0.00000,0.26426,0.18651,0.14409,0.84182,160,drift_rate,1.00
combined_micro_shift,oracle_shift_aware_scheduler,1,0.86875,0.86774,0.82500,0.00000,0.00000,0.20625,0.53125,0.00000,1.10409,0.00000,0.25233,0.18612,0.14117,0.85418,160,drift_rate,1.00
combined_micro_shift,oracle_shift_aware_scheduler,2,0.86250,0.85806,0.77500,0.00625,0.00000,0.19375,0.54375,0.00000,1.10734,0.00000,0.25944,0.18657,0.14392,0.84197,160,drift_rate,1.00
combined_micro_shift,oracle_shift_aware_scheduler,3,0.82500,0.82581,0.72500,0.00000,0.00000,0.20000,0.55000,0.00000,1.10425,0.00000,0.28291,0.18720,0.14253,0.81040,160,drift_rate,1.00
combined_micro_shift,oracle_shift_aware_scheduler,4,0.86875,0.86452,0.80000,0.00000,0.00000,0.20000,0.53125,0.00000,1.10247,0.00000,0.25956,0.19073,0.14613,0.85440,160,drift_rate,1.00
combined_micro_shift,oracle_shift_aware_scheduler,5,0.84375,0.84194,0.85000,0.00000,0.00000,0.20000,0.55000,0.00000,1.10425,0.00000,0.27024,0.19242,0.14683,0.82915,160,drift_rate,1.00
combined_micro_shift,oracle_shift_aware_scheduler,6,0.77500,0.77097,0.70000,0.00000,0.00000,0.20000,0.53125,0.00000,1.10247,0.00000,0.31737,0.18687,0.14521,0.76065,160,drift_rate,1.00
combined_micro_shift,oracle_shift_aware_scheduler,7,0.81875,0.81935,0.85000,0.00000,0.00000,0.20625,0.51250,0.00000,1.10231,0.00000,0.29014,0.18855,0.14526,0.80443,160,drift_rate,1.00
combined_micro_shift,oracle_shift_aware_scheduler,8,0.83125,0.83871,0.82500,0.00000,0.00000,0.19375,0.54375,0.00000,1.10203,0.00000,0.28286,0.18856,0.14529,0.81697,160,drift_rate,1.00
combined_micro_shift,oracle_shift_aware_scheduler,9,0.81250,0.80968,0.75000,0.00000,0.00000,0.20000,0.50625,0.00000,1.10009,0.00000,0.29167,0.18589,0.14316,0.79849,160,drift_rate,1.00
combined_micro_shift,domain_randomized_clone,0,0.50625,0.50645,0.22500,0.22500,0.58125,0.00000,0.00000,0.00000,1.19125,0.69354,0.40399,0.32438,0.40770,0.08385,160,drift_rate,1.25
combined_micro_shift,domain_randomized_clone,1,0.51250,0.51290,0.12500,0.25625,0.58125,0.00000,0.00000,0.00000,1.21781,0.69557,0.40528,0.32437,0.40833,0.05888,160,drift_rate,1.25
combined_micro_shift,domain_randomized_clone,2,0.46875,0.46452,0.20000,0.25000,0.58125,0.00000,0.00000,0.00000,1.21250,0.70170,0.41967,0.32608,0.40881,0.02137,160,drift_rate,1.25
combined_micro_shift,domain_randomized_clone,3,0.50000,0.50000,0.27500,0.20625,0.60000,0.00000,0.00000,0.00000,1.17531,0.69843,0.42683,0.32232,0.40766,0.08996,160,drift_rate,1.25
combined_micro_shift,domain_randomized_clone,4,0.48125,0.48065,0.22500,0.21875,0.61250,0.00000,0.00000,0.00000,1.18594,0.69777,0.43271,0.32249,0.40739,0.05447,160,drift_rate,1.25
combined_micro_shift,domain_randomized_clone,5,0.50625,0.50645,0.22500,0.20625,0.60000,0.00000,0.00000,0.00000,1.17531,0.69466,0.42141,0.31818,0.40572,0.09621,160,drift_rate,1.25
combined_micro_shift,domain_randomized_clone,6,0.52500,0.52903,0.20000,0.21875,0.60625,0.00000,0.00000,0.00000,1.18594,0.69818,0.40976,0.31887,0.40420,0.10034,160,drift_rate,1.25
combined_micro_shift,domain_randomized_clone,7,0.46250,0.46129,0.22500,0.21875,0.58125,0.00000,0.00000,0.00000,1.18594,0.70538,0.44333,0.31927,0.40425,0.04634,160,drift_rate,1.25
combined_micro_shift,domain_randomized_clone,8,0.54375,0.54194,0.32500,0.20625,0.58125,0.00000,0.00000,0.00000,1.17531,0.70097,0.42118,0.31978,0.40515,0.14008,160,drift_rate,1.25
combined_micro_shift,domain_randomized_clone,9,0.45000,0.44516,0.27500,0.23750,0.58125,0.00000,0.00000,0.00000,1.20187,0.69735,0.43807,0.32276,0.40632,0.01511,160,drift_rate,1.25
combined_micro_shift,conformal_risk_gate,0,0.78750,0.79032,0.80000,0.00000,0.00000,0.18750,0.53125,0.00000,1.09922,0.07431,0.32349,0.30737,0.15223,0.77361,160,drift_rate,1.25
combined_micro_shift,conformal_risk_gate,1,0.86875,0.86774,0.80000,0.00000,0.00000,0.18125,0.53125,0.00000,1.09759,0.07588,0.27748,0.30635,0.15085,0.85509,160,drift_rate,1.25
combined_micro_shift,conformal_risk_gate,2,0.84375,0.84516,0.85000,0.00000,0.00000,0.18125,0.51875,0.00000,1.09641,0.07480,0.29300,0.30814,0.15146,0.83025,160,drift_rate,1.25
combined_micro_shift,conformal_risk_gate,3,0.76250,0.76129,0.65000,0.00625,0.00000,0.18125,0.51875,0.00000,1.10172,0.07759,0.33731,0.30378,0.14911,0.74276,160,drift_rate,1.25
combined_micro_shift,conformal_risk_gate,4,0.80625,0.80968,0.70000,0.00625,0.00000,0.18125,0.52500,0.00000,1.10231,0.07489,0.30701,0.30314,0.14722,0.78643,160,drift_rate,1.25
combined_micro_shift,conformal_risk_gate,5,0.78750,0.78710,0.72500,0.00000,0.00000,0.17500,0.54375,0.00000,1.09716,0.07596,0.32800,0.30305,0.15395,0.77390,160,drift_rate,1.25
combined_micro_shift,conformal_risk_gate,6,0.80625,0.80645,0.85000,0.01875,0.00000,0.16875,0.53750,0.00000,1.11088,0.07573,0.31544,0.30408,0.15319,0.77423,160,drift_rate,1.25
combined_micro_shift,conformal_risk_gate,7,0.68125,0.67742,0.57500,0.01250,0.00000,0.18750,0.48125,0.00000,1.10509,0.07936,0.38016,0.30453,0.15333,0.65554,160,drift_rate,1.25
combined_micro_shift,conformal_risk_gate,8,0.78125,0.78065,0.77500,0.02500,0.00000,0.18125,0.50000,0.00000,1.11588,0.07603,0.32854,0.30416,0.15245,0.74303,160,drift_rate,1.25
combined_micro_shift,conformal_risk_gate,9,0.75000,0.75161,0.72500,0.01250,0.00000,0.18750,0.52500,0.00000,1.10925,0.07448,0.34531,0.30578,0.15088,0.72370,160,drift_rate,1.25
combined_micro_shift,ensemble_uncertainty_gate,0,0.78750,0.79032,0.72500,0.00000,0.00000,0.18750,0.55625,0.00000,1.10159,0.08540,0.32739,0.27964,0.15719,0.77328,160,drift_rate,1.25
combined_micro_shift,ensemble_uncertainty_gate,1,0.78750,0.78710,0.72500,0.00625,0.00000,0.18125,0.55625,0.00000,1.10528,0.08362,0.32014,0.27743,0.15344,0.76726,160,drift_rate,1.25
combined_micro_shift,ensemble_uncertainty_gate,2,0.83125,0.83548,0.77500,0.00000,0.00000,0.18750,0.53125,0.00000,1.09922,0.08258,0.30251,0.27954,0.15473,0.81736,160,drift_rate,1.25
combined_micro_shift,ensemble_uncertainty_gate,3,0.83125,0.83226,0.90000,0.01250,0.00000,0.16250,0.58125,0.00000,1.10809,0.08773,0.30430,0.27839,0.15878,0.80512,160,drift_rate,1.25
combined_micro_shift,ensemble_uncertainty_gate,4,0.83125,0.82903,0.70000,0.00625,0.00000,0.18750,0.53750,0.00000,1.10513,0.08068,0.29350,0.27523,0.15185,0.81103,160,drift_rate,1.25
combined_micro_shift,ensemble_uncertainty_gate,5,0.78750,0.78387,0.80000,0.00625,0.00000,0.16875,0.56250,0.00000,1.10263,0.09087,0.32080,0.27556,0.15948,0.76763,160,drift_rate,1.25
combined_micro_shift,ensemble_uncertainty_gate,6,0.78125,0.78387,0.72500,0.00625,0.00000,0.16875,0.55000,0.00000,1.10144,0.08325,0.32613,0.27472,0.15491,0.76155,160,drift_rate,1.25
combined_micro_shift,ensemble_uncertainty_gate,7,0.85000,0.84516,0.90000,0.00000,0.00000,0.18125,0.52500,0.00000,1.09700,0.08756,0.28230,0.27509,0.15490,0.83642,160,drift_rate,1.25
combined_micro_shift,ensemble_uncertainty_gate,8,0.81250,0.81290,0.80000,0.00625,0.00000,0.17500,0.54375,0.00000,1.10247,0.08659,0.30836,0.27508,0.15473,0.79265,160,drift_rate,1.25
combined_micro_shift,ensemble_uncertainty_gate,9,0.75625,0.75806,0.70000,0.00625,0.00000,0.18125,0.56875,0.00000,1.10647,0.08537,0.33641,0.27789,0.15556,0.73584,160,drift_rate,1.25
combined_micro_shift,bayesian_skill_survival,0,0.77500,0.77419,0.67500,0.00625,0.00000,0.21250,0.57500,0.00000,1.11519,0.12567,0.32478,0.29542,0.15569,0.75337,160,drift_rate,1.25
combined_micro_shift,bayesian_skill_survival,1,0.79375,0.79032,0.82500,0.00000,0.00000,0.22500,0.58125,0.00000,1.11372,0.12202,0.30787,0.29411,0.15374,0.77783,160,drift_rate,1.25
combined_micro_shift,bayesian_skill_survival,2,0.83750,0.83226,0.82500,0.00000,0.00000,0.21250,0.60000,0.00000,1.11225,0.11781,0.29216,0.29659,0.15573,0.82178,160,drift_rate,1.25
combined_micro_shift,bayesian_skill_survival,3,0.83125,0.83226,0.82500,0.00000,0.00000,0.20625,0.60625,0.00000,1.11122,0.11392,0.29885,0.29312,0.15517,0.81568,160,drift_rate,1.25
combined_micro_shift,bayesian_skill_survival,4,0.83125,0.82581,0.72500,0.00000,0.00000,0.21250,0.58750,0.00000,1.11106,0.11665,0.29800,0.29472,0.15775,0.81570,160,drift_rate,1.25
combined_micro_shift,bayesian_skill_survival,5,0.83750,0.84194,0.87500,0.00000,0.00000,0.20000,0.60000,0.00000,1.10900,0.11758,0.29098,0.29160,0.15844,0.82224,160,drift_rate,1.25
combined_micro_shift,bayesian_skill_survival,6,0.81250,0.81935,0.85000,0.00000,0.00000,0.20625,0.60625,0.00000,1.11122,0.11642,0.30179,0.29226,0.15694,0.79693,160,drift_rate,1.25
combined_micro_shift,bayesian_skill_survival,7,0.83750,0.83871,0.85000,0.00000,0.00000,0.20625,0.62500,0.00000,1.11300,0.11176,0.29025,0.29348,0.15861,0.82168,160,drift_rate,1.25
combined_micro_shift,bayesian_skill_survival,8,0.83125,0.83226,0.87500,0.00000,0.00000,0.20000,0.59375,0.00000,1.10841,0.11782,0.30030,0.29423,0.15993,0.81607,160,drift_rate,1.25
combined_micro_shift,bayesian_skill_survival,9,0.78125,0.78065,0.75000,0.00000,0.00000,0.21250,0.62500,0.00000,1.11462,0.12119,0.32303,0.29566,0.15801,0.76520,160,drift_rate,1.25
combined_micro_shift,cvar_lifetime_guard,0,0.81875,0.82903,0.80000,0.00625,0.00000,0.50625,0.45625,0.00000,1.18028,0.09323,0.28716,0.34173,0.10127,0.78801,160,drift_rate,1.25
combined_micro_shift,cvar_lifetime_guard,1,0.86875,0.86452,0.85000,0.00000,0.00000,0.53750,0.42500,0.00000,1.18012,0.09616,0.25305,0.34009,0.09862,0.84353,160,drift_rate,1.25
combined_micro_shift,cvar_lifetime_guard,2,0.83125,0.82903,0.77500,0.00000,0.00000,0.55000,0.42500,0.00000,1.18338,0.08735,0.28236,0.34111,0.09768,0.80558,160,drift_rate,1.25
combined_micro_shift,cvar_lifetime_guard,3,0.79375,0.79032,0.80000,0.00000,0.00000,0.51250,0.43750,0.00000,1.17481,0.08951,0.30672,0.33919,0.10029,0.76928,160,drift_rate,1.25
combined_micro_shift,cvar_lifetime_guard,4,0.84375,0.83871,0.80000,0.00000,0.00000,0.54375,0.41250,0.00000,1.18056,0.08953,0.27202,0.33735,0.09593,0.81847,160,drift_rate,1.25
combined_micro_shift,cvar_lifetime_guard,5,0.83125,0.83548,0.82500,0.00000,0.00000,0.51875,0.44375,0.00000,1.17703,0.09487,0.28017,0.33493,0.09804,0.80647,160,drift_rate,1.25
combined_micro_shift,cvar_lifetime_guard,6,0.86875,0.87419,0.85000,0.00000,0.00000,0.48125,0.48125,0.00000,1.17084,0.08473,0.26015,0.33803,0.10143,0.84483,160,drift_rate,1.25
combined_micro_shift,cvar_lifetime_guard,7,0.85000,0.84839,0.95000,0.00000,0.00000,0.48750,0.47500,0.00000,1.17188,0.08465,0.26651,0.33774,0.10009,0.82594,160,drift_rate,1.25
combined_micro_shift,cvar_lifetime_guard,8,0.85625,0.85806,0.92500,0.00000,0.00000,0.48750,0.48125,0.00000,1.17247,0.08921,0.26511,0.33759,0.09964,0.83210,160,drift_rate,1.25
combined_micro_shift,cvar_lifetime_guard,9,0.78750,0.79032,0.72500,0.00000,0.00000,0.52500,0.44375,0.00000,1.17866,0.09538,0.31261,0.33982,0.09930,0.76249,160,drift_rate,1.25
combined_micro_shift,skill_half_life_scheduler_v5,0,0.81250,0.80968,0.90000,0.00000,0.00000,0.16875,0.53750,0.00000,1.09494,0.13136,0.30278,0.28760,0.15146,0.79921,160,drift_rate,1.25
combined_micro_shift,skill_half_life_scheduler_v5,1,0.78125,0.78065,0.77500,0.00000,0.00000,0.16250,0.56875,0.00000,1.09628,0.13161,0.31699,0.28688,0.15069,0.76777,160,drift_rate,1.25
combined_micro_shift,skill_half_life_scheduler_v5,2,0.80625,0.80645,0.80000,0.00000,0.00000,0.16875,0.52500,0.00000,1.09375,0.12695,0.30435,0.28685,0.14732,0.79312,160,drift_rate,1.25
combined_micro_shift,skill_half_life_scheduler_v5,3,0.79375,0.79355,0.80000,0.01250,0.00000,0.16250,0.56250,0.00000,1.10631,0.13522,0.31081,0.28634,0.15321,0.76787,160,drift_rate,1.25
combined_micro_shift,skill_half_life_scheduler_v5,4,0.82500,0.82581,0.82500,0.00625,0.00000,0.16875,0.57500,0.00000,1.10381,0.13613,0.29200,0.28536,0.15048,0.80497,160,drift_rate,1.25
combined_micro_shift,skill_half_life_scheduler_v5,5,0.75000,0.74194,0.70000,0.01250,0.00000,0.15625,0.57500,0.00000,1.10587,0.13199,0.34166,0.28283,0.15359,0.72418,160,drift_rate,1.25
combined_micro_shift,skill_half_life_scheduler_v5,6,0.80625,0.80000,0.75000,0.00625,0.00000,0.16875,0.54375,0.00000,1.10084,0.13208,0.29907,0.28369,0.15171,0.78663,160,drift_rate,1.25
combined_micro_shift,skill_half_life_scheduler_v5,7,0.75625,0.75484,0.72500,0.00000,0.00000,0.17500,0.51875,0.00000,1.09478,0.13720,0.32748,0.28383,0.15110,0.74298,160,drift_rate,1.25
combined_micro_shift,skill_half_life_scheduler_v5,8,0.83125,0.82581,0.72500,0.00000,0.00000,0.16875,0.51250,0.00000,1.09256,0.13227,0.28493,0.28131,0.14630,0.81829,160,drift_rate,1.25
combined_micro_shift,skill_half_life_scheduler_v5,9,0.78125,0.78065,0.75000,0.00000,0.00000,0.16875,0.54375,0.00000,1.09553,0.12786,0.32525,0.28698,0.15208,0.76788,160,drift_rate,1.25
combined_micro_shift,oracle_shift_aware_scheduler,0,0.86875,0.86452,0.87500,0.00625,0.00000,0.20625,0.54375,0.00000,1.11059,0.00000,0.25706,0.19380,0.14569,0.84777,160,drift_rate,1.25
combined_micro_shift,oracle_shift_aware_scheduler,1,0.89375,0.89032,0.87500,0.00000,0.00000,0.21250,0.51250,0.00000,1.10394,0.00000,0.23762,0.19265,0.14340,0.87920,160,drift_rate,1.25
combined_micro_shift,oracle_shift_aware_scheduler,2,0.89375,0.89355,0.82500,0.00000,0.00000,0.20625,0.52500,0.00000,1.10350,0.00000,0.23960,0.19479,0.14406,0.87926,160,drift_rate,1.25
combined_micro_shift,oracle_shift_aware_scheduler,3,0.75625,0.76129,0.57500,0.00000,0.00000,0.21250,0.51875,0.00000,1.10453,0.00000,0.32970,0.19368,0.14692,0.74162,160,drift_rate,1.25
combined_micro_shift,oracle_shift_aware_scheduler,4,0.86875,0.86452,0.90000,0.00000,0.00000,0.20000,0.53750,0.00000,1.10306,0.00000,0.25996,0.19305,0.14698,0.85432,160,drift_rate,1.25
combined_micro_shift,oracle_shift_aware_scheduler,5,0.81875,0.81290,0.77500,0.01250,0.00000,0.20625,0.52500,0.00000,1.11413,0.00000,0.28581,0.18955,0.14469,0.79177,160,drift_rate,1.25
combined_micro_shift,oracle_shift_aware_scheduler,6,0.80625,0.80645,0.80000,0.00625,0.00000,0.21250,0.49375,0.00000,1.10747,0.00000,0.29644,0.19086,0.14551,0.78570,160,drift_rate,1.25
combined_micro_shift,oracle_shift_aware_scheduler,7,0.81250,0.81290,0.70000,0.00000,0.00000,0.20000,0.53750,0.00000,1.10306,0.00000,0.29125,0.19236,0.14646,0.79807,160,drift_rate,1.25
combined_micro_shift,oracle_shift_aware_scheduler,8,0.80000,0.80323,0.72500,0.00000,0.00000,0.20625,0.53125,0.00000,1.10409,0.00000,0.29979,0.19135,0.14453,0.78543,160,drift_rate,1.25
combined_micro_shift,oracle_shift_aware_scheduler,9,0.83125,0.82581,0.80000,0.00000,0.00000,0.20000,0.54375,0.00000,1.10366,0.00000,0.27924,0.19307,0.14678,0.81674,160,drift_rate,1.25
combined_micro_shift,domain_randomized_clone,0,0.48750,0.47742,0.30000,0.20000,0.59375,0.00000,0.00000,0.00000,1.17000,0.71407,0.42553,0.32516,0.40893,0.08582,160,drift_rate,1.50
combined_micro_shift,domain_randomized_clone,1,0.44375,0.43871,0.15000,0.25000,0.59375,0.00000,0.00000,0.00000,1.21250,0.71249,0.44262,0.32772,0.41045,-0.00788,160,drift_rate,1.50
combined_micro_shift,domain_randomized_clone,2,0.51250,0.50968,0.20000,0.25625,0.59375,0.00000,0.00000,0.00000,1.21781,0.71045,0.40349,0.32323,0.40895,0.05463,160,drift_rate,1.50
combined_micro_shift,domain_randomized_clone,3,0.49375,0.49355,0.25000,0.23125,0.60000,0.00000,0.00000,0.00000,1.19656,0.70103,0.44273,0.32638,0.41067,0.05873,160,drift_rate,1.50
combined_micro_shift,domain_randomized_clone,4,0.51875,0.51935,0.17500,0.21875,0.61250,0.00000,0.00000,0.00000,1.18594,0.70166,0.40292,0.33071,0.41272,0.09197,160,drift_rate,1.50
combined_micro_shift,domain_randomized_clone,5,0.50000,0.50323,0.30000,0.20625,0.61250,0.00000,0.00000,0.00000,1.17531,0.70813,0.43624,0.32215,0.40808,0.08571,160,drift_rate,1.50
combined_micro_shift,domain_randomized_clone,6,0.48125,0.47742,0.27500,0.26250,0.60625,0.00000,0.00000,0.00000,1.22313,0.72799,0.43764,0.32653,0.40849,0.01289,160,drift_rate,1.50
combined_micro_shift,domain_randomized_clone,7,0.53125,0.53548,0.30000,0.21875,0.59375,0.00000,0.00000,0.00000,1.18594,0.71056,0.44327,0.32221,0.40717,0.11084,160,drift_rate,1.50
combined_micro_shift,domain_randomized_clone,8,0.56875,0.57742,0.17500,0.18750,0.59375,0.00000,0.00000,0.00000,1.15938,0.72516,0.41297,0.32198,0.40637,0.17956,160,drift_rate,1.50
combined_micro_shift,domain_randomized_clone,9,0.46875,0.46774,0.17500,0.21250,0.58125,0.00000,0.00000,0.00000,1.18062,0.70489,0.41529,0.32690,0.40936,0.05884,160,drift_rate,1.50
combined_micro_shift,conformal_risk_gate,0,0.73750,0.73548,0.82500,0.00000,0.00000,0.18125,0.55625,0.00000,1.09997,0.07372,0.35327,0.30979,0.15671,0.72350,160,drift_rate,1.50
combined_micro_shift,conformal_risk_gate,1,0.76875,0.76774,0.72500,0.00000,0.00000,0.19375,0.52500,0.00000,1.10025,0.07761,0.32274,0.31053,0.15456,0.75472,160,drift_rate,1.50
combined_micro_shift,conformal_risk_gate,2,0.76875,0.76774,0.77500,0.00000,0.00000,0.19375,0.50000,0.00000,1.09788,0.07466,0.33341,0.30513,0.15129,0.75505,160,drift_rate,1.50
combined_micro_shift,conformal_risk_gate,3,0.79375,0.79677,0.72500,0.01250,0.00000,0.19375,0.51250,0.00000,1.10969,0.07764,0.31936,0.30655,0.14950,0.76739,160,drift_rate,1.50
combined_micro_shift,conformal_risk_gate,4,0.79375,0.79355,0.77500,0.00000,0.00000,0.19375,0.56250,0.00000,1.10381,0.07723,0.32591,0.31132,0.15241,0.77922,160,drift_rate,1.50
combined_micro_shift,conformal_risk_gate,5,0.79375,0.78710,0.82500,0.00625,0.00000,0.18750,0.51250,0.00000,1.10275,0.07556,0.32276,0.30434,0.15097,0.77387,160,drift_rate,1.50
combined_micro_shift,conformal_risk_gate,6,0.78750,0.78710,0.77500,0.00625,0.00000,0.19375,0.48125,0.00000,1.10141,0.08647,0.32444,0.30907,0.15212,0.76780,160,drift_rate,1.50
combined_micro_shift,conformal_risk_gate,7,0.78125,0.77419,0.87500,0.01250,0.00000,0.18125,0.53125,0.00000,1.10822,0.07477,0.32610,0.30687,0.15504,0.75510,160,drift_rate,1.50
combined_micro_shift,conformal_risk_gate,8,0.84375,0.84194,0.85000,0.00000,0.00000,0.18750,0.53125,0.00000,1.09922,0.07953,0.29257,0.30499,0.15089,0.82986,160,drift_rate,1.50
combined_micro_shift,conformal_risk_gate,9,0.78750,0.79032,0.75000,0.00625,0.00000,0.18750,0.55625,0.00000,1.10691,0.08012,0.32253,0.30965,0.15340,0.76703,160,drift_rate,1.50
combined_micro_shift,ensemble_uncertainty_gate,0,0.79375,0.79355,0.80000,0.00000,0.00000,0.18125,0.55625,0.00000,1.09997,0.08126,0.32065,0.28050,0.15857,0.77975,160,drift_rate,1.50
combined_micro_shift,ensemble_uncertainty_gate,1,0.80625,0.80968,0.82500,0.00625,0.00000,0.17500,0.60625,0.00000,1.10841,0.08259,0.32406,0.28322,0.16040,0.78557,160,drift_rate,1.50
combined_micro_shift,ensemble_uncertainty_gate,2,0.80625,0.80645,0.80000,0.00625,0.00000,0.18750,0.56250,0.00000,1.10750,0.08487,0.31521,0.27561,0.15272,0.78570,160,drift_rate,1.50
combined_micro_shift,ensemble_uncertainty_gate,3,0.78750,0.78387,0.77500,0.00000,0.00000,0.18750,0.55000,0.00000,1.10100,0.08383,0.32089,0.27925,0.15536,0.77336,160,drift_rate,1.50
combined_micro_shift,ensemble_uncertainty_gate,4,0.80000,0.80000,0.80000,0.00625,0.00000,0.19375,0.55000,0.00000,1.10794,0.09144,0.31662,0.28255,0.15535,0.77939,160,drift_rate,1.50
combined_micro_shift,ensemble_uncertainty_gate,5,0.78125,0.78065,0.75000,0.00000,0.00000,0.17500,0.56875,0.00000,1.09953,0.07640,0.32690,0.27853,0.15982,0.76732,160,drift_rate,1.50
combined_micro_shift,ensemble_uncertainty_gate,6,0.76250,0.76774,0.70000,0.00000,0.00000,0.18125,0.55000,0.00000,1.09937,0.09716,0.33494,0.28106,0.15654,0.74859,160,drift_rate,1.50
combined_micro_shift,ensemble_uncertainty_gate,7,0.78125,0.77419,0.85000,0.00000,0.00000,0.16875,0.58125,0.00000,1.09909,0.08389,0.32660,0.28003,0.16179,0.76738,160,drift_rate,1.50
combined_micro_shift,ensemble_uncertainty_gate,8,0.78125,0.78387,0.75000,0.01875,0.00000,0.16875,0.56875,0.00000,1.11384,0.08447,0.32210,0.27760,0.15659,0.74881,160,drift_rate,1.50
combined_micro_shift,ensemble_uncertainty_gate,9,0.80625,0.80645,0.77500,0.00000,0.00000,0.18125,0.57500,0.00000,1.10175,0.08787,0.31059,0.28005,0.15466,0.79201,160,drift_rate,1.50
combined_micro_shift,bayesian_skill_survival,0,0.82500,0.82581,0.80000,0.00000,0.00000,0.21875,0.56250,0.00000,1.11031,0.11582,0.29208,0.29674,0.15799,0.80956,160,drift_rate,1.50
combined_micro_shift,bayesian_skill_survival,1,0.81250,0.81290,0.90000,0.00000,0.00000,0.22500,0.58125,0.00000,1.11372,0.11853,0.30663,0.29809,0.15712,0.79658,160,drift_rate,1.50
combined_micro_shift,bayesian_skill_survival,2,0.85625,0.85484,0.87500,0.00000,0.00000,0.21875,0.59375,0.00000,1.11328,0.10733,0.27807,0.29267,0.15372,0.84039,160,drift_rate,1.50
combined_micro_shift,bayesian_skill_survival,3,0.85625,0.86129,0.87500,0.00625,0.00000,0.21875,0.58125,0.00000,1.11741,0.12379,0.27428,0.29707,0.15793,0.83431,160,drift_rate,1.50
combined_micro_shift,bayesian_skill_survival,4,0.81875,0.81935,0.85000,0.00000,0.00000,0.23125,0.57500,0.00000,1.11475,0.12863,0.30859,0.29960,0.15636,0.80268,160,drift_rate,1.50
combined_micro_shift,bayesian_skill_survival,5,0.85625,0.85484,0.92500,0.00000,0.00000,0.20625,0.61250,0.00000,1.11181,0.11134,0.27764,0.29363,0.15690,0.84060,160,drift_rate,1.50
combined_micro_shift,bayesian_skill_survival,6,0.82500,0.82903,0.82500,0.00000,0.00000,0.23125,0.60000,0.00000,1.11713,0.11490,0.29862,0.29742,0.15620,0.80860,160,drift_rate,1.50
combined_micro_shift,bayesian_skill_survival,7,0.79375,0.78710,0.85000,0.00000,0.00000,0.21875,0.59375,0.00000,1.11328,0.11410,0.31340,0.29316,0.15499,0.77789,160,drift_rate,1.50
combined_micro_shift,bayesian_skill_survival,8,0.82500,0.83226,0.80000,0.00625,0.00000,0.20625,0.60000,0.00000,1.11594,0.10343,0.29691,0.29565,0.15963,0.80327,160,drift_rate,1.50
combined_micro_shift,bayesian_skill_survival,9,0.82500,0.82903,0.75000,0.00000,0.00000,0.21875,0.58750,0.00000,1.11269,0.11839,0.30195,0.29643,0.15429,0.80922,160,drift_rate,1.50
combined_micro_shift,cvar_lifetime_guard,0,0.85000,0.85484,0.82500,0.00000,0.00000,0.52500,0.45625,0.00000,1.17984,0.08737,0.26757,0.34106,0.09957,0.82482,160,drift_rate,1.50
combined_micro_shift,cvar_lifetime_guard,1,0.79375,0.79032,0.77500,0.00625,0.00000,0.54375,0.42500,0.00000,1.18706,0.08594,0.30235,0.34249,0.09881,0.76206,160,drift_rate,1.50
combined_micro_shift,cvar_lifetime_guard,2,0.83125,0.83548,0.90000,0.00000,0.00000,0.53750,0.41875,0.00000,1.17953,0.08089,0.27894,0.33932,0.09999,0.80612,160,drift_rate,1.50
combined_micro_shift,cvar_lifetime_guard,3,0.81875,0.81613,0.80000,0.01250,0.00000,0.55000,0.41250,0.00000,1.19281,0.09391,0.28480,0.34027,0.09727,0.78076,160,drift_rate,1.50
combined_micro_shift,cvar_lifetime_guard,4,0.86250,0.86129,0.87500,0.00000,0.00000,0.56250,0.38750,0.00000,1.18306,0.10089,0.25573,0.34328,0.09665,0.83687,160,drift_rate,1.50
combined_micro_shift,cvar_lifetime_guard,5,0.85625,0.86129,0.80000,0.00000,0.00000,0.50625,0.45625,0.00000,1.17497,0.08602,0.26275,0.33827,0.09919,0.83175,160,drift_rate,1.50
combined_micro_shift,cvar_lifetime_guard,6,0.85000,0.84516,0.82500,0.00000,0.00000,0.50625,0.45625,0.00000,1.17497,0.08606,0.26669,0.34294,0.10020,0.82550,160,drift_rate,1.50
combined_micro_shift,cvar_lifetime_guard,7,0.80000,0.80000,0.67500,0.00000,0.00000,0.50625,0.46875,0.00000,1.17616,0.08068,0.29882,0.33885,0.09928,0.77534,160,drift_rate,1.50
combined_micro_shift,cvar_lifetime_guard,8,0.85000,0.85484,0.92500,0.00000,0.00000,0.51250,0.45000,0.00000,1.17600,0.07255,0.26401,0.33802,0.09729,0.82536,160,drift_rate,1.50
combined_micro_shift,cvar_lifetime_guard,9,0.85000,0.84839,0.75000,0.00000,0.00000,0.52500,0.45000,0.00000,1.17925,0.09954,0.26647,0.34163,0.09768,0.82490,160,drift_rate,1.50
combined_micro_shift,skill_half_life_scheduler_v5,0,0.78125,0.77419,0.75000,0.00625,0.00000,0.18125,0.53750,0.00000,1.10350,0.13891,0.31828,0.28750,0.15137,0.76126,160,drift_rate,1.50
combined_micro_shift,skill_half_life_scheduler_v5,1,0.80625,0.81290,0.77500,0.00000,0.00000,0.16875,0.55625,0.00000,1.09672,0.13868,0.30512,0.29174,0.15564,0.79271,160,drift_rate,1.50
combined_micro_shift,skill_half_life_scheduler_v5,2,0.79375,0.79032,0.82500,0.00000,0.00000,0.17500,0.51875,0.00000,1.09478,0.13183,0.31367,0.28303,0.14649,0.78048,160,drift_rate,1.50
combined_micro_shift,skill_half_life_scheduler_v5,3,0.77500,0.77419,0.77500,0.00000,0.00000,0.16875,0.55000,0.00000,1.09613,0.12792,0.31445,0.28687,0.14941,0.76154,160,drift_rate,1.50
combined_micro_shift,skill_half_life_scheduler_v5,4,0.78125,0.78065,0.77500,0.00625,0.00000,0.18125,0.53750,0.00000,1.10350,0.12456,0.31873,0.29174,0.15192,0.76126,160,drift_rate,1.50
combined_micro_shift,skill_half_life_scheduler_v5,5,0.76250,0.75484,0.82500,0.00000,0.00000,0.17500,0.55625,0.00000,1.09834,0.13785,0.32646,0.28462,0.15129,0.74873,160,drift_rate,1.50
combined_micro_shift,skill_half_life_scheduler_v5,6,0.84375,0.83871,0.85000,0.00000,0.00000,0.17500,0.52500,0.00000,1.09537,0.14438,0.27855,0.28747,0.14745,0.83040,160,drift_rate,1.50
combined_micro_shift,skill_half_life_scheduler_v5,7,0.80625,0.80968,0.85000,0.00625,0.00000,0.16250,0.54375,0.00000,1.09922,0.13820,0.30669,0.28433,0.14964,0.78686,160,drift_rate,1.50
combined_micro_shift,skill_half_life_scheduler_v5,8,0.80000,0.80323,0.75000,0.00000,0.00000,0.15625,0.57500,0.00000,1.09525,0.14262,0.31230,0.28731,0.15471,0.78667,160,drift_rate,1.50
combined_micro_shift,skill_half_life_scheduler_v5,9,0.78125,0.78387,0.72500,0.00625,0.00000,0.16875,0.58750,0.00000,1.10500,0.13108,0.32106,0.29103,0.15484,0.76105,160,drift_rate,1.50
combined_micro_shift,oracle_shift_aware_scheduler,0,0.88125,0.88065,0.85000,0.00000,0.00000,0.21250,0.51250,0.00000,1.10394,0.00000,0.24808,0.19600,0.14539,0.86670,160,drift_rate,1.50
combined_micro_shift,oracle_shift_aware_scheduler,1,0.81875,0.81935,0.67500,0.00000,0.00000,0.21250,0.52500,0.00000,1.10512,0.00000,0.28671,0.19761,0.14515,0.80403,160,drift_rate,1.50
combined_micro_shift,oracle_shift_aware_scheduler,2,0.81875,0.81290,0.80000,0.00625,0.00000,0.20625,0.53125,0.00000,1.10941,0.00000,0.28962,0.19469,0.14581,0.79793,160,drift_rate,1.50
combined_micro_shift,oracle_shift_aware_scheduler,3,0.78750,0.79032,0.77500,0.00000,0.00000,0.21250,0.51875,0.00000,1.10453,0.00000,0.30127,0.19568,0.14603,0.77287,160,drift_rate,1.50
combined_micro_shift,oracle_shift_aware_scheduler,4,0.76250,0.75806,0.77500,0.00000,0.00000,0.21875,0.52500,0.00000,1.10675,0.00000,0.31706,0.19796,0.14588,0.74755,160,drift_rate,1.50
combined_micro_shift,oracle_shift_aware_scheduler,5,0.86875,0.86452,0.92500,0.00000,0.00000,0.21250,0.53125,0.00000,1.10572,0.00000,0.25870,0.19401,0.14646,0.85395,160,drift_rate,1.50
combined_micro_shift,oracle_shift_aware_scheduler,6,0.88750,0.88710,0.87500,0.00000,0.00000,0.21250,0.52500,0.00000,1.10512,0.00000,0.24692,0.19883,0.14648,0.87278,160,drift_rate,1.50
combined_micro_shift,oracle_shift_aware_scheduler,7,0.81250,0.81290,0.82500,0.00000,0.00000,0.20625,0.55625,0.00000,1.10647,0.00000,0.29423,0.19389,0.14641,0.79759,160,drift_rate,1.50
combined_micro_shift,oracle_shift_aware_scheduler,8,0.81250,0.81290,0.82500,0.00000,0.00000,0.20625,0.51875,0.00000,1.10291,0.00000,0.29031,0.19497,0.14476,0.79809,160,drift_rate,1.50
combined_micro_shift,oracle_shift_aware_scheduler,9,0.86875,0.86774,0.85000,0.00000,0.00000,0.20625,0.53125,0.00000,1.10409,0.00000,0.25451,0.19431,0.14350,0.85418,160,drift_rate,1.50
combined_micro_shift,domain_randomized_clone,0,0.50625,0.50323,0.27500,0.21250,0.56875,0.00000,0.00000,0.00000,1.18063,0.67811,0.44248,0.29540,0.39301,0.10059,160,sensor_noise,0.00
combined_micro_shift,domain_randomized_clone,1,0.52500,0.51935,0.27500,0.19375,0.55000,0.00000,0.00000,0.00000,1.16469,0.66817,0.43540,0.29643,0.39467,0.14444,160,sensor_noise,0.00
combined_micro_shift,domain_randomized_clone,2,0.51250,0.50323,0.27500,0.18750,0.56250,0.00000,0.00000,0.00000,1.15938,0.65525,0.42069,0.29123,0.39248,0.13394,160,sensor_noise,0.00
combined_micro_shift,domain_randomized_clone,3,0.54375,0.54516,0.37500,0.18125,0.58750,0.00000,0.00000,0.00000,1.15406,0.67529,0.42706,0.30037,0.39671,0.16293,160,sensor_noise,0.00
combined_micro_shift,domain_randomized_clone,4,0.49375,0.49677,0.25000,0.21250,0.58750,0.00000,0.00000,0.00000,1.18062,0.65926,0.43068,0.29211,0.39268,0.08171,160,sensor_noise,0.00
combined_micro_shift,domain_randomized_clone,5,0.50625,0.50645,0.25000,0.17500,0.58125,0.00000,0.00000,0.00000,1.14875,0.66586,0.41063,0.29266,0.39278,0.13380,160,sensor_noise,0.00
combined_micro_shift,domain_randomized_clone,6,0.50000,0.49032,0.35000,0.18750,0.57500,0.00000,0.00000,0.00000,1.15938,0.67851,0.45183,0.29717,0.39402,0.11719,160,sensor_noise,0.00
combined_micro_shift,domain_randomized_clone,7,0.46250,0.46452,0.20000,0.21250,0.57500,0.00000,0.00000,0.00000,1.18062,0.65843,0.41973,0.29143,0.39144,0.05471,160,sensor_noise,0.00
combined_micro_shift,domain_randomized_clone,8,0.48125,0.48065,0.30000,0.19375,0.56250,0.00000,0.00000,0.00000,1.16469,0.67198,0.43600,0.29485,0.39258,0.09644,160,sensor_noise,0.00
combined_micro_shift,domain_randomized_clone,9,0.46875,0.47097,0.22500,0.19375,0.56250,0.00000,0.00000,0.00000,1.16469,0.66108,0.44124,0.29275,0.39240,0.08394,160,sensor_noise,0.00
combined_micro_shift,conformal_risk_gate,0,0.80000,0.80000,0.82500,0.00625,0.00000,0.15625,0.49375,0.00000,1.09284,0.07825,0.31804,0.27259,0.15450,0.78150,160,sensor_noise,0.00
combined_micro_shift,conformal_risk_gate,1,0.78125,0.77742,0.82500,0.00625,0.00000,0.16250,0.48750,0.00000,1.09388,0.07433,0.33026,0.27239,0.15370,0.76261,160,sensor_noise,0.00
combined_micro_shift,conformal_risk_gate,2,0.79375,0.78710,0.80000,0.01875,0.00000,0.15625,0.48750,0.00000,1.10288,0.07209,0.31014,0.26640,0.14993,0.76285,160,sensor_noise,0.00
combined_micro_shift,conformal_risk_gate,3,0.80625,0.81290,0.77500,0.00000,0.00000,0.16875,0.48750,0.00000,1.09019,0.07501,0.31765,0.27466,0.15238,0.79362,160,sensor_noise,0.00
combined_micro_shift,conformal_risk_gate,4,0.84375,0.84839,0.80000,0.00625,0.00000,0.16875,0.48125,0.00000,1.09491,0.07407,0.29285,0.26724,0.15004,0.82496,160,sensor_noise,0.00
combined_micro_shift,conformal_risk_gate,5,0.80000,0.80323,0.77500,0.00625,0.00000,0.15000,0.50000,0.00000,1.09181,0.07674,0.31834,0.26859,0.15172,0.78165,160,sensor_noise,0.00
combined_micro_shift,conformal_risk_gate,6,0.81250,0.80645,0.77500,0.00000,0.00000,0.16250,0.50625,0.00000,1.09034,0.07565,0.31272,0.27261,0.15197,0.79985,160,sensor_noise,0.00
combined_micro_shift,conformal_risk_gate,7,0.76875,0.77097,0.72500,0.01250,0.00000,0.16250,0.48125,0.00000,1.09859,0.06980,0.33224,0.26793,0.15154,0.74395,160,sensor_noise,0.00
combined_micro_shift,conformal_risk_gate,8,0.73750,0.74194,0.65000,0.00625,0.00000,0.16250,0.49375,0.00000,1.09447,0.07440,0.35473,0.27179,0.15355,0.71877,160,sensor_noise,0.00
combined_micro_shift,conformal_risk_gate,9,0.79375,0.79032,0.77500,0.00000,0.00000,0.16250,0.51875,0.00000,1.09153,0.07171,0.31734,0.26958,0.15318,0.78094,160,sensor_noise,0.00
combined_micro_shift,ensemble_uncertainty_gate,0,0.81250,0.81290,0.77500,0.00000,0.00000,0.15625,0.53125,0.00000,1.09109,0.07608,0.31089,0.24610,0.15627,0.79975,160,sensor_noise,0.00
combined_micro_shift,ensemble_uncertainty_gate,1,0.79375,0.79355,0.85000,0.00000,0.00000,0.15625,0.53125,0.00000,1.09109,0.07564,0.32887,0.24551,0.15467,0.78100,160,sensor_noise,0.00
combined_micro_shift,ensemble_uncertainty_gate,2,0.78750,0.78387,0.72500,0.00625,0.00000,0.15000,0.53750,0.00000,1.09537,0.07414,0.31908,0.24075,0.15340,0.76865,160,sensor_noise,0.00
combined_micro_shift,ensemble_uncertainty_gate,3,0.76250,0.76452,0.72500,0.00000,0.00000,0.15625,0.53125,0.00000,1.09109,0.07523,0.33578,0.24979,0.15738,0.74975,160,sensor_noise,0.00
combined_micro_shift,ensemble_uncertainty_gate,4,0.78125,0.77419,0.77500,0.00000,0.00000,0.16250,0.51250,0.00000,1.09094,0.07258,0.31853,0.24060,0.15151,0.76852,160,sensor_noise,0.00
combined_micro_shift,ensemble_uncertainty_gate,5,0.82500,0.82581,0.72500,0.00000,0.00000,0.15000,0.52500,0.00000,1.08888,0.07695,0.29840,0.24237,0.15404,0.81256,160,sensor_noise,0.00
combined_micro_shift,ensemble_uncertainty_gate,6,0.81875,0.82258,0.85000,0.00625,0.00000,0.16250,0.51250,0.00000,1.09625,0.08100,0.29945,0.24669,0.15489,0.79978,160,sensor_noise,0.00
combined_micro_shift,ensemble_uncertainty_gate,7,0.85000,0.85484,0.87500,0.00625,0.00000,0.15625,0.51250,0.00000,1.09462,0.07430,0.29084,0.24320,0.15686,0.83125,160,sensor_noise,0.00
combined_micro_shift,ensemble_uncertainty_gate,8,0.82500,0.82258,0.82500,0.01250,0.00000,0.15625,0.52500,0.00000,1.10113,0.07843,0.29813,0.24586,0.15644,0.79984,160,sensor_noise,0.00
combined_micro_shift,ensemble_uncertainty_gate,9,0.80000,0.79677,0.85000,0.00625,0.00000,0.15625,0.56250,0.00000,1.09937,0.07428,0.31647,0.24268,0.15410,0.78059,160,sensor_noise,0.00
combined_micro_shift,bayesian_skill_survival,0,0.83125,0.83548,0.80000,0.00625,0.00000,0.18125,0.56875,0.00000,1.10647,0.05376,0.29227,0.26021,0.15601,0.81084,160,sensor_noise,0.00
combined_micro_shift,bayesian_skill_survival,1,0.83750,0.83548,0.87500,0.00625,0.00000,0.18125,0.56875,0.00000,1.10647,0.05301,0.28670,0.25952,0.15420,0.81709,160,sensor_noise,0.00
combined_micro_shift,bayesian_skill_survival,2,0.86875,0.86774,0.85000,0.00625,0.00000,0.18125,0.56250,0.00000,1.10587,0.05270,0.27014,0.25638,0.15613,0.84843,160,sensor_noise,0.00
combined_micro_shift,bayesian_skill_survival,3,0.78750,0.79032,0.85000,0.00000,0.00000,0.18125,0.55625,0.00000,1.09997,0.05864,0.31851,0.26064,0.15059,0.77350,160,sensor_noise,0.00
combined_micro_shift,bayesian_skill_survival,4,0.80000,0.80000,0.85000,0.00625,0.00000,0.17500,0.55000,0.00000,1.10306,0.05491,0.31375,0.25621,0.15423,0.78007,160,sensor_noise,0.00
combined_micro_shift,bayesian_skill_survival,5,0.74375,0.73871,0.72500,0.00000,0.00000,0.16875,0.54375,0.00000,1.09553,0.05536,0.35204,0.25638,0.15356,0.73038,160,sensor_noise,0.00
combined_micro_shift,bayesian_skill_survival,6,0.84375,0.84839,0.75000,0.00625,0.00000,0.18125,0.56250,0.00000,1.10587,0.05466,0.28568,0.26027,0.15354,0.82343,160,sensor_noise,0.00
combined_micro_shift,bayesian_skill_survival,7,0.81875,0.81935,0.67500,0.00000,0.00000,0.18125,0.54375,0.00000,1.09878,0.05514,0.29516,0.25421,0.15032,0.80492,160,sensor_noise,0.00
combined_micro_shift,bayesian_skill_survival,8,0.80000,0.79355,0.77500,0.00000,0.00000,0.18125,0.54375,0.00000,1.09878,0.04951,0.30388,0.25815,0.15253,0.78617,160,sensor_noise,0.00
combined_micro_shift,bayesian_skill_survival,9,0.85625,0.85161,0.82500,0.00625,0.00000,0.18125,0.56250,0.00000,1.10587,0.05223,0.27460,0.25561,0.15150,0.83593,160,sensor_noise,0.00
combined_micro_shift,cvar_lifetime_guard,0,0.81250,0.80645,0.75000,0.00000,0.00000,0.30625,0.58750,0.00000,1.13544,0.04685,0.30091,0.30884,0.11768,0.79354,160,sensor_noise,0.00
combined_micro_shift,cvar_lifetime_guard,1,0.81875,0.81613,0.75000,0.00000,0.00000,0.31875,0.58750,0.00000,1.13869,0.04506,0.29417,0.30846,0.11659,0.79933,160,sensor_noise,0.00
combined_micro_shift,cvar_lifetime_guard,2,0.83750,0.83226,0.97500,0.00000,0.00000,0.27500,0.62500,0.00000,1.13088,0.04198,0.28262,0.30458,0.11701,0.81918,160,sensor_noise,0.00
combined_micro_shift,cvar_lifetime_guard,3,0.83125,0.83226,0.80000,0.00000,0.00000,0.31250,0.57500,0.00000,1.13587,0.05247,0.28366,0.31181,0.11742,0.81223,160,sensor_noise,0.00
combined_micro_shift,cvar_lifetime_guard,4,0.82500,0.82258,0.77500,0.00000,0.00000,0.28750,0.58125,0.00000,1.12997,0.04873,0.29125,0.30491,0.11609,0.80680,160,sensor_noise,0.00
combined_micro_shift,cvar_lifetime_guard,5,0.85000,0.84839,0.82500,0.00000,0.00000,0.26875,0.62500,0.00000,1.12925,0.04755,0.27779,0.30802,0.12135,0.83191,160,sensor_noise,0.00
combined_micro_shift,cvar_lifetime_guard,6,0.82500,0.82258,0.87500,0.00000,0.00000,0.30000,0.60000,0.00000,1.13500,0.04516,0.29477,0.30941,0.11630,0.80610,160,sensor_noise,0.00
combined_micro_shift,cvar_lifetime_guard,7,0.82500,0.82903,0.85000,0.00000,0.00000,0.28750,0.63750,0.00000,1.13531,0.04680,0.29058,0.30553,0.11748,0.80606,160,sensor_noise,0.00
combined_micro_shift,cvar_lifetime_guard,8,0.78750,0.78710,0.77500,0.00000,0.00000,0.30000,0.60625,0.00000,1.13559,0.04641,0.31582,0.30825,0.11721,0.76852,160,sensor_noise,0.00
combined_micro_shift,cvar_lifetime_guard,9,0.80000,0.79677,0.77500,0.00000,0.00000,0.28750,0.61250,0.00000,1.13294,0.04710,0.30770,0.30671,0.11817,0.78139,160,sensor_noise,0.00
combined_micro_shift,skill_half_life_scheduler_v5,0,0.78125,0.77742,0.82500,0.01250,0.00000,0.14375,0.55000,0.00000,1.10025,0.14264,0.32085,0.25384,0.15355,0.75621,160,sensor_noise,0.00
combined_micro_shift,skill_half_life_scheduler_v5,1,0.75625,0.75161,0.77500,0.00000,0.00000,0.15000,0.53125,0.00000,1.08947,0.13534,0.32770,0.25275,0.15080,0.74372,160,sensor_noise,0.00
combined_micro_shift,skill_half_life_scheduler_v5,2,0.84375,0.84516,0.82500,0.00000,0.00000,0.14375,0.55000,0.00000,1.08962,0.12737,0.27765,0.24739,0.14931,0.83120,160,sensor_noise,0.00
combined_micro_shift,skill_half_life_scheduler_v5,3,0.75000,0.74839,0.67500,0.00000,0.00000,0.15000,0.54375,0.00000,1.09066,0.13363,0.33413,0.25660,0.15196,0.73731,160,sensor_noise,0.00
combined_micro_shift,skill_half_life_scheduler_v5,4,0.83750,0.83548,0.77500,0.00000,0.00000,0.13750,0.53125,0.00000,1.08622,0.13750,0.28470,0.24902,0.15078,0.82543,160,sensor_noise,0.00
combined_micro_shift,skill_half_life_scheduler_v5,5,0.83750,0.83226,0.82500,0.00000,0.00000,0.15000,0.53125,0.00000,1.08947,0.13282,0.27970,0.24921,0.15021,0.82497,160,sensor_noise,0.00
combined_micro_shift,skill_half_life_scheduler_v5,6,0.84375,0.83871,0.90000,0.00000,0.00000,0.15000,0.52500,0.00000,1.08888,0.13510,0.28083,0.25389,0.15083,0.83131,160,sensor_noise,0.00
combined_micro_shift,skill_half_life_scheduler_v5,7,0.76875,0.76452,0.72500,0.00625,0.00000,0.15000,0.55625,0.00000,1.09716,0.13255,0.32191,0.24975,0.15258,0.74965,160,sensor_noise,0.00
combined_micro_shift,skill_half_life_scheduler_v5,8,0.82500,0.82581,0.85000,0.00625,0.00000,0.15000,0.54375,0.00000,1.09597,0.13665,0.29167,0.25220,0.15104,0.80606,160,sensor_noise,0.00
combined_micro_shift,skill_half_life_scheduler_v5,9,0.86250,0.86129,0.87500,0.00000,0.00000,0.15625,0.53125,0.00000,1.09109,0.13031,0.26785,0.24870,0.14857,0.84975,160,sensor_noise,0.00
combined_micro_shift,oracle_shift_aware_scheduler,0,0.83125,0.82903,0.80000,0.00000,0.00000,0.18750,0.53125,0.00000,1.09922,0.00000,0.28417,0.18121,0.14491,0.81736,160,sensor_noise,0.00
combined_micro_shift,oracle_shift_aware_scheduler,1,0.86250,0.86452,0.90000,0.00000,0.00000,0.19375,0.51875,0.00000,1.09966,0.00000,0.26098,0.18075,0.14385,0.84855,160,sensor_noise,0.00
combined_micro_shift,oracle_shift_aware_scheduler,2,0.84375,0.84194,0.80000,0.00000,0.00000,0.18125,0.53750,0.00000,1.09819,0.00000,0.27118,0.17526,0.14210,0.83000,160,sensor_noise,0.00
combined_micro_shift,oracle_shift_aware_scheduler,3,0.84375,0.83871,0.82500,0.00000,0.00000,0.18750,0.52500,0.00000,1.09863,0.00000,0.26781,0.18327,0.14293,0.82994,160,sensor_noise,0.00
combined_micro_shift,oracle_shift_aware_scheduler,4,0.84375,0.84194,0.75000,0.00000,0.00000,0.18750,0.51250,0.00000,1.09744,0.00000,0.26714,0.17707,0.14436,0.83011,160,sensor_noise,0.00
combined_micro_shift,oracle_shift_aware_scheduler,5,0.79375,0.79032,0.72500,0.00000,0.00000,0.19375,0.52500,0.00000,1.10025,0.00000,0.29828,0.17736,0.14362,0.77971,160,sensor_noise,0.00
combined_micro_shift,oracle_shift_aware_scheduler,6,0.80625,0.80323,0.82500,0.00000,0.00000,0.18750,0.53125,0.00000,1.09922,0.00000,0.29072,0.18368,0.14775,0.79236,160,sensor_noise,0.00
combined_micro_shift,oracle_shift_aware_scheduler,7,0.85000,0.84839,0.72500,0.01250,0.00000,0.18750,0.52500,0.00000,1.10925,0.00000,0.26358,0.17671,0.14451,0.82370,160,sensor_noise,0.00
combined_micro_shift,oracle_shift_aware_scheduler,8,0.84375,0.84516,0.72500,0.00000,0.00000,0.18125,0.53750,0.00000,1.09819,0.00000,0.26837,0.18042,0.14465,0.83000,160,sensor_noise,0.00
combined_micro_shift,oracle_shift_aware_scheduler,9,0.84375,0.83871,0.92500,0.00000,0.00000,0.18750,0.53125,0.00000,1.09922,0.00000,0.27745,0.17790,0.14479,0.82986,160,sensor_noise,0.00
combined_micro_shift,domain_randomized_clone,0,0.48125,0.47419,0.30000,0.21250,0.55625,0.00000,0.00000,0.00000,1.18062,0.65713,0.44925,0.30303,0.39433,0.07984,160,sensor_noise,0.25
combined_micro_shift,domain_randomized_clone,1,0.40625,0.40645,0.22500,0.21875,0.55625,0.00000,0.00000,0.00000,1.18594,0.66006,0.45966,0.30317,0.39537,-0.00141,160,sensor_noise,0.25
combined_micro_shift,domain_randomized_clone,2,0.49375,0.49032,0.27500,0.23750,0.56875,0.00000,0.00000,0.00000,1.20187,0.65131,0.43126,0.30382,0.39590,0.06311,160,sensor_noise,0.25
combined_micro_shift,domain_randomized_clone,3,0.46875,0.47419,0.12500,0.22500,0.57500,0.00000,0.00000,0.00000,1.19125,0.64869,0.42065,0.30184,0.39511,0.04847,160,sensor_noise,0.25
combined_micro_shift,domain_randomized_clone,4,0.49375,0.49355,0.30000,0.17500,0.57500,0.00000,0.00000,0.00000,1.14875,0.67157,0.43963,0.30524,0.39630,0.12342,160,sensor_noise,0.25
combined_micro_shift,domain_randomized_clone,5,0.43125,0.42903,0.17500,0.22500,0.58125,0.00000,0.00000,0.00000,1.19125,0.67350,0.44792,0.30097,0.39328,0.00885,160,sensor_noise,0.25
combined_micro_shift,domain_randomized_clone,6,0.48125,0.48065,0.32500,0.20625,0.57500,0.00000,0.00000,0.00000,1.17531,0.66020,0.44169,0.30178,0.39385,0.07971,160,sensor_noise,0.25
combined_micro_shift,domain_randomized_clone,7,0.52500,0.52258,0.30000,0.20000,0.57500,0.00000,0.00000,0.00000,1.17000,0.66382,0.41935,0.29889,0.39258,0.12970,160,sensor_noise,0.25
combined_micro_shift,domain_randomized_clone,8,0.43750,0.43548,0.15000,0.23750,0.56875,0.00000,0.00000,0.00000,1.20187,0.66608,0.43549,0.30227,0.39419,0.00686,160,sensor_noise,0.25
combined_micro_shift,domain_randomized_clone,9,0.51250,0.50968,0.15000,0.21250,0.55625,0.00000,0.00000,0.00000,1.18062,0.66550,0.41151,0.30004,0.39240,0.11109,160,sensor_noise,0.25
combined_micro_shift,conformal_risk_gate,0,0.86250,0.85806,0.85000,0.00625,0.00000,0.16875,0.49375,0.00000,1.09609,0.07496,0.27961,0.28740,0.15081,0.84355,160,sensor_noise,0.25
combined_micro_shift,conformal_risk_gate,1,0.80625,0.80645,0.77500,0.00000,0.00000,0.16250,0.53125,0.00000,1.09272,0.07156,0.31752,0.28869,0.15418,0.79327,160,sensor_noise,0.25
combined_micro_shift,conformal_risk_gate,2,0.75625,0.75484,0.75000,0.00000,0.00000,0.17500,0.50000,0.00000,1.09300,0.07276,0.33980,0.28741,0.15076,0.74323,160,sensor_noise,0.25
combined_micro_shift,conformal_risk_gate,3,0.78125,0.77742,0.80000,0.00000,0.00000,0.17500,0.46875,0.00000,1.09003,0.07112,0.32740,0.28494,0.14906,0.76865,160,sensor_noise,0.25
combined_micro_shift,conformal_risk_gate,4,0.81875,0.81935,0.82500,0.00000,0.00000,0.16875,0.51250,0.00000,1.09256,0.07260,0.30864,0.28908,0.15168,0.80579,160,sensor_noise,0.25
combined_micro_shift,conformal_risk_gate,5,0.67500,0.67419,0.75000,0.00000,0.00000,0.16875,0.47500,0.00000,1.08900,0.07493,0.39173,0.28764,0.15435,0.66254,160,sensor_noise,0.25
combined_micro_shift,conformal_risk_gate,6,0.80000,0.80000,0.75000,0.00000,0.00000,0.16250,0.51250,0.00000,1.09094,0.06781,0.32000,0.28876,0.15554,0.78727,160,sensor_noise,0.25
combined_micro_shift,conformal_risk_gate,7,0.75000,0.74839,0.72500,0.00000,0.00000,0.16250,0.49375,0.00000,1.08916,0.06898,0.33993,0.28423,0.15097,0.73752,160,sensor_noise,0.25
combined_micro_shift,conformal_risk_gate,8,0.80000,0.79677,0.85000,0.00000,0.00000,0.16250,0.51875,0.00000,1.09153,0.06973,0.31500,0.28779,0.15294,0.78719,160,sensor_noise,0.25
combined_micro_shift,conformal_risk_gate,9,0.83125,0.83548,0.82500,0.00625,0.00000,0.16250,0.51250,0.00000,1.09625,0.07482,0.30061,0.28677,0.15363,0.81228,160,sensor_noise,0.25
combined_micro_shift,ensemble_uncertainty_gate,0,0.81875,0.81613,0.85000,0.00000,0.00000,0.16250,0.52500,0.00000,1.09213,0.08407,0.30220,0.25938,0.15341,0.80585,160,sensor_noise,0.25
combined_micro_shift,ensemble_uncertainty_gate,1,0.75625,0.75806,0.80000,0.00625,0.00000,0.15625,0.54375,0.00000,1.09759,0.08296,0.34875,0.26007,0.15556,0.73709,160,sensor_noise,0.25
combined_micro_shift,ensemble_uncertainty_gate,2,0.75000,0.75161,0.65000,0.01250,0.00000,0.16250,0.52500,0.00000,1.10275,0.08247,0.34728,0.26007,0.15476,0.72462,160,sensor_noise,0.25
combined_micro_shift,ensemble_uncertainty_gate,3,0.85625,0.85484,0.80000,0.00000,0.00000,0.16250,0.51875,0.00000,1.09153,0.07742,0.28117,0.25865,0.15511,0.84344,160,sensor_noise,0.25
combined_micro_shift,ensemble_uncertainty_gate,4,0.76875,0.76129,0.85000,0.00000,0.00000,0.16250,0.54375,0.00000,1.09391,0.07539,0.32833,0.26101,0.15421,0.75560,160,sensor_noise,0.25
combined_micro_shift,ensemble_uncertainty_gate,5,0.83125,0.82581,0.85000,0.00000,0.00000,0.16250,0.51250,0.00000,1.09094,0.08113,0.29575,0.25878,0.15527,0.81852,160,sensor_noise,0.25
combined_micro_shift,ensemble_uncertainty_gate,6,0.86250,0.86129,0.85000,0.00000,0.00000,0.15625,0.57500,0.00000,1.09525,0.07995,0.28493,0.26120,0.15905,0.84917,160,sensor_noise,0.25
combined_micro_shift,ensemble_uncertainty_gate,7,0.78750,0.79032,0.75000,0.00000,0.00000,0.15625,0.53750,0.00000,1.09169,0.07763,0.32922,0.25743,0.15600,0.77466,160,sensor_noise,0.25
combined_micro_shift,ensemble_uncertainty_gate,8,0.77500,0.77419,0.72500,0.00000,0.00000,0.16250,0.54375,0.00000,1.09391,0.08300,0.32305,0.26029,0.15657,0.76185,160,sensor_noise,0.25
combined_micro_shift,ensemble_uncertainty_gate,9,0.85000,0.84516,0.87500,0.00000,0.00000,0.15625,0.53750,0.00000,1.09169,0.08412,0.28294,0.25913,0.15697,0.83716,160,sensor_noise,0.25
combined_micro_shift,bayesian_skill_survival,0,0.83750,0.83548,0.82500,0.00000,0.00000,0.19375,0.56875,0.00000,1.10441,0.10267,0.29192,0.27472,0.15249,0.82288,160,sensor_noise,0.25
combined_micro_shift,bayesian_skill_survival,1,0.76250,0.75806,0.75000,0.00625,0.00000,0.19375,0.55625,0.00000,1.10853,0.10029,0.33713,0.27417,0.15213,0.74181,160,sensor_noise,0.25
combined_micro_shift,bayesian_skill_survival,2,0.79375,0.79032,0.72500,0.00000,0.00000,0.19375,0.60000,0.00000,1.10737,0.10502,0.31163,0.27576,0.15450,0.77872,160,sensor_noise,0.25
combined_micro_shift,bayesian_skill_survival,3,0.80625,0.80645,0.77500,0.01250,0.00000,0.19375,0.56250,0.00000,1.11444,0.09784,0.30410,0.27365,0.15345,0.77923,160,sensor_noise,0.25
combined_micro_shift,bayesian_skill_survival,4,0.82500,0.82581,0.85000,0.00000,0.00000,0.20000,0.57500,0.00000,1.10662,0.09497,0.29281,0.27491,0.15039,0.81007,160,sensor_noise,0.25
combined_micro_shift,bayesian_skill_survival,5,0.82500,0.82258,0.87500,0.00000,0.00000,0.19375,0.54375,0.00000,1.10203,0.09069,0.30372,0.27374,0.15358,0.81072,160,sensor_noise,0.25
combined_micro_shift,bayesian_skill_survival,6,0.86250,0.86774,0.82500,0.00625,0.00000,0.19375,0.56875,0.00000,1.10972,0.09874,0.27788,0.27505,0.15511,0.84164,160,sensor_noise,0.25
combined_micro_shift,bayesian_skill_survival,7,0.85625,0.85806,0.90000,0.00000,0.00000,0.19375,0.55625,0.00000,1.10322,0.09197,0.27484,0.27190,0.15335,0.84180,160,sensor_noise,0.25
combined_micro_shift,bayesian_skill_survival,8,0.81875,0.81935,0.82500,0.00625,0.00000,0.18750,0.56875,0.00000,1.10809,0.09474,0.30333,0.27627,0.15692,0.79812,160,sensor_noise,0.25
combined_micro_shift,bayesian_skill_survival,9,0.83125,0.82903,0.80000,0.00000,0.00000,0.19375,0.56250,0.00000,1.10381,0.09667,0.29406,0.27251,0.15211,0.81672,160,sensor_noise,0.25
combined_micro_shift,cvar_lifetime_guard,0,0.90625,0.90323,0.92500,0.00000,0.00000,0.35625,0.59375,0.00000,1.14903,0.08057,0.23852,0.32693,0.11360,0.88539,160,sensor_noise,0.25
combined_micro_shift,cvar_lifetime_guard,1,0.81875,0.81290,0.87500,0.00000,0.00000,0.40625,0.54375,0.00000,1.15728,0.07641,0.29399,0.32219,0.10483,0.79673,160,sensor_noise,0.25
combined_micro_shift,cvar_lifetime_guard,2,0.81875,0.82258,0.90000,0.00000,0.00000,0.40625,0.52500,0.00000,1.15550,0.08252,0.29459,0.32358,0.10679,0.79698,160,sensor_noise,0.25
combined_micro_shift,cvar_lifetime_guard,3,0.84375,0.84194,0.85000,0.00625,0.00000,0.36875,0.57500,0.00000,1.15581,0.07788,0.27664,0.32236,0.10754,0.81644,160,sensor_noise,0.25
combined_micro_shift,cvar_lifetime_guard,4,0.81875,0.82258,0.80000,0.00000,0.00000,0.40000,0.53750,0.00000,1.15506,0.07659,0.29137,0.32450,0.10620,0.79704,160,sensor_noise,0.25
combined_micro_shift,cvar_lifetime_guard,5,0.87500,0.87097,0.82500,0.00000,0.00000,0.36250,0.56875,0.00000,1.14828,0.07141,0.25678,0.32313,0.10901,0.85424,160,sensor_noise,0.25
combined_micro_shift,cvar_lifetime_guard,6,0.81875,0.81290,0.85000,0.00000,0.00000,0.35000,0.60625,0.00000,1.14859,0.07650,0.29076,0.32347,0.10865,0.79795,160,sensor_noise,0.25
combined_micro_shift,cvar_lifetime_guard,7,0.81250,0.81290,0.77500,0.00625,0.00000,0.35625,0.59375,0.00000,1.15434,0.06562,0.29636,0.32298,0.11217,0.78539,160,sensor_noise,0.25
combined_micro_shift,cvar_lifetime_guard,8,0.81875,0.81613,0.80000,0.00625,0.00000,0.39375,0.56250,0.00000,1.16112,0.07711,0.29103,0.32207,0.10515,0.79069,160,sensor_noise,0.25
combined_micro_shift,cvar_lifetime_guard,9,0.85000,0.85161,0.85000,0.00000,0.00000,0.36875,0.58750,0.00000,1.15169,0.07424,0.27587,0.32361,0.11099,0.82876,160,sensor_noise,0.25
combined_micro_shift,skill_half_life_scheduler_v5,0,0.80625,0.80323,0.82500,0.00000,0.00000,0.15625,0.53750,0.00000,1.09169,0.12879,0.30588,0.26798,0.15014,0.79341,160,sensor_noise,0.25
combined_micro_shift,skill_half_life_scheduler_v5,1,0.80625,0.80323,0.72500,0.00000,0.00000,0.15000,0.56250,0.00000,1.09244,0.12687,0.29908,0.26700,0.14921,0.79331,160,sensor_noise,0.25
combined_micro_shift,skill_half_life_scheduler_v5,2,0.75625,0.75161,0.80000,0.00000,0.00000,0.15625,0.53750,0.00000,1.09169,0.11792,0.33262,0.26668,0.14765,0.74341,160,sensor_noise,0.25
combined_micro_shift,skill_half_life_scheduler_v5,3,0.80625,0.80968,0.72500,0.00000,0.00000,0.15000,0.52500,0.00000,1.08887,0.12278,0.30419,0.26599,0.14964,0.79381,160,sensor_noise,0.25
combined_micro_shift,skill_half_life_scheduler_v5,4,0.81250,0.81613,0.80000,0.00000,0.00000,0.15000,0.56250,0.00000,1.09244,0.13471,0.29709,0.26865,0.14858,0.79956,160,sensor_noise,0.25
combined_micro_shift,skill_half_life_scheduler_v5,5,0.85000,0.84839,0.90000,0.00000,0.00000,0.15000,0.54375,0.00000,1.09066,0.13219,0.28163,0.26650,0.15021,0.83731,160,sensor_noise,0.25
combined_micro_shift,skill_half_life_scheduler_v5,6,0.86875,0.86774,0.85000,0.00000,0.00000,0.15000,0.54375,0.00000,1.09066,0.12166,0.26258,0.26637,0.14902,0.85606,160,sensor_noise,0.25
combined_micro_shift,skill_half_life_scheduler_v5,7,0.81250,0.80968,0.80000,0.00000,0.00000,0.15000,0.54375,0.00000,1.09066,0.13079,0.29561,0.26419,0.14989,0.79981,160,sensor_noise,0.25
combined_micro_shift,skill_half_life_scheduler_v5,8,0.76250,0.75484,0.60000,0.00000,0.00000,0.15625,0.53125,0.00000,1.09109,0.12613,0.32843,0.26766,0.15121,0.74975,160,sensor_noise,0.25
combined_micro_shift,skill_half_life_scheduler_v5,9,0.87500,0.87419,0.90000,0.00000,0.00000,0.15000,0.55000,0.00000,1.09125,0.12395,0.26127,0.26641,0.15116,0.86223,160,sensor_noise,0.25
combined_micro_shift,oracle_shift_aware_scheduler,0,0.80625,0.80000,0.80000,0.00000,0.00000,0.20000,0.50625,0.00000,1.10009,0.00000,0.29078,0.17955,0.14300,0.79224,160,sensor_noise,0.25
combined_micro_shift,oracle_shift_aware_scheduler,1,0.85000,0.84516,0.80000,0.00000,0.00000,0.19375,0.54375,0.00000,1.10203,0.00000,0.26927,0.18001,0.14198,0.83572,160,sensor_noise,0.25
combined_micro_shift,oracle_shift_aware_scheduler,2,0.83750,0.83548,0.82500,0.00000,0.00000,0.19375,0.51250,0.00000,1.09906,0.00000,0.27155,0.17864,0.14218,0.82363,160,sensor_noise,0.25
combined_micro_shift,oracle_shift_aware_scheduler,3,0.85000,0.84839,0.87500,0.00000,0.00000,0.18750,0.53750,0.00000,1.09981,0.00000,0.26793,0.17760,0.14235,0.83603,160,sensor_noise,0.25
combined_micro_shift,oracle_shift_aware_scheduler,4,0.81250,0.80968,0.80000,0.00000,0.00000,0.18750,0.54375,0.00000,1.10041,0.00000,0.29273,0.18252,0.14343,0.79844,160,sensor_noise,0.25
combined_micro_shift,oracle_shift_aware_scheduler,5,0.82500,0.82258,0.85000,0.00000,0.00000,0.19375,0.51875,0.00000,1.09966,0.00000,0.28232,0.17996,0.14368,0.81105,160,sensor_noise,0.25
combined_micro_shift,oracle_shift_aware_scheduler,6,0.86875,0.87097,0.90000,0.00000,0.00000,0.18750,0.53125,0.00000,1.09922,0.00000,0.25392,0.17902,0.14409,0.85486,160,sensor_noise,0.25
combined_micro_shift,oracle_shift_aware_scheduler,7,0.83750,0.83548,0.90000,0.00000,0.00000,0.18750,0.53125,0.00000,1.09922,0.00000,0.27458,0.17842,0.14502,0.82361,160,sensor_noise,0.25
combined_micro_shift,oracle_shift_aware_scheduler,8,0.79375,0.79355,0.85000,0.00625,0.00000,0.18750,0.51250,0.00000,1.10275,0.00000,0.30252,0.18089,0.14516,0.77387,160,sensor_noise,0.25
combined_micro_shift,oracle_shift_aware_scheduler,9,0.83125,0.82581,0.80000,0.00000,0.00000,0.18750,0.52500,0.00000,1.09862,0.00000,0.28299,0.17895,0.14312,0.81744,160,sensor_noise,0.25
combined_micro_shift,domain_randomized_clone,0,0.53125,0.53548,0.20000,0.20000,0.56250,0.00000,0.00000,0.00000,1.17000,0.65037,0.43234,0.30679,0.39447,0.14020,160,sensor_noise,0.50
combined_micro_shift,domain_randomized_clone,1,0.53125,0.53226,0.27500,0.19375,0.56875,0.00000,0.00000,0.00000,1.16469,0.64795,0.41869,0.31396,0.39832,0.14432,160,sensor_noise,0.50
combined_micro_shift,domain_randomized_clone,2,0.58125,0.58065,0.30000,0.17500,0.56250,0.00000,0.00000,0.00000,1.14875,0.63562,0.40676,0.31063,0.39769,0.21518,160,sensor_noise,0.50
combined_micro_shift,domain_randomized_clone,3,0.52500,0.52258,0.20000,0.20625,0.57500,0.00000,0.00000,0.00000,1.17531,0.63262,0.40739,0.31416,0.39965,0.12346,160,sensor_noise,0.50
combined_micro_shift,domain_randomized_clone,4,0.53125,0.53226,0.22500,0.21875,0.58125,0.00000,0.00000,0.00000,1.18594,0.65048,0.42182,0.31106,0.39609,0.11509,160,sensor_noise,0.50
combined_micro_shift,domain_randomized_clone,5,0.43125,0.43226,0.22500,0.23125,0.57500,0.00000,0.00000,0.00000,1.19656,0.64885,0.44287,0.31403,0.39681,0.00473,160,sensor_noise,0.50
combined_micro_shift,domain_randomized_clone,6,0.50625,0.50968,0.27500,0.20000,0.58750,0.00000,0.00000,0.00000,1.17000,0.66074,0.43348,0.31228,0.39644,0.10670,160,sensor_noise,0.50
combined_micro_shift,domain_randomized_clone,7,0.50000,0.49677,0.25000,0.18750,0.57500,0.00000,0.00000,0.00000,1.15938,0.64262,0.43543,0.30965,0.39497,0.11719,160,sensor_noise,0.50
combined_micro_shift,domain_randomized_clone,8,0.47500,0.47419,0.17500,0.20625,0.56875,0.00000,0.00000,0.00000,1.17531,0.68362,0.41733,0.30797,0.39340,0.07558,160,sensor_noise,0.50
combined_micro_shift,domain_randomized_clone,9,0.60000,0.59677,0.32500,0.16250,0.56250,0.00000,0.00000,0.00000,1.13813,0.65215,0.42351,0.31091,0.39572,0.24641,160,sensor_noise,0.50
combined_micro_shift,conformal_risk_gate,0,0.73125,0.73226,0.72500,0.00625,0.00000,0.16250,0.54375,0.00000,1.09922,0.07783,0.35785,0.30176,0.15273,0.71186,160,sensor_noise,0.50
combined_micro_shift,conformal_risk_gate,1,0.78125,0.78387,0.75000,0.00625,0.00000,0.16250,0.55625,0.00000,1.10041,0.08472,0.33413,0.30810,0.15498,0.76169,160,sensor_noise,0.50
combined_micro_shift,conformal_risk_gate,2,0.85000,0.84839,0.80000,0.00000,0.00000,0.16875,0.54375,0.00000,1.09553,0.08574,0.28849,0.30207,0.14890,0.83663,160,sensor_noise,0.50
combined_micro_shift,conformal_risk_gate,3,0.76875,0.76129,0.72500,0.00000,0.00000,0.18125,0.53125,0.00000,1.09759,0.07773,0.33437,0.30694,0.15357,0.75509,160,sensor_noise,0.50
combined_micro_shift,conformal_risk_gate,4,0.78125,0.78387,0.75000,0.00000,0.00000,0.17500,0.52500,0.00000,1.09537,0.07909,0.33295,0.30526,0.15282,0.76790,160,sensor_noise,0.50
combined_micro_shift,conformal_risk_gate,5,0.81250,0.80968,0.82500,0.00000,0.00000,0.18125,0.51875,0.00000,1.09641,0.08533,0.31067,0.30794,0.15299,0.79900,160,sensor_noise,0.50
combined_micro_shift,conformal_risk_gate,6,0.77500,0.77097,0.75000,0.01250,0.00000,0.17500,0.54375,0.00000,1.10778,0.07416,0.32997,0.30795,0.15613,0.74891,160,sensor_noise,0.50
combined_micro_shift,conformal_risk_gate,7,0.78125,0.78065,0.75000,0.00000,0.00000,0.18125,0.50625,0.00000,1.09522,0.07514,0.32790,0.30269,0.14941,0.76792,160,sensor_noise,0.50
combined_micro_shift,conformal_risk_gate,8,0.83750,0.83548,0.90000,0.00000,0.00000,0.16250,0.52500,0.00000,1.09213,0.08904,0.30179,0.30491,0.15560,0.82460,160,sensor_noise,0.50
combined_micro_shift,conformal_risk_gate,9,0.78125,0.78387,0.75000,0.00000,0.00000,0.16875,0.52500,0.00000,1.09375,0.09107,0.32774,0.30500,0.15225,0.76812,160,sensor_noise,0.50
combined_micro_shift,ensemble_uncertainty_gate,0,0.80000,0.80000,0.85000,0.00000,0.00000,0.16250,0.55625,0.00000,1.09509,0.08763,0.31792,0.27111,0.15398,0.78669,160,sensor_noise,0.50
combined_micro_shift,ensemble_uncertainty_gate,1,0.81875,0.81935,0.75000,0.00000,0.00000,0.16875,0.55625,0.00000,1.09672,0.09507,0.29803,0.27583,0.15291,0.80521,160,sensor_noise,0.50
combined_micro_shift,ensemble_uncertainty_gate,2,0.80000,0.80323,0.80000,0.00625,0.00000,0.16875,0.53125,0.00000,1.09966,0.09824,0.31838,0.27185,0.15097,0.78055,160,sensor_noise,0.50
combined_micro_shift,ensemble_uncertainty_gate,3,0.78750,0.78710,0.70000,0.00000,0.00000,0.16250,0.57500,0.00000,1.09688,0.09897,0.31742,0.27763,0.15746,0.77394,160,sensor_noise,0.50
combined_micro_shift,ensemble_uncertainty_gate,4,0.81250,0.81290,0.87500,0.00000,0.00000,0.16875,0.56875,0.00000,1.09791,0.08833,0.31019,0.27646,0.15774,0.79879,160,sensor_noise,0.50
combined_micro_shift,ensemble_uncertainty_gate,5,0.80000,0.79677,0.90000,0.00000,0.00000,0.17500,0.54375,0.00000,1.09716,0.09760,0.31671,0.27707,0.15373,0.78640,160,sensor_noise,0.50
combined_micro_shift,ensemble_uncertainty_gate,6,0.76875,0.76774,0.75000,0.00000,0.00000,0.17500,0.55625,0.00000,1.09834,0.08097,0.33491,0.27725,0.15719,0.75498,160,sensor_noise,0.50
combined_micro_shift,ensemble_uncertainty_gate,7,0.78750,0.78710,0.80000,0.00000,0.00000,0.17500,0.53125,0.00000,1.09597,0.08921,0.32126,0.27207,0.15067,0.77406,160,sensor_noise,0.50
combined_micro_shift,ensemble_uncertainty_gate,8,0.75000,0.74516,0.80000,0.00625,0.00000,0.16250,0.55000,0.00000,1.09981,0.10066,0.34340,0.27444,0.15715,0.73053,160,sensor_noise,0.50
combined_micro_shift,ensemble_uncertainty_gate,9,0.80000,0.80645,0.72500,0.00000,0.00000,0.16250,0.57500,0.00000,1.09688,0.10268,0.31827,0.27559,0.15595,0.78644,160,sensor_noise,0.50
combined_micro_shift,bayesian_skill_survival,0,0.81875,0.81290,0.80000,0.00625,0.00000,0.20625,0.57500,0.00000,1.11356,0.14386,0.29502,0.28916,0.15534,0.79735,160,sensor_noise,0.50
combined_micro_shift,bayesian_skill_survival,1,0.83750,0.84194,0.87500,0.00000,0.00000,0.21250,0.58125,0.00000,1.11047,0.15083,0.28962,0.29406,0.15463,0.82203,160,sensor_noise,0.50
combined_micro_shift,bayesian_skill_survival,2,0.86875,0.86452,0.90000,0.00625,0.00000,0.20000,0.61875,0.00000,1.11609,0.14813,0.27320,0.29244,0.15746,0.84700,160,sensor_noise,0.50
combined_micro_shift,bayesian_skill_survival,3,0.88750,0.89032,0.95000,0.00625,0.00000,0.22500,0.57500,0.00000,1.11844,0.15236,0.26121,0.29282,0.15310,0.86542,160,sensor_noise,0.50
combined_micro_shift,bayesian_skill_survival,4,0.83125,0.82903,0.80000,0.00625,0.00000,0.21875,0.56875,0.00000,1.11622,0.14910,0.28796,0.29165,0.15338,0.80948,160,sensor_noise,0.50
combined_micro_shift,bayesian_skill_survival,5,0.80000,0.80000,0.82500,0.00625,0.00000,0.21250,0.60625,0.00000,1.11816,0.15474,0.31543,0.29695,0.15876,0.77796,160,sensor_noise,0.50
combined_micro_shift,bayesian_skill_survival,6,0.78125,0.77419,0.82500,0.00625,0.00000,0.21250,0.59375,0.00000,1.11697,0.14572,0.31977,0.29523,0.15848,0.75937,160,sensor_noise,0.50
combined_micro_shift,bayesian_skill_survival,7,0.80625,0.80000,0.77500,0.00625,0.00000,0.20000,0.61250,0.00000,1.11550,0.15229,0.30753,0.29249,0.15680,0.78458,160,sensor_noise,0.50
combined_micro_shift,bayesian_skill_survival,8,0.81250,0.81613,0.87500,0.00000,0.00000,0.19375,0.58750,0.00000,1.10619,0.13055,0.30761,0.29366,0.16088,0.79763,160,sensor_noise,0.50
combined_micro_shift,bayesian_skill_survival,9,0.81875,0.81935,0.77500,0.00000,0.00000,0.21250,0.57500,0.00000,1.10988,0.14974,0.30101,0.29273,0.15548,0.80337,160,sensor_noise,0.50
combined_micro_shift,cvar_lifetime_guard,0,0.80000,0.80645,0.85000,0.00625,0.00000,0.46250,0.50625,0.00000,1.17366,0.10106,0.29967,0.33565,0.09717,0.77019,160,sensor_noise,0.50
combined_micro_shift,cvar_lifetime_guard,1,0.84375,0.84194,0.85000,0.00000,0.00000,0.50000,0.48125,0.00000,1.17572,0.10477,0.27003,0.34116,0.09766,0.81915,160,sensor_noise,0.50
combined_micro_shift,cvar_lifetime_guard,2,0.85000,0.85484,0.80000,0.00000,0.00000,0.49375,0.46875,0.00000,1.17291,0.11074,0.26553,0.33739,0.09616,0.82579,160,sensor_noise,0.50
combined_micro_shift,cvar_lifetime_guard,3,0.79375,0.79677,0.77500,0.00000,0.00000,0.52500,0.43125,0.00000,1.17747,0.11813,0.30043,0.33882,0.09391,0.76890,160,sensor_noise,0.50
combined_micro_shift,cvar_lifetime_guard,4,0.81875,0.81613,0.82500,0.00000,0.00000,0.50625,0.47500,0.00000,1.17675,0.11036,0.28364,0.33740,0.09375,0.79400,160,sensor_noise,0.50
combined_micro_shift,cvar_lifetime_guard,5,0.86250,0.86129,0.77500,0.00000,0.00000,0.47500,0.50625,0.00000,1.17159,0.11657,0.25513,0.34253,0.09880,0.83848,160,sensor_noise,0.50
combined_micro_shift,cvar_lifetime_guard,6,0.88750,0.89032,0.82500,0.00000,0.00000,0.48750,0.48125,0.00000,1.17247,0.09898,0.24259,0.33990,0.09663,0.86335,160,sensor_noise,0.50
combined_micro_shift,cvar_lifetime_guard,7,0.87500,0.87419,0.77500,0.00000,0.00000,0.48125,0.50000,0.00000,1.17263,0.10976,0.24814,0.33749,0.09559,0.85083,160,sensor_noise,0.50
combined_micro_shift,cvar_lifetime_guard,8,0.83750,0.83548,0.85000,0.00000,0.00000,0.44375,0.54375,0.00000,1.16703,0.09722,0.27730,0.33852,0.09944,0.81412,160,sensor_noise,0.50
combined_micro_shift,cvar_lifetime_guard,9,0.81875,0.81613,0.85000,0.00000,0.00000,0.51875,0.47500,0.00000,1.18000,0.11751,0.28504,0.33709,0.09298,0.79355,160,sensor_noise,0.50
combined_micro_shift,skill_half_life_scheduler_v5,0,0.88750,0.88387,0.80000,0.00000,0.00000,0.15625,0.55000,0.00000,1.09288,0.12755,0.25569,0.27970,0.14928,0.87450,160,sensor_noise,0.50
combined_micro_shift,skill_half_life_scheduler_v5,1,0.82500,0.82581,0.87500,0.00000,0.00000,0.15625,0.56250,0.00000,1.09406,0.12600,0.29204,0.28481,0.14795,0.81183,160,sensor_noise,0.50
combined_micro_shift,skill_half_life_scheduler_v5,2,0.81250,0.80645,0.80000,0.00000,0.00000,0.16250,0.52500,0.00000,1.09213,0.12033,0.29815,0.28048,0.14585,0.79960,160,sensor_noise,0.50
combined_micro_shift,skill_half_life_scheduler_v5,3,0.80625,0.80323,0.82500,0.01875,0.00000,0.16250,0.53750,0.00000,1.10925,0.10819,0.30371,0.28453,0.14856,0.77446,160,sensor_noise,0.50
combined_micro_shift,skill_half_life_scheduler_v5,4,0.85000,0.84516,0.85000,0.00000,0.00000,0.15625,0.56875,0.00000,1.09466,0.12843,0.27764,0.28490,0.15172,0.83675,160,sensor_noise,0.50
combined_micro_shift,skill_half_life_scheduler_v5,5,0.80625,0.80645,0.80000,0.00000,0.00000,0.16250,0.55625,0.00000,1.09509,0.12236,0.30271,0.28592,0.14816,0.79294,160,sensor_noise,0.50
combined_micro_shift,skill_half_life_scheduler_v5,6,0.79375,0.79355,0.85000,0.00000,0.00000,0.16250,0.54375,0.00000,1.09391,0.12072,0.30936,0.28431,0.14841,0.78060,160,sensor_noise,0.50
combined_micro_shift,skill_half_life_scheduler_v5,7,0.81250,0.81290,0.72500,0.00000,0.00000,0.15000,0.57500,0.00000,1.09363,0.11763,0.29536,0.28232,0.14889,0.79939,160,sensor_noise,0.50
combined_micro_shift,skill_half_life_scheduler_v5,8,0.80625,0.80968,0.67500,0.00000,0.00000,0.15625,0.52500,0.00000,1.09050,0.14309,0.30553,0.28048,0.14649,0.79358,160,sensor_noise,0.50
combined_micro_shift,skill_half_life_scheduler_v5,9,0.76875,0.77097,0.70000,0.00000,0.00000,0.15625,0.55000,0.00000,1.09288,0.12556,0.32663,0.28384,0.14977,0.75575,160,sensor_noise,0.50
combined_micro_shift,oracle_shift_aware_scheduler,0,0.83750,0.83548,0.80000,0.00000,0.00000,0.18750,0.53125,0.00000,1.09922,0.00000,0.27808,0.17774,0.14402,0.82361,160,sensor_noise,0.50
combined_micro_shift,oracle_shift_aware_scheduler,1,0.81250,0.81290,0.82500,0.00625,0.00000,0.19375,0.56875,0.00000,1.10972,0.00000,0.29507,0.18131,0.14189,0.79164,160,sensor_noise,0.50
combined_micro_shift,oracle_shift_aware_scheduler,2,0.90625,0.90323,0.87500,0.00000,0.00000,0.19375,0.51250,0.00000,1.09906,0.00000,0.23215,0.17670,0.14126,0.89238,160,sensor_noise,0.50
combined_micro_shift,oracle_shift_aware_scheduler,3,0.78750,0.78065,0.87500,0.00625,0.00000,0.20000,0.51875,0.00000,1.10659,0.00000,0.30175,0.17793,0.14087,0.76708,160,sensor_noise,0.50
combined_micro_shift,oracle_shift_aware_scheduler,4,0.78750,0.78710,0.82500,0.00000,0.00000,0.19375,0.52500,0.00000,1.10025,0.00000,0.31244,0.17982,0.14388,0.77346,160,sensor_noise,0.50
combined_micro_shift,oracle_shift_aware_scheduler,5,0.82500,0.82258,0.85000,0.00000,0.00000,0.19375,0.54375,0.00000,1.10203,0.00000,0.28201,0.18114,0.14354,0.81072,160,sensor_noise,0.50
combined_micro_shift,oracle_shift_aware_scheduler,6,0.76875,0.77097,0.65000,0.00000,0.00000,0.20000,0.53750,0.00000,1.10306,0.00000,0.31708,0.18300,0.14483,0.75432,160,sensor_noise,0.50
combined_micro_shift,oracle_shift_aware_scheduler,7,0.89375,0.89355,0.90000,0.00000,0.00000,0.18750,0.52500,0.00000,1.09862,0.00000,0.24059,0.17744,0.14265,0.87994,160,sensor_noise,0.50
combined_micro_shift,oracle_shift_aware_scheduler,8,0.78125,0.78387,0.75000,0.00000,0.00000,0.18750,0.56250,0.00000,1.10219,0.00000,0.30856,0.18327,0.14542,0.76694,160,sensor_noise,0.50
combined_micro_shift,oracle_shift_aware_scheduler,9,0.83750,0.83871,0.82500,0.00625,0.00000,0.19375,0.53750,0.00000,1.10675,0.00000,0.27597,0.18025,0.14400,0.81706,160,sensor_noise,0.50
combined_micro_shift,domain_randomized_clone,0,0.49375,0.48065,0.22500,0.20625,0.56250,0.00000,0.00000,0.00000,1.17531,0.65155,0.43190,0.31919,0.39720,0.09646,160,sensor_noise,0.75
combined_micro_shift,domain_randomized_clone,1,0.50000,0.49677,0.20000,0.18125,0.55625,0.00000,0.00000,0.00000,1.15406,0.62835,0.41524,0.31846,0.39668,0.12981,160,sensor_noise,0.75
combined_micro_shift,domain_randomized_clone,2,0.50000,0.49677,0.25000,0.23125,0.57500,0.00000,0.00000,0.00000,1.19656,0.63615,0.42502,0.31813,0.39833,0.07348,160,sensor_noise,0.75
combined_micro_shift,domain_randomized_clone,3,0.51250,0.51290,0.27500,0.20625,0.56250,0.00000,0.00000,0.00000,1.17531,0.64224,0.43592,0.31590,0.39627,0.11521,160,sensor_noise,0.75
combined_micro_shift,domain_randomized_clone,4,0.46875,0.46774,0.17500,0.19375,0.58125,0.00000,0.00000,0.00000,1.16469,0.63020,0.41802,0.32030,0.39892,0.07757,160,sensor_noise,0.75
combined_micro_shift,domain_randomized_clone,5,0.47500,0.47097,0.25000,0.20625,0.58750,0.00000,0.00000,0.00000,1.17531,0.64097,0.43848,0.32058,0.39827,0.06921,160,sensor_noise,0.75
combined_micro_shift,domain_randomized_clone,6,0.53125,0.53548,0.27500,0.20625,0.58125,0.00000,0.00000,0.00000,1.17531,0.66703,0.40725,0.32010,0.39683,0.12758,160,sensor_noise,0.75
combined_micro_shift,domain_randomized_clone,7,0.54375,0.55161,0.25000,0.20625,0.56875,0.00000,0.00000,0.00000,1.17531,0.64305,0.42927,0.32924,0.40139,0.14433,160,sensor_noise,0.75
combined_micro_shift,domain_randomized_clone,8,0.51250,0.50968,0.22500,0.17500,0.56250,0.00000,0.00000,0.00000,1.14875,0.62417,0.41458,0.32322,0.40005,0.14642,160,sensor_noise,0.75
combined_micro_shift,domain_randomized_clone,9,0.50625,0.50645,0.20000,0.17500,0.56875,0.00000,0.00000,0.00000,1.14875,0.65445,0.41569,0.32159,0.39843,0.13805,160,sensor_noise,0.75
combined_micro_shift,conformal_risk_gate,0,0.80625,0.80323,0.80000,0.00000,0.00000,0.17500,0.56875,0.00000,1.09953,0.10752,0.31712,0.32461,0.15701,0.79232,160,sensor_noise,0.75
combined_micro_shift,conformal_risk_gate,1,0.77500,0.77742,0.70000,0.00625,0.00000,0.19375,0.53125,0.00000,1.10616,0.10863,0.33068,0.32048,0.14967,0.75464,160,sensor_noise,0.75
combined_micro_shift,conformal_risk_gate,2,0.83125,0.82903,0.80000,0.00000,0.00000,0.17500,0.57500,0.00000,1.10013,0.10318,0.30029,0.32077,0.15259,0.81723,160,sensor_noise,0.75
combined_micro_shift,conformal_risk_gate,3,0.75000,0.74839,0.77500,0.00000,0.00000,0.18125,0.55000,0.00000,1.09937,0.10669,0.34772,0.31884,0.15115,0.73609,160,sensor_noise,0.75
combined_micro_shift,conformal_risk_gate,4,0.77500,0.78387,0.67500,0.00000,0.00000,0.16875,0.56875,0.00000,1.09791,0.11155,0.32920,0.32181,0.15093,0.76129,160,sensor_noise,0.75
combined_micro_shift,conformal_risk_gate,5,0.83125,0.82903,0.90000,0.00000,0.00000,0.18750,0.52500,0.00000,1.09862,0.10369,0.29662,0.32080,0.14759,0.81744,160,sensor_noise,0.75
combined_micro_shift,conformal_risk_gate,6,0.76875,0.77097,0.75000,0.02500,0.00000,0.17500,0.57500,0.00000,1.12138,0.09810,0.33573,0.32557,0.15675,0.72976,160,sensor_noise,0.75
combined_micro_shift,conformal_risk_gate,7,0.80625,0.81290,0.85000,0.00000,0.00000,0.18750,0.55625,0.00000,1.10159,0.10517,0.31695,0.32819,0.14820,0.79203,160,sensor_noise,0.75
combined_micro_shift,conformal_risk_gate,8,0.80000,0.79355,0.82500,0.00625,0.00000,0.18125,0.56250,0.00000,1.10587,0.09544,0.31500,0.32640,0.15532,0.77968,160,sensor_noise,0.75
combined_micro_shift,conformal_risk_gate,9,0.85000,0.84839,0.82500,0.00625,0.00000,0.19375,0.53750,0.00000,1.10675,0.11271,0.29081,0.32283,0.14982,0.82956,160,sensor_noise,0.75
combined_micro_shift,ensemble_uncertainty_gate,0,0.79375,0.79032,0.87500,0.00625,0.00000,0.17500,0.57500,0.00000,1.10544,0.12033,0.31998,0.29218,0.15853,0.77349,160,sensor_noise,0.75
combined_micro_shift,ensemble_uncertainty_gate,1,0.80000,0.80000,0.75000,0.00000,0.00000,0.18125,0.56250,0.00000,1.10056,0.11773,0.31107,0.28897,0.15299,0.78592,160,sensor_noise,0.75
combined_micro_shift,ensemble_uncertainty_gate,2,0.81250,0.80968,0.80000,0.00000,0.00000,0.16875,0.58125,0.00000,1.09909,0.11381,0.31001,0.28898,0.15540,0.79863,160,sensor_noise,0.75
combined_micro_shift,ensemble_uncertainty_gate,3,0.76875,0.76452,0.72500,0.00000,0.00000,0.17500,0.55625,0.00000,1.09834,0.11822,0.33165,0.28753,0.15487,0.75498,160,sensor_noise,0.75
combined_micro_shift,ensemble_uncertainty_gate,4,0.83125,0.82903,0.70000,0.00000,0.00000,0.17500,0.54375,0.00000,1.09716,0.12417,0.29232,0.28980,0.15323,0.81765,160,sensor_noise,0.75
combined_micro_shift,ensemble_uncertainty_gate,5,0.78750,0.79032,0.80000,0.00625,0.00000,0.16875,0.56250,0.00000,1.10263,0.10937,0.32502,0.29092,0.15423,0.76763,160,sensor_noise,0.75
combined_micro_shift,ensemble_uncertainty_gate,6,0.80000,0.79677,0.70000,0.00000,0.00000,0.16875,0.58750,0.00000,1.09969,0.11503,0.31889,0.29120,0.15435,0.78604,160,sensor_noise,0.75
combined_micro_shift,ensemble_uncertainty_gate,7,0.82500,0.82258,0.75000,0.00625,0.00000,0.18750,0.56875,0.00000,1.10809,0.11626,0.30238,0.29549,0.14918,0.80437,160,sensor_noise,0.75
combined_micro_shift,ensemble_uncertainty_gate,8,0.77500,0.76774,0.75000,0.00000,0.00000,0.18125,0.55625,0.00000,1.09997,0.10984,0.32351,0.29305,0.15503,0.76100,160,sensor_noise,0.75
combined_micro_shift,ensemble_uncertainty_gate,9,0.83750,0.84194,0.75000,0.00000,0.00000,0.18750,0.54375,0.00000,1.10041,0.12358,0.29519,0.29132,0.15318,0.82344,160,sensor_noise,0.75
combined_micro_shift,bayesian_skill_survival,0,0.83125,0.82581,0.85000,0.00000,0.00000,0.22500,0.58125,0.00000,1.11372,0.20179,0.28810,0.30983,0.15604,0.81533,160,sensor_noise,0.75
combined_micro_shift,bayesian_skill_survival,1,0.86250,0.86452,0.85000,0.00000,0.00000,0.21875,0.61250,0.00000,1.11506,0.20482,0.27231,0.30964,0.15662,0.84639,160,sensor_noise,0.75
combined_micro_shift,bayesian_skill_survival,2,0.85000,0.85161,0.80000,0.00000,0.00000,0.20625,0.65625,0.00000,1.11597,0.19386,0.28480,0.30953,0.15870,0.83376,160,sensor_noise,0.75
combined_micro_shift,bayesian_skill_survival,3,0.85625,0.85484,0.87500,0.00625,0.00000,0.21875,0.61250,0.00000,1.12037,0.19411,0.27403,0.30816,0.15831,0.83390,160,sensor_noise,0.75
combined_micro_shift,bayesian_skill_survival,4,0.85625,0.86129,0.77500,0.00000,0.00000,0.23125,0.58750,0.00000,1.11594,0.20495,0.27247,0.30826,0.15239,0.84002,160,sensor_noise,0.75
combined_micro_shift,bayesian_skill_survival,5,0.86250,0.86129,0.80000,0.00000,0.00000,0.23125,0.60000,0.00000,1.11713,0.19930,0.27076,0.31063,0.15586,0.84610,160,sensor_noise,0.75
combined_micro_shift,bayesian_skill_survival,6,0.80625,0.80968,0.75000,0.00000,0.00000,0.21875,0.61250,0.00000,1.11506,0.19316,0.31224,0.31108,0.15631,0.79014,160,sensor_noise,0.75
combined_micro_shift,bayesian_skill_survival,7,0.83750,0.83548,0.80000,0.00000,0.00000,0.24375,0.62500,0.00000,1.12275,0.21162,0.28720,0.31780,0.15604,0.82032,160,sensor_noise,0.75
combined_micro_shift,bayesian_skill_survival,8,0.85625,0.85484,0.77500,0.00000,0.00000,0.23750,0.58750,0.00000,1.11756,0.20791,0.27751,0.31355,0.15820,0.83979,160,sensor_noise,0.75
combined_micro_shift,bayesian_skill_survival,9,0.81250,0.80645,0.77500,0.00000,0.00000,0.23750,0.58750,0.00000,1.11756,0.19420,0.29928,0.31039,0.15355,0.79604,160,sensor_noise,0.75
combined_micro_shift,cvar_lifetime_guard,0,0.87500,0.87097,0.85000,0.00000,0.00000,0.59375,0.40625,0.00000,1.19297,0.14603,0.24080,0.35482,0.08699,0.84798,160,sensor_noise,0.75
combined_micro_shift,cvar_lifetime_guard,1,0.84375,0.84194,0.82500,0.00000,0.00000,0.57500,0.42500,0.00000,1.18988,0.15284,0.26357,0.35474,0.08780,0.81717,160,sensor_noise,0.75
combined_micro_shift,cvar_lifetime_guard,2,0.87500,0.87097,0.90000,0.00000,0.00000,0.61250,0.38125,0.00000,1.19547,0.13712,0.24584,0.35290,0.08636,0.84763,160,sensor_noise,0.75
combined_micro_shift,cvar_lifetime_guard,3,0.83750,0.84194,0.82500,0.00000,0.00000,0.61875,0.37500,0.00000,1.19650,0.13475,0.26997,0.35039,0.08376,0.80999,160,sensor_noise,0.75
combined_micro_shift,cvar_lifetime_guard,4,0.85000,0.84839,0.82500,0.00625,0.00000,0.60625,0.38750,0.00000,1.19975,0.15050,0.26267,0.35421,0.08529,0.81654,160,sensor_noise,0.75
combined_micro_shift,cvar_lifetime_guard,5,0.86875,0.87097,0.85000,0.00000,0.00000,0.61250,0.38750,0.00000,1.19606,0.14120,0.24932,0.35566,0.08691,0.84130,160,sensor_noise,0.75
combined_micro_shift,cvar_lifetime_guard,6,0.83125,0.82903,0.77500,0.00625,0.00000,0.60625,0.38750,0.00000,1.19975,0.13472,0.27143,0.35471,0.08455,0.79779,160,sensor_noise,0.75
combined_micro_shift,cvar_lifetime_guard,7,0.85000,0.85161,0.82500,0.00000,0.00000,0.65625,0.33750,0.00000,1.20269,0.15222,0.25873,0.36143,0.08424,0.82162,160,sensor_noise,0.75
combined_micro_shift,cvar_lifetime_guard,8,0.86250,0.85806,0.90000,0.00625,0.00000,0.63125,0.36250,0.00000,1.20388,0.14216,0.24999,0.35553,0.08309,0.82846,160,sensor_noise,0.75
combined_micro_shift,cvar_lifetime_guard,9,0.86250,0.86452,0.90000,0.00000,0.00000,0.60000,0.38750,0.00000,1.19281,0.14498,0.25626,0.35693,0.08755,0.83551,160,sensor_noise,0.75
combined_micro_shift,skill_half_life_scheduler_v5,0,0.76250,0.75806,0.77500,0.00000,0.00000,0.15000,0.59375,0.00000,1.09541,0.14654,0.32594,0.30097,0.15114,0.74914,160,sensor_noise,0.75
combined_micro_shift,skill_half_life_scheduler_v5,1,0.83125,0.83226,0.85000,0.00000,0.00000,0.15625,0.58125,0.00000,1.09584,0.13338,0.29058,0.29974,0.14970,0.81783,160,sensor_noise,0.75
combined_micro_shift,skill_half_life_scheduler_v5,2,0.79375,0.79032,0.80000,0.00625,0.00000,0.15625,0.57500,0.00000,1.10056,0.12697,0.30998,0.29767,0.14839,0.77417,160,sensor_noise,0.75
combined_micro_shift,skill_half_life_scheduler_v5,3,0.78125,0.78710,0.70000,0.00625,0.00000,0.16250,0.54375,0.00000,1.09922,0.14428,0.31783,0.29672,0.14900,0.76186,160,sensor_noise,0.75
combined_micro_shift,skill_half_life_scheduler_v5,4,0.86250,0.86774,0.80000,0.00000,0.00000,0.16250,0.55000,0.00000,1.09450,0.14373,0.27623,0.29891,0.14705,0.84927,160,sensor_noise,0.75
combined_micro_shift,skill_half_life_scheduler_v5,5,0.80000,0.80323,0.65000,0.00000,0.00000,0.16250,0.55625,0.00000,1.09509,0.13481,0.30826,0.30117,0.14971,0.78669,160,sensor_noise,0.75
combined_micro_shift,skill_half_life_scheduler_v5,6,0.81875,0.81613,0.77500,0.00000,0.00000,0.15625,0.56875,0.00000,1.09466,0.14419,0.29630,0.30223,0.15096,0.80550,160,sensor_noise,0.75
combined_micro_shift,skill_half_life_scheduler_v5,7,0.80625,0.80968,0.82500,0.00000,0.00000,0.16875,0.55625,0.00000,1.09672,0.12605,0.30577,0.30899,0.15001,0.79271,160,sensor_noise,0.75
combined_micro_shift,skill_half_life_scheduler_v5,8,0.83125,0.82581,0.85000,0.00000,0.00000,0.16875,0.55000,0.00000,1.09613,0.12083,0.29184,0.30377,0.15170,0.81779,160,sensor_noise,0.75
combined_micro_shift,skill_half_life_scheduler_v5,9,0.82500,0.81935,0.80000,0.00000,0.00000,0.15625,0.58125,0.00000,1.09584,0.14282,0.29180,0.30316,0.15154,0.81158,160,sensor_noise,0.75
combined_micro_shift,oracle_shift_aware_scheduler,0,0.82500,0.82581,0.80000,0.00000,0.00000,0.19375,0.53750,0.00000,1.10144,0.00000,0.29150,0.18144,0.14377,0.81080,160,sensor_noise,0.75
combined_micro_shift,oracle_shift_aware_scheduler,1,0.85625,0.85806,0.82500,0.00625,0.00000,0.18750,0.53750,0.00000,1.10512,0.00000,0.26576,0.17660,0.14205,0.83603,160,sensor_noise,0.75
combined_micro_shift,oracle_shift_aware_scheduler,2,0.81875,0.81613,0.80000,0.00625,0.00000,0.18125,0.58125,0.00000,1.10766,0.00000,0.28664,0.17918,0.14345,0.79818,160,sensor_noise,0.75
combined_micro_shift,oracle_shift_aware_scheduler,3,0.83750,0.83871,0.77500,0.00625,0.00000,0.18750,0.53750,0.00000,1.10513,0.00000,0.27431,0.17774,0.14140,0.81728,160,sensor_noise,0.75
combined_micro_shift,oracle_shift_aware_scheduler,4,0.85625,0.86129,0.77500,0.00000,0.00000,0.18125,0.53750,0.00000,1.09819,0.00000,0.26453,0.17847,0.14131,0.84250,160,sensor_noise,0.75
combined_micro_shift,oracle_shift_aware_scheduler,5,0.83750,0.83871,0.92500,0.00000,0.00000,0.19375,0.52500,0.00000,1.10025,0.00000,0.27739,0.18033,0.14368,0.82347,160,sensor_noise,0.75
combined_micro_shift,oracle_shift_aware_scheduler,6,0.78125,0.77742,0.82500,0.00000,0.00000,0.18750,0.54375,0.00000,1.10041,0.00000,0.31129,0.18430,0.14451,0.76719,160,sensor_noise,0.75
combined_micro_shift,oracle_shift_aware_scheduler,7,0.78750,0.78065,0.82500,0.00000,0.00000,0.19375,0.54375,0.00000,1.10203,0.00000,0.30681,0.18375,0.14117,0.77322,160,sensor_noise,0.75
combined_micro_shift,oracle_shift_aware_scheduler,8,0.80625,0.80645,0.82500,0.00000,0.00000,0.20000,0.52500,0.00000,1.10188,0.00000,0.29639,0.17922,0.14184,0.79199,160,sensor_noise,0.75
combined_micro_shift,oracle_shift_aware_scheduler,9,0.83750,0.84516,0.77500,0.00000,0.00000,0.18750,0.55625,0.00000,1.10159,0.00000,0.28434,0.18469,0.14653,0.82328,160,sensor_noise,0.75
combined_micro_shift,domain_randomized_clone,0,0.55000,0.54516,0.40000,0.21875,0.56875,0.00000,0.00000,0.00000,1.18594,0.64338,0.43090,0.33078,0.40021,0.13809,160,sensor_noise,1.00
combined_micro_shift,domain_randomized_clone,1,0.53125,0.53226,0.22500,0.16875,0.56875,0.00000,0.00000,0.00000,1.14344,0.61143,0.41396,0.33280,0.40304,0.16929,160,sensor_noise,1.00
combined_micro_shift,domain_randomized_clone,2,0.48125,0.47742,0.22500,0.24375,0.57500,0.00000,0.00000,0.00000,1.20719,0.61193,0.42593,0.33823,0.40518,0.04224,160,sensor_noise,1.00
combined_micro_shift,domain_randomized_clone,3,0.50000,0.49355,0.17500,0.24375,0.58125,0.00000,0.00000,0.00000,1.20719,0.62531,0.41321,0.33144,0.40114,0.05887,160,sensor_noise,1.00
combined_micro_shift,domain_randomized_clone,4,0.48750,0.48387,0.27500,0.19375,0.58750,0.00000,0.00000,0.00000,1.16469,0.61810,0.42068,0.32734,0.40041,0.09419,160,sensor_noise,1.00
combined_micro_shift,domain_randomized_clone,5,0.55625,0.55806,0.37500,0.17500,0.59375,0.00000,0.00000,0.00000,1.14875,0.63732,0.42787,0.32425,0.39645,0.17955,160,sensor_noise,1.00
combined_micro_shift,domain_randomized_clone,6,0.53750,0.52903,0.30000,0.15625,0.57500,0.00000,0.00000,0.00000,1.13281,0.61415,0.43454,0.33377,0.40196,0.18591,160,sensor_noise,1.00
combined_micro_shift,domain_randomized_clone,7,0.48125,0.47742,0.30000,0.22500,0.56250,0.00000,0.00000,0.00000,1.19125,0.60896,0.44166,0.33398,0.40228,0.06523,160,sensor_noise,1.00
combined_micro_shift,domain_randomized_clone,8,0.45000,0.45161,0.15000,0.22500,0.56250,0.00000,0.00000,0.00000,1.19125,0.61925,0.42756,0.33319,0.40327,0.03398,160,sensor_noise,1.00
combined_micro_shift,domain_randomized_clone,9,0.45625,0.44839,0.22500,0.23750,0.55625,0.00000,0.00000,0.00000,1.20188,0.63475,0.42442,0.33382,0.40059,0.02986,160,sensor_noise,1.00
combined_micro_shift,conformal_risk_gate,0,0.76250,0.75806,0.77500,0.00000,0.00000,0.20000,0.59375,0.00000,1.10841,0.11760,0.33535,0.34180,0.15177,0.74732,160,sensor_noise,1.00
combined_micro_shift,conformal_risk_gate,1,0.80000,0.79355,0.85000,0.00625,0.00000,0.19375,0.58125,0.00000,1.11091,0.11923,0.31596,0.34180,0.15059,0.77897,160,sensor_noise,1.00
combined_micro_shift,conformal_risk_gate,2,0.81250,0.80645,0.85000,0.00000,0.00000,0.21250,0.56250,0.00000,1.10869,0.12400,0.30574,0.34369,0.14562,0.79728,160,sensor_noise,1.00
combined_micro_shift,conformal_risk_gate,3,0.76250,0.76452,0.75000,0.00000,0.00000,0.20000,0.56250,0.00000,1.10544,0.13138,0.33516,0.34078,0.14946,0.74774,160,sensor_noise,1.00
combined_micro_shift,conformal_risk_gate,4,0.81250,0.80968,0.82500,0.00625,0.00000,0.20625,0.54375,0.00000,1.11059,0.12787,0.30907,0.33447,0.14422,0.79152,160,sensor_noise,1.00
combined_micro_shift,conformal_risk_gate,5,0.74375,0.74516,0.67500,0.00625,0.00000,0.18125,0.61875,0.00000,1.11122,0.13102,0.34842,0.33765,0.15288,0.72268,160,sensor_noise,1.00
combined_micro_shift,conformal_risk_gate,6,0.75625,0.75161,0.62500,0.00000,0.00000,0.20625,0.57500,0.00000,1.10825,0.12495,0.34291,0.34055,0.14509,0.74109,160,sensor_noise,1.00
combined_micro_shift,conformal_risk_gate,7,0.77500,0.77742,0.80000,0.00000,0.00000,0.20000,0.60000,0.00000,1.10900,0.12485,0.33113,0.34236,0.14850,0.75974,160,sensor_noise,1.00
combined_micro_shift,conformal_risk_gate,8,0.81875,0.82258,0.85000,0.00625,0.00000,0.20625,0.53125,0.00000,1.10941,0.13188,0.30340,0.34098,0.14838,0.79793,160,sensor_noise,1.00
combined_micro_shift,conformal_risk_gate,9,0.86250,0.86774,0.80000,0.00000,0.00000,0.19375,0.60000,0.00000,1.10737,0.12866,0.28412,0.34558,0.15366,0.84747,160,sensor_noise,1.00
combined_micro_shift,ensemble_uncertainty_gate,0,0.86250,0.86129,0.82500,0.00000,0.00000,0.20000,0.60000,0.00000,1.10900,0.12668,0.28048,0.30617,0.15076,0.84724,160,sensor_noise,1.00
combined_micro_shift,ensemble_uncertainty_gate,1,0.78750,0.78387,0.82500,0.00000,0.00000,0.19375,0.55625,0.00000,1.10322,0.12437,0.31431,0.30824,0.15371,0.77305,160,sensor_noise,1.00
combined_micro_shift,ensemble_uncertainty_gate,2,0.81250,0.81290,0.67500,0.00000,0.00000,0.20625,0.55000,0.00000,1.10587,0.12976,0.30352,0.30964,0.14781,0.79768,160,sensor_noise,1.00
combined_micro_shift,ensemble_uncertainty_gate,3,0.78750,0.78710,0.75000,0.01250,0.00000,0.18750,0.58125,0.00000,1.11459,0.14130,0.31831,0.30714,0.15240,0.76046,160,sensor_noise,1.00
combined_micro_shift,ensemble_uncertainty_gate,4,0.81250,0.81613,0.80000,0.00000,0.00000,0.19375,0.57500,0.00000,1.10500,0.13459,0.30853,0.30204,0.14965,0.79780,160,sensor_noise,1.00
combined_micro_shift,ensemble_uncertainty_gate,5,0.86250,0.86452,0.87500,0.00000,0.00000,0.16875,0.63125,0.00000,1.10384,0.13749,0.28748,0.30576,0.15932,0.84796,160,sensor_noise,1.00
combined_micro_shift,ensemble_uncertainty_gate,6,0.81875,0.82581,0.80000,0.00625,0.00000,0.20000,0.56250,0.00000,1.11075,0.13611,0.30900,0.30753,0.14928,0.79775,160,sensor_noise,1.00
combined_micro_shift,ensemble_uncertainty_gate,7,0.81250,0.81290,0.80000,0.00625,0.00000,0.18750,0.61250,0.00000,1.11225,0.13377,0.30255,0.30957,0.15322,0.79129,160,sensor_noise,1.00
combined_micro_shift,ensemble_uncertainty_gate,8,0.83750,0.83548,0.75000,0.00000,0.00000,0.20000,0.54375,0.00000,1.10366,0.13905,0.29420,0.30785,0.15236,0.82299,160,sensor_noise,1.00
combined_micro_shift,ensemble_uncertainty_gate,9,0.80625,0.80000,0.72500,0.00000,0.00000,0.18750,0.60000,0.00000,1.10575,0.13508,0.30990,0.31096,0.15467,0.79145,160,sensor_noise,1.00
combined_micro_shift,bayesian_skill_survival,0,0.82500,0.81935,0.90000,0.00000,0.00000,0.25000,0.63125,0.00000,1.12497,0.23135,0.29199,0.33061,0.15880,0.80750,160,sensor_noise,1.00
combined_micro_shift,bayesian_skill_survival,1,0.88125,0.88387,0.77500,0.00625,0.00000,0.26875,0.60000,0.00000,1.13219,0.24394,0.26291,0.32815,0.15269,0.85724,160,sensor_noise,1.00
combined_micro_shift,bayesian_skill_survival,2,0.81250,0.81290,0.82500,0.00000,0.00000,0.26250,0.63125,0.00000,1.12822,0.24598,0.30236,0.33282,0.15335,0.79455,160,sensor_noise,1.00
combined_micro_shift,bayesian_skill_survival,3,0.78750,0.78710,0.72500,0.00000,0.00000,0.26875,0.58125,0.00000,1.12509,0.23783,0.31598,0.32602,0.14928,0.76999,160,sensor_noise,1.00
combined_micro_shift,bayesian_skill_survival,4,0.80625,0.80000,0.80000,0.00000,0.00000,0.24375,0.59375,0.00000,1.11978,0.23332,0.30174,0.32536,0.15542,0.78948,160,sensor_noise,1.00
combined_micro_shift,bayesian_skill_survival,5,0.81250,0.80968,0.85000,0.00000,0.00000,0.23750,0.62500,0.00000,1.12112,0.22564,0.30526,0.32313,0.15321,0.79554,160,sensor_noise,1.00
combined_micro_shift,bayesian_skill_survival,6,0.84375,0.84194,0.82500,0.00625,0.00000,0.26875,0.58125,0.00000,1.13041,0.25107,0.28087,0.33048,0.15430,0.81999,160,sensor_noise,1.00
combined_micro_shift,bayesian_skill_survival,7,0.83750,0.83548,0.87500,0.00000,0.00000,0.26250,0.61875,0.00000,1.12703,0.24854,0.28895,0.33169,0.15659,0.81972,160,sensor_noise,1.00
combined_micro_shift,bayesian_skill_survival,8,0.82500,0.81935,0.90000,0.00000,0.00000,0.27500,0.56250,0.00000,1.12494,0.23729,0.29391,0.33052,0.15690,0.80751,160,sensor_noise,1.00
combined_micro_shift,bayesian_skill_survival,9,0.83750,0.83548,0.82500,0.00000,0.00000,0.25625,0.63750,0.00000,1.12719,0.23787,0.28772,0.33152,0.15495,0.81969,160,sensor_noise,1.00
combined_micro_shift,cvar_lifetime_guard,0,0.87500,0.87419,0.90000,0.00000,0.00000,0.71875,0.28125,0.00000,1.21359,0.16183,0.23922,0.37495,0.08062,0.84510,160,sensor_noise,1.00
combined_micro_shift,cvar_lifetime_guard,1,0.84375,0.84839,0.75000,0.00000,0.00000,0.75000,0.25000,0.00000,1.21875,0.17331,0.26111,0.37412,0.07773,0.81312,160,sensor_noise,1.00
combined_micro_shift,cvar_lifetime_guard,2,0.90000,0.90000,0.95000,0.00625,0.00000,0.75000,0.25000,0.00000,1.22406,0.17755,0.22288,0.37923,0.07927,0.86313,160,sensor_noise,1.00
combined_micro_shift,cvar_lifetime_guard,3,0.83750,0.83548,0.70000,0.00000,0.00000,0.70625,0.29375,0.00000,1.21153,0.17757,0.26478,0.37501,0.08034,0.80789,160,sensor_noise,1.00
combined_micro_shift,cvar_lifetime_guard,4,0.85000,0.84839,0.90000,0.00000,0.00000,0.70625,0.29375,0.00000,1.21153,0.17792,0.25661,0.37088,0.07956,0.82039,160,sensor_noise,1.00
combined_micro_shift,cvar_lifetime_guard,5,0.84375,0.84516,0.85000,0.00000,0.00000,0.75000,0.25000,0.00000,1.21875,0.16862,0.25969,0.36848,0.07699,0.81312,160,sensor_noise,1.00
combined_micro_shift,cvar_lifetime_guard,6,0.88125,0.87742,0.92500,0.00000,0.00000,0.73750,0.26250,0.00000,1.21669,0.18034,0.23320,0.37557,0.07761,0.85091,160,sensor_noise,1.00
combined_micro_shift,cvar_lifetime_guard,7,0.83750,0.83871,0.85000,0.00000,0.00000,0.73125,0.26875,0.00000,1.21566,0.17994,0.26393,0.37598,0.07829,0.80731,160,sensor_noise,1.00
combined_micro_shift,cvar_lifetime_guard,8,0.83750,0.83548,0.80000,0.00000,0.00000,0.71250,0.28125,0.00000,1.21197,0.17445,0.26611,0.37629,0.08155,0.80782,160,sensor_noise,1.00
combined_micro_shift,cvar_lifetime_guard,9,0.85000,0.84839,0.87500,0.00000,0.00000,0.71875,0.28125,0.00000,1.21359,0.17750,0.25733,0.37769,0.08046,0.82010,160,sensor_noise,1.00
combined_micro_shift,skill_half_life_scheduler_v5,0,0.86875,0.86452,0.90000,0.00000,0.00000,0.16875,0.61875,0.00000,1.10266,0.14094,0.26910,0.31620,0.14307,0.85438,160,sensor_noise,1.00
combined_micro_shift,skill_half_life_scheduler_v5,1,0.77500,0.78065,0.80000,0.00625,0.00000,0.16875,0.55625,0.00000,1.10203,0.13114,0.32322,0.32062,0.15109,0.75522,160,sensor_noise,1.00
combined_micro_shift,skill_half_life_scheduler_v5,2,0.80000,0.80323,0.77500,0.00000,0.00000,0.16875,0.57500,0.00000,1.09850,0.13145,0.30545,0.32452,0.14934,0.78621,160,sensor_noise,1.00
combined_micro_shift,skill_half_life_scheduler_v5,3,0.82500,0.82258,0.77500,0.00000,0.00000,0.16250,0.61250,0.00000,1.10044,0.15573,0.29444,0.31931,0.14894,0.81094,160,sensor_noise,1.00
combined_micro_shift,skill_half_life_scheduler_v5,4,0.81250,0.81290,0.77500,0.00000,0.00000,0.16250,0.58125,0.00000,1.09747,0.14181,0.29642,0.31487,0.14880,0.79885,160,sensor_noise,1.00
combined_micro_shift,skill_half_life_scheduler_v5,5,0.80000,0.80000,0.72500,0.00625,0.00000,0.16250,0.60000,0.00000,1.10456,0.15740,0.30677,0.31356,0.14799,0.77986,160,sensor_noise,1.00
combined_micro_shift,skill_half_life_scheduler_v5,6,0.79375,0.79677,0.75000,0.00625,0.00000,0.16875,0.56250,0.00000,1.10262,0.12772,0.32045,0.31982,0.14637,0.77388,160,sensor_noise,1.00
combined_micro_shift,skill_half_life_scheduler_v5,7,0.80000,0.80000,0.80000,0.00625,0.00000,0.17500,0.59375,0.00000,1.10722,0.14080,0.30535,0.32119,0.14912,0.77949,160,sensor_noise,1.00
combined_micro_shift,skill_half_life_scheduler_v5,8,0.86875,0.86774,0.82500,0.00000,0.00000,0.17500,0.59375,0.00000,1.10191,0.15019,0.26395,0.32209,0.15422,0.85448,160,sensor_noise,1.00
combined_micro_shift,skill_half_life_scheduler_v5,9,0.82500,0.81935,0.80000,0.00000,0.00000,0.18125,0.56875,0.00000,1.10116,0.13535,0.28590,0.31969,0.14382,0.81084,160,sensor_noise,1.00
combined_micro_shift,oracle_shift_aware_scheduler,0,0.83125,0.84194,0.75000,0.00625,0.00000,0.19375,0.56875,0.00000,1.10972,0.00000,0.28053,0.18365,0.14302,0.81039,160,sensor_noise,1.00
combined_micro_shift,oracle_shift_aware_scheduler,1,0.83750,0.83871,0.92500,0.00000,0.00000,0.20000,0.51875,0.00000,1.10128,0.00000,0.27580,0.17841,0.13978,0.82332,160,sensor_noise,1.00
combined_micro_shift,oracle_shift_aware_scheduler,2,0.82500,0.82258,0.77500,0.00000,0.00000,0.20000,0.53125,0.00000,1.10247,0.00000,0.28713,0.18182,0.14023,0.81065,160,sensor_noise,1.00
combined_micro_shift,oracle_shift_aware_scheduler,3,0.83125,0.83226,0.80000,0.00000,0.00000,0.19375,0.55000,0.00000,1.10263,0.00000,0.27936,0.18013,0.14183,0.81688,160,sensor_noise,1.00
combined_micro_shift,oracle_shift_aware_scheduler,4,0.83750,0.83226,0.87500,0.00000,0.00000,0.19375,0.53750,0.00000,1.10144,0.00000,0.27571,0.17694,0.14065,0.82330,160,sensor_noise,1.00
combined_micro_shift,oracle_shift_aware_scheduler,5,0.88750,0.88710,0.90000,0.00000,0.00000,0.19375,0.53125,0.00000,1.10084,0.00000,0.24319,0.17765,0.14087,0.87338,160,sensor_noise,1.00
combined_micro_shift,oracle_shift_aware_scheduler,6,0.83125,0.82903,0.67500,0.00625,0.00000,0.20625,0.51875,0.00000,1.10822,0.00000,0.27818,0.17958,0.14081,0.81060,160,sensor_noise,1.00
combined_micro_shift,oracle_shift_aware_scheduler,7,0.81250,0.80968,0.77500,0.00000,0.00000,0.20000,0.54375,0.00000,1.10366,0.00000,0.29040,0.17926,0.14092,0.79799,160,sensor_noise,1.00
combined_micro_shift,oracle_shift_aware_scheduler,8,0.86875,0.86774,0.87500,0.00000,0.00000,0.20000,0.54375,0.00000,1.10366,0.00000,0.25967,0.18240,0.14221,0.85424,160,sensor_noise,1.00
combined_micro_shift,oracle_shift_aware_scheduler,9,0.81250,0.81290,0.77500,0.00000,0.00000,0.18750,0.56250,0.00000,1.10219,0.00000,0.29518,0.18328,0.14227,0.79819,160,sensor_noise,1.00
combined_micro_shift,domain_randomized_clone,0,0.51875,0.51613,0.30000,0.15625,0.56875,0.00000,0.00000,0.00000,1.13281,0.61930,0.42339,0.34278,0.40339,0.16928,160,sensor_noise,1.25
combined_micro_shift,domain_randomized_clone,1,0.42500,0.42581,0.20000,0.20000,0.56250,0.00000,0.00000,0.00000,1.17000,0.58980,0.44861,0.34393,0.40658,0.03395,160,sensor_noise,1.25
combined_micro_shift,domain_randomized_clone,2,0.53750,0.53548,0.25000,0.21875,0.57500,0.00000,0.00000,0.00000,1.18594,0.58921,0.42701,0.34655,0.40754,0.12347,160,sensor_noise,1.25
combined_micro_shift,domain_randomized_clone,3,0.55625,0.56129,0.25000,0.18750,0.57500,0.00000,0.00000,0.00000,1.15938,0.59228,0.42428,0.34466,0.40621,0.17344,160,sensor_noise,1.25
combined_micro_shift,domain_randomized_clone,4,0.50625,0.50000,0.22500,0.18750,0.57500,0.00000,0.00000,0.00000,1.15938,0.59417,0.42443,0.34069,0.40236,0.12344,160,sensor_noise,1.25
combined_micro_shift,domain_randomized_clone,5,0.54375,0.54194,0.32500,0.21250,0.59375,0.00000,0.00000,0.00000,1.18063,0.59883,0.43065,0.34242,0.40404,0.12959,160,sensor_noise,1.25
combined_micro_shift,domain_randomized_clone,6,0.60000,0.60323,0.35000,0.20625,0.58750,0.00000,0.00000,0.00000,1.17531,0.60948,0.41737,0.34481,0.40432,0.19421,160,sensor_noise,1.25
combined_micro_shift,domain_randomized_clone,7,0.50625,0.49677,0.42500,0.18750,0.58750,0.00000,0.00000,0.00000,1.15938,0.61975,0.46006,0.33584,0.39841,0.11919,160,sensor_noise,1.25
combined_micro_shift,domain_randomized_clone,8,0.50625,0.50323,0.25000,0.23750,0.58125,0.00000,0.00000,0.00000,1.20187,0.61784,0.42563,0.34386,0.40408,0.07136,160,sensor_noise,1.25
combined_micro_shift,domain_randomized_clone,9,0.48125,0.48065,0.35000,0.20625,0.57500,0.00000,0.00000,0.00000,1.17531,0.62117,0.44825,0.34831,0.40592,0.07971,160,sensor_noise,1.25
combined_micro_shift,conformal_risk_gate,0,0.76250,0.76452,0.65000,0.00000,0.00000,0.20625,0.63750,0.00000,1.11419,0.14233,0.33531,0.36146,0.15092,0.74651,160,sensor_noise,1.25
combined_micro_shift,conformal_risk_gate,1,0.85000,0.85161,0.80000,0.00000,0.00000,0.21250,0.61250,0.00000,1.11344,0.14200,0.28545,0.35907,0.14704,0.83412,160,sensor_noise,1.25
combined_micro_shift,conformal_risk_gate,2,0.83750,0.83226,0.95000,0.00000,0.00000,0.21875,0.59375,0.00000,1.11328,0.14840,0.29288,0.36133,0.14731,0.82164,160,sensor_noise,1.25
combined_micro_shift,conformal_risk_gate,3,0.79375,0.79355,0.82500,0.00625,0.00000,0.23125,0.58125,0.00000,1.12066,0.15872,0.31401,0.35809,0.14322,0.77136,160,sensor_noise,1.25
combined_micro_shift,conformal_risk_gate,4,0.81875,0.81613,0.82500,0.00625,0.00000,0.20000,0.64375,0.00000,1.11847,0.13785,0.30776,0.35852,0.14818,0.79666,160,sensor_noise,1.25
combined_micro_shift,conformal_risk_gate,5,0.80000,0.79355,0.80000,0.00625,0.00000,0.21250,0.62500,0.00000,1.11994,0.15018,0.31390,0.35842,0.14625,0.77771,160,sensor_noise,1.25
combined_micro_shift,conformal_risk_gate,6,0.79375,0.79355,0.75000,0.00625,0.00000,0.23750,0.56875,0.00000,1.12109,0.14462,0.31807,0.35969,0.14426,0.77130,160,sensor_noise,1.25
combined_micro_shift,conformal_risk_gate,7,0.77500,0.77742,0.80000,0.00000,0.00000,0.21250,0.57500,0.00000,1.10988,0.14633,0.33226,0.35225,0.14148,0.75962,160,sensor_noise,1.25
combined_micro_shift,conformal_risk_gate,8,0.81875,0.82258,0.77500,0.00000,0.00000,0.21875,0.60625,0.00000,1.11447,0.14927,0.30984,0.36029,0.14708,0.80272,160,sensor_noise,1.25
combined_micro_shift,conformal_risk_gate,9,0.75000,0.74839,0.85000,0.00625,0.00000,0.22500,0.60625,0.00000,1.12141,0.14570,0.34421,0.36445,0.14837,0.72750,160,sensor_noise,1.25
combined_micro_shift,ensemble_uncertainty_gate,0,0.80000,0.79355,0.90000,0.00000,0.00000,0.20625,0.59375,0.00000,1.11003,0.15377,0.31209,0.32400,0.15018,0.78460,160,sensor_noise,1.25
combined_micro_shift,ensemble_uncertainty_gate,1,0.86250,0.85806,0.80000,0.00625,0.00000,0.20625,0.60625,0.00000,1.11653,0.14605,0.27400,0.32290,0.14885,0.84069,160,sensor_noise,1.25
combined_micro_shift,ensemble_uncertainty_gate,2,0.84375,0.84839,0.80000,0.00000,0.00000,0.21250,0.59375,0.00000,1.11166,0.15285,0.29445,0.32628,0.15132,0.82812,160,sensor_noise,1.25
combined_micro_shift,ensemble_uncertainty_gate,3,0.85000,0.84839,0.77500,0.00000,0.00000,0.22500,0.57500,0.00000,1.11312,0.15916,0.27881,0.31985,0.14089,0.83416,160,sensor_noise,1.25
combined_micro_shift,ensemble_uncertainty_gate,4,0.85000,0.85484,0.87500,0.00625,0.00000,0.19375,0.62500,0.00000,1.11506,0.14156,0.28925,0.32305,0.15139,0.82839,160,sensor_noise,1.25
combined_micro_shift,ensemble_uncertainty_gate,5,0.83750,0.83548,0.82500,0.00000,0.00000,0.20625,0.63125,0.00000,1.11359,0.14783,0.29554,0.32459,0.15272,0.82160,160,sensor_noise,1.25
combined_micro_shift,ensemble_uncertainty_gate,6,0.78750,0.78387,0.80000,0.00000,0.00000,0.23750,0.54375,0.00000,1.11341,0.15710,0.30945,0.32209,0.14318,0.77162,160,sensor_noise,1.25
combined_micro_shift,ensemble_uncertainty_gate,7,0.74375,0.74194,0.65000,0.00000,0.00000,0.18750,0.60000,0.00000,1.10575,0.15012,0.34736,0.32034,0.15182,0.72895,160,sensor_noise,1.25
combined_micro_shift,ensemble_uncertainty_gate,8,0.81250,0.81935,0.72500,0.00000,0.00000,0.19375,0.62500,0.00000,1.10975,0.15570,0.30721,0.32630,0.15330,0.79714,160,sensor_noise,1.25
combined_micro_shift,ensemble_uncertainty_gate,9,0.80000,0.79355,0.85000,0.00000,0.00000,0.22500,0.60000,0.00000,1.11550,0.15694,0.31495,0.32860,0.15082,0.78383,160,sensor_noise,1.25
combined_micro_shift,bayesian_skill_survival,0,0.85625,0.86129,0.82500,0.00000,0.00000,0.30625,0.61250,0.00000,1.13781,0.26229,0.27116,0.34566,0.14949,0.83696,160,sensor_noise,1.25
combined_micro_shift,bayesian_skill_survival,1,0.83125,0.83226,0.72500,0.00000,0.00000,0.31875,0.56875,0.00000,1.13691,0.26626,0.28022,0.34372,0.14651,0.81208,160,sensor_noise,1.25
combined_micro_shift,bayesian_skill_survival,2,0.81250,0.81290,0.82500,0.00000,0.00000,0.31250,0.58750,0.00000,1.13706,0.27148,0.29730,0.34620,0.14717,0.79331,160,sensor_noise,1.25
combined_micro_shift,bayesian_skill_survival,3,0.86250,0.85806,0.82500,0.00000,0.00000,0.29375,0.61250,0.00000,1.13456,0.27084,0.27460,0.34586,0.14894,0.84366,160,sensor_noise,1.25
combined_micro_shift,bayesian_skill_survival,4,0.87500,0.88065,0.82500,0.00000,0.00000,0.28750,0.62500,0.00000,1.13413,0.26587,0.25839,0.34245,0.14626,0.85622,160,sensor_noise,1.25
combined_micro_shift,bayesian_skill_survival,5,0.85625,0.85484,0.80000,0.00000,0.00000,0.27500,0.60625,0.00000,1.12909,0.27249,0.27118,0.34660,0.15274,0.83818,160,sensor_noise,1.25
combined_micro_shift,bayesian_skill_survival,6,0.80625,0.80000,0.82500,0.00000,0.00000,0.28750,0.60000,0.00000,1.13175,0.26375,0.29764,0.34945,0.15396,0.78780,160,sensor_noise,1.25
combined_micro_shift,bayesian_skill_survival,7,0.80000,0.79677,0.80000,0.00000,0.00000,0.27500,0.63750,0.00000,1.13206,0.25784,0.30495,0.34195,0.15102,0.78151,160,sensor_noise,1.25
combined_micro_shift,bayesian_skill_survival,8,0.82500,0.82258,0.87500,0.00000,0.00000,0.29375,0.61250,0.00000,1.13456,0.26342,0.29136,0.34569,0.14806,0.80616,160,sensor_noise,1.25
combined_micro_shift,bayesian_skill_survival,9,0.86875,0.86452,0.82500,0.00000,0.00000,0.31875,0.61875,0.00000,1.14166,0.25670,0.26165,0.34913,0.14787,0.84892,160,sensor_noise,1.25
combined_micro_shift,cvar_lifetime_guard,0,0.88750,0.88710,0.87500,0.00000,0.00000,0.82500,0.17500,0.00000,1.23113,0.19430,0.22808,0.39611,0.07572,0.85514,160,sensor_noise,1.25
combined_micro_shift,cvar_lifetime_guard,1,0.88750,0.89032,0.75000,0.00000,0.00000,0.80625,0.19375,0.00000,1.22803,0.20040,0.22910,0.39589,0.07618,0.85558,160,sensor_noise,1.25
combined_micro_shift,cvar_lifetime_guard,2,0.83125,0.82581,0.90000,0.00625,0.00000,0.84375,0.15625,0.00000,1.23953,0.20905,0.26804,0.39784,0.07578,0.79222,160,sensor_noise,1.25
combined_micro_shift,cvar_lifetime_guard,3,0.82500,0.82581,0.80000,0.00000,0.00000,0.81875,0.18125,0.00000,1.23009,0.21382,0.27277,0.39719,0.07694,0.79279,160,sensor_noise,1.25
combined_micro_shift,cvar_lifetime_guard,4,0.87500,0.87742,0.85000,0.00000,0.00000,0.83125,0.16875,0.00000,1.23216,0.20280,0.23568,0.39431,0.07528,0.84250,160,sensor_noise,1.25
combined_micro_shift,cvar_lifetime_guard,5,0.83750,0.83871,0.80000,0.00000,0.00000,0.86250,0.13750,0.00000,1.23731,0.21117,0.26130,0.39408,0.07303,0.80428,160,sensor_noise,1.25
combined_micro_shift,cvar_lifetime_guard,6,0.86875,0.86774,0.87500,0.00000,0.00000,0.82500,0.17500,0.00000,1.23113,0.20092,0.24212,0.39730,0.07497,0.83639,160,sensor_noise,1.25
combined_micro_shift,cvar_lifetime_guard,7,0.81250,0.80645,0.72500,0.00000,0.00000,0.86250,0.13750,0.00000,1.23731,0.19300,0.27894,0.38962,0.07169,0.77928,160,sensor_noise,1.25
combined_micro_shift,cvar_lifetime_guard,8,0.88125,0.88387,0.85000,0.00000,0.00000,0.86875,0.13125,0.00000,1.23834,0.19986,0.23137,0.39580,0.07358,0.84788,160,sensor_noise,1.25
combined_micro_shift,cvar_lifetime_guard,9,0.83750,0.83226,0.82500,0.00000,0.00000,0.83750,0.16250,0.00000,1.23319,0.19915,0.26331,0.40094,0.07687,0.80485,160,sensor_noise,1.25
combined_micro_shift,skill_half_life_scheduler_v5,0,0.85000,0.84516,0.85000,0.00000,0.00000,0.16875,0.60000,0.00000,1.10087,0.14922,0.27929,0.33979,0.15126,0.83588,160,sensor_noise,1.25
combined_micro_shift,skill_half_life_scheduler_v5,1,0.79375,0.78710,0.75000,0.00625,0.00000,0.16875,0.61250,0.00000,1.10737,0.15020,0.31207,0.33789,0.14903,0.77322,160,sensor_noise,1.25
combined_micro_shift,skill_half_life_scheduler_v5,2,0.83750,0.83226,0.85000,0.00000,0.00000,0.16875,0.63125,0.00000,1.10384,0.13897,0.28483,0.34031,0.14913,0.82296,160,sensor_noise,1.25
combined_micro_shift,skill_half_life_scheduler_v5,3,0.79375,0.79677,0.72500,0.00000,0.00000,0.18750,0.57500,0.00000,1.10338,0.16328,0.31090,0.33732,0.14633,0.77928,160,sensor_noise,1.25
combined_micro_shift,skill_half_life_scheduler_v5,4,0.78750,0.78387,0.82500,0.01250,0.00000,0.18125,0.56875,0.00000,1.11178,0.14186,0.30797,0.33584,0.14662,0.76085,160,sensor_noise,1.25
combined_micro_shift,skill_half_life_scheduler_v5,5,0.76250,0.76129,0.72500,0.00000,0.00000,0.17500,0.56875,0.00000,1.09953,0.15067,0.32546,0.33882,0.15150,0.74857,160,sensor_noise,1.25
combined_micro_shift,skill_half_life_scheduler_v5,6,0.78750,0.78387,0.82500,0.00625,0.00000,0.18750,0.56250,0.00000,1.10750,0.14574,0.30700,0.33843,0.14517,0.76695,160,sensor_noise,1.25
combined_micro_shift,skill_half_life_scheduler_v5,7,0.84375,0.83871,0.82500,0.00000,0.00000,0.16875,0.54375,0.00000,1.09553,0.15939,0.27780,0.33316,0.14780,0.83038,160,sensor_noise,1.25
combined_micro_shift,skill_half_life_scheduler_v5,8,0.81250,0.80968,0.75000,0.00625,0.00000,0.17500,0.58750,0.00000,1.10662,0.16342,0.29649,0.33778,0.14663,0.79207,160,sensor_noise,1.25
combined_micro_shift,skill_half_life_scheduler_v5,9,0.83125,0.83226,0.82500,0.00000,0.00000,0.17500,0.64375,0.00000,1.10666,0.14361,0.29071,0.34333,0.14888,0.81632,160,sensor_noise,1.25
combined_micro_shift,oracle_shift_aware_scheduler,0,0.84375,0.84194,0.82500,0.00000,0.00000,0.19375,0.55625,0.00000,1.10322,0.00000,0.27609,0.18239,0.14144,0.82930,160,sensor_noise,1.25
combined_micro_shift,oracle_shift_aware_scheduler,1,0.83750,0.83548,0.90000,0.00000,0.00000,0.20000,0.52500,0.00000,1.10188,0.00000,0.28075,0.17773,0.14063,0.82324,160,sensor_noise,1.25
combined_micro_shift,oracle_shift_aware_scheduler,2,0.88125,0.88387,0.90000,0.00000,0.00000,0.20625,0.52500,0.00000,1.10350,0.00000,0.24949,0.17982,0.14179,0.86676,160,sensor_noise,1.25
combined_micro_shift,oracle_shift_aware_scheduler,3,0.81250,0.81935,0.70000,0.00625,0.00000,0.20000,0.52500,0.00000,1.10719,0.00000,0.29655,0.18005,0.14031,0.79199,160,sensor_noise,1.25
combined_micro_shift,oracle_shift_aware_scheduler,4,0.81875,0.82581,0.80000,0.00000,0.00000,0.19375,0.55625,0.00000,1.10322,0.00000,0.28466,0.17623,0.13995,0.80430,160,sensor_noise,1.25
combined_micro_shift,oracle_shift_aware_scheduler,5,0.91250,0.91290,0.85000,0.00000,0.00000,0.20000,0.54375,0.00000,1.10366,0.00000,0.23256,0.18041,0.14408,0.89799,160,sensor_noise,1.25
combined_micro_shift,oracle_shift_aware_scheduler,6,0.85000,0.84839,0.87500,0.00000,0.00000,0.20000,0.53750,0.00000,1.10306,0.00000,0.26971,0.18041,0.14130,0.83557,160,sensor_noise,1.25
combined_micro_shift,oracle_shift_aware_scheduler,7,0.85000,0.84839,0.80000,0.00000,0.00000,0.19375,0.52500,0.00000,1.10025,0.00000,0.27334,0.17771,0.14123,0.83596,160,sensor_noise,1.25
combined_micro_shift,oracle_shift_aware_scheduler,8,0.84375,0.83871,0.87500,0.00000,0.00000,0.20000,0.53125,0.00000,1.10247,0.00000,0.27621,0.18357,0.14209,0.82940,160,sensor_noise,1.25
combined_micro_shift,oracle_shift_aware_scheduler,9,0.85625,0.85806,0.82500,0.00625,0.00000,0.19375,0.55000,0.00000,1.10794,0.00000,0.26859,0.18582,0.14388,0.83564,160,sensor_noise,1.25
combined_micro_shift,domain_randomized_clone,0,0.48125,0.48065,0.17500,0.24375,0.56875,0.00000,0.00000,0.00000,1.20719,0.56669,0.41852,0.36074,0.41145,0.04437,160,sensor_noise,1.50
combined_micro_shift,domain_randomized_clone,1,0.53750,0.53226,0.30000,0.22500,0.57500,0.00000,0.00000,0.00000,1.19125,0.61042,0.41705,0.35084,0.40583,0.11722,160,sensor_noise,1.50
combined_micro_shift,domain_randomized_clone,2,0.55000,0.54839,0.32500,0.22500,0.59375,0.00000,0.00000,0.00000,1.19125,0.60098,0.42547,0.35978,0.41197,0.12335,160,sensor_noise,1.50
combined_micro_shift,domain_randomized_clone,3,0.47500,0.46774,0.35000,0.17500,0.58125,0.00000,0.00000,0.00000,1.14875,0.58100,0.43098,0.35131,0.40718,0.10255,160,sensor_noise,1.50
combined_micro_shift,domain_randomized_clone,4,0.43750,0.43548,0.17500,0.25625,0.58125,0.00000,0.00000,0.00000,1.21781,0.59340,0.42576,0.35845,0.40968,-0.01612,160,sensor_noise,1.50
combined_micro_shift,domain_randomized_clone,5,0.52500,0.52258,0.40000,0.18125,0.58125,0.00000,0.00000,0.00000,1.15406,0.60131,0.44484,0.35415,0.40837,0.14631,160,sensor_noise,1.50
combined_micro_shift,domain_randomized_clone,6,0.50000,0.50000,0.17500,0.20625,0.57500,0.00000,0.00000,0.00000,1.17531,0.57248,0.43359,0.35224,0.40904,0.09846,160,sensor_noise,1.50
combined_micro_shift,domain_randomized_clone,7,0.51250,0.51290,0.20000,0.23125,0.56875,0.00000,0.00000,0.00000,1.19656,0.59992,0.40868,0.36100,0.40962,0.08811,160,sensor_noise,1.50
combined_micro_shift,domain_randomized_clone,8,0.48125,0.48065,0.22500,0.23125,0.56875,0.00000,0.00000,0.00000,1.19656,0.62795,0.44399,0.35152,0.40575,0.05686,160,sensor_noise,1.50
combined_micro_shift,domain_randomized_clone,9,0.51875,0.51613,0.30000,0.21875,0.56875,0.00000,0.00000,0.00000,1.18594,0.60757,0.44997,0.35126,0.40605,0.10684,160,sensor_noise,1.50
combined_micro_shift,conformal_risk_gate,0,0.78125,0.78065,0.72500,0.00000,0.00000,0.25000,0.63750,0.00000,1.12556,0.15979,0.31841,0.38020,0.14108,0.76367,160,sensor_noise,1.50
combined_micro_shift,conformal_risk_gate,1,0.81875,0.81935,0.82500,0.00000,0.00000,0.25000,0.58125,0.00000,1.12022,0.17112,0.30460,0.37246,0.13987,0.80192,160,sensor_noise,1.50
combined_micro_shift,conformal_risk_gate,2,0.82500,0.81935,0.85000,0.00000,0.00000,0.25000,0.64375,0.00000,1.12616,0.15934,0.29753,0.37910,0.14147,0.80734,160,sensor_noise,1.50
combined_micro_shift,conformal_risk_gate,3,0.78125,0.78065,0.85000,0.00625,0.00000,0.25000,0.58750,0.00000,1.12613,0.16882,0.33128,0.37314,0.14163,0.75809,160,sensor_noise,1.50
combined_micro_shift,conformal_risk_gate,4,0.78750,0.78710,0.82500,0.00625,0.00000,0.26875,0.57500,0.00000,1.12981,0.17289,0.31968,0.37798,0.13946,0.76383,160,sensor_noise,1.50
combined_micro_shift,conformal_risk_gate,5,0.84375,0.84194,0.80000,0.00000,0.00000,0.25000,0.60000,0.00000,1.12200,0.16739,0.28736,0.37395,0.13878,0.82667,160,sensor_noise,1.50
combined_micro_shift,conformal_risk_gate,6,0.79375,0.79032,0.82500,0.00000,0.00000,0.23125,0.63125,0.00000,1.12009,0.16637,0.31662,0.37446,0.14424,0.77694,160,sensor_noise,1.50
combined_micro_shift,conformal_risk_gate,7,0.82500,0.81935,0.77500,0.00000,0.00000,0.28750,0.57500,0.00000,1.12938,0.17860,0.29326,0.37609,0.13057,0.80689,160,sensor_noise,1.50
combined_micro_shift,conformal_risk_gate,8,0.86875,0.86452,0.90000,0.00000,0.00000,0.25625,0.60000,0.00000,1.12362,0.17228,0.26853,0.37325,0.14000,0.85144,160,sensor_noise,1.50
combined_micro_shift,conformal_risk_gate,9,0.85625,0.85806,0.87500,0.00000,0.00000,0.26250,0.56250,0.00000,1.12169,0.17808,0.28157,0.37298,0.14029,0.83921,160,sensor_noise,1.50
combined_micro_shift,ensemble_uncertainty_gate,0,0.81250,0.81935,0.85000,0.00000,0.00000,0.24375,0.63125,0.00000,1.12334,0.16227,0.30564,0.34161,0.14191,0.79523,160,sensor_noise,1.50
combined_micro_shift,ensemble_uncertainty_gate,1,0.85000,0.85161,0.80000,0.00625,0.00000,0.23125,0.57500,0.00000,1.12006,0.17600,0.28111,0.33519,0.14333,0.82769,160,sensor_noise,1.50
combined_micro_shift,ensemble_uncertainty_gate,2,0.83750,0.83226,0.82500,0.00625,0.00000,0.23125,0.65000,0.00000,1.12719,0.17091,0.28566,0.34190,0.14509,0.81419,160,sensor_noise,1.50
combined_micro_shift,ensemble_uncertainty_gate,3,0.80000,0.80323,0.82500,0.00000,0.00000,0.23750,0.57500,0.00000,1.11638,0.17526,0.31326,0.33605,0.14547,0.78371,160,sensor_noise,1.50
combined_micro_shift,ensemble_uncertainty_gate,4,0.77500,0.77097,0.85000,0.00000,0.00000,0.25625,0.57500,0.00000,1.12125,0.17480,0.32738,0.34019,0.14192,0.75803,160,sensor_noise,1.50
combined_micro_shift,ensemble_uncertainty_gate,5,0.85625,0.85161,0.90000,0.00625,0.00000,0.21250,0.64375,0.00000,1.12172,0.17470,0.27586,0.33796,0.14488,0.83371,160,sensor_noise,1.50
combined_micro_shift,ensemble_uncertainty_gate,6,0.80625,0.80645,0.80000,0.00000,0.00000,0.21875,0.64375,0.00000,1.11803,0.17641,0.31230,0.33767,0.14870,0.78973,160,sensor_noise,1.50
combined_micro_shift,ensemble_uncertainty_gate,7,0.76875,0.76774,0.72500,0.00000,0.00000,0.28125,0.53125,0.00000,1.12359,0.19042,0.32939,0.33932,0.13510,0.75145,160,sensor_noise,1.50
combined_micro_shift,ensemble_uncertainty_gate,8,0.80000,0.79355,0.77500,0.01250,0.00000,0.24375,0.60000,0.00000,1.13100,0.18178,0.30684,0.33629,0.14412,0.77066,160,sensor_noise,1.50
combined_micro_shift,ensemble_uncertainty_gate,9,0.80000,0.80000,0.80000,0.00000,0.00000,0.25000,0.56250,0.00000,1.11844,0.19347,0.30888,0.33517,0.14269,0.78342,160,sensor_noise,1.50
combined_micro_shift,bayesian_skill_survival,0,0.83125,0.82903,0.82500,0.00000,0.00000,0.36250,0.56250,0.00000,1.14769,0.30292,0.27743,0.36558,0.14279,0.81057,160,sensor_noise,1.50
combined_micro_shift,bayesian_skill_survival,1,0.81875,0.81613,0.80000,0.00000,0.00000,0.33125,0.58750,0.00000,1.14194,0.28082,0.29315,0.35983,0.14551,0.79888,160,sensor_noise,1.50
combined_micro_shift,bayesian_skill_survival,2,0.82500,0.81935,0.92500,0.00000,0.00000,0.35625,0.56875,0.00000,1.14666,0.28459,0.28267,0.36428,0.14273,0.80447,160,sensor_noise,1.50
combined_micro_shift,bayesian_skill_survival,3,0.87500,0.87419,0.87500,0.00000,0.00000,0.35000,0.55625,0.00000,1.14384,0.28769,0.25362,0.35722,0.14078,0.85486,160,sensor_noise,1.50
combined_micro_shift,bayesian_skill_survival,4,0.85000,0.85161,0.75000,0.00625,0.00000,0.36875,0.54375,0.00000,1.15284,0.29062,0.26751,0.36132,0.13716,0.82310,160,sensor_noise,1.50
combined_micro_shift,bayesian_skill_survival,5,0.85000,0.84839,0.80000,0.00000,0.00000,0.34375,0.56875,0.00000,1.14341,0.28514,0.26772,0.36025,0.14236,0.82992,160,sensor_noise,1.50
combined_micro_shift,bayesian_skill_survival,6,0.86250,0.86129,0.87500,0.00000,0.00000,0.33750,0.60000,0.00000,1.14475,0.29406,0.26417,0.35896,0.14418,0.84224,160,sensor_noise,1.50
combined_micro_shift,bayesian_skill_survival,7,0.85000,0.85161,0.82500,0.00000,0.00000,0.36875,0.57500,0.00000,1.15050,0.29463,0.26781,0.36563,0.14064,0.82893,160,sensor_noise,1.50
combined_micro_shift,bayesian_skill_survival,8,0.80625,0.80323,0.80000,0.00000,0.00000,0.34375,0.57500,0.00000,1.14400,0.27138,0.29359,0.35962,0.14371,0.78609,160,sensor_noise,1.50
combined_micro_shift,bayesian_skill_survival,9,0.85000,0.85161,0.95000,0.00000,0.00000,0.34375,0.58125,0.00000,1.14459,0.28248,0.27476,0.35814,0.14155,0.82976,160,sensor_noise,1.50
combined_micro_shift,cvar_lifetime_guard,0,0.87500,0.87742,0.87500,0.00000,0.00000,0.91250,0.08750,0.00000,1.24556,0.23405,0.23521,0.42298,0.07518,0.84062,160,sensor_noise,1.50
combined_micro_shift,cvar_lifetime_guard,1,0.84375,0.84516,0.87500,0.00000,0.00000,0.90000,0.10000,0.00000,1.24350,0.22274,0.25820,0.41528,0.07402,0.80966,160,sensor_noise,1.50
combined_micro_shift,cvar_lifetime_guard,2,0.86250,0.86774,0.90000,0.00000,0.00000,0.90000,0.10000,0.00000,1.24350,0.22572,0.24390,0.42175,0.07526,0.82841,160,sensor_noise,1.50
combined_micro_shift,cvar_lifetime_guard,3,0.84375,0.84194,0.82500,0.00000,0.00000,0.88750,0.11250,0.00000,1.24144,0.23253,0.25584,0.41556,0.07500,0.80995,160,sensor_noise,1.50
combined_micro_shift,cvar_lifetime_guard,4,0.86250,0.86452,0.90000,0.00000,0.00000,0.88750,0.11250,0.00000,1.24144,0.23844,0.24530,0.42210,0.07628,0.82870,160,sensor_noise,1.50
combined_micro_shift,cvar_lifetime_guard,5,0.83125,0.83226,0.82500,0.00000,0.00000,0.91875,0.07500,0.00625,1.24900,0.22827,0.26350,0.41786,0.07512,0.79589,160,sensor_noise,1.50
combined_micro_shift,cvar_lifetime_guard,6,0.91250,0.91613,0.90000,0.00000,0.00000,0.90000,0.10000,0.00000,1.24350,0.23417,0.21048,0.41520,0.07427,0.87841,160,sensor_noise,1.50
combined_micro_shift,cvar_lifetime_guard,7,0.88750,0.88387,0.87500,0.00000,0.00000,0.91250,0.08750,0.00000,1.24556,0.23909,0.22657,0.42424,0.07542,0.85312,160,sensor_noise,1.50
combined_micro_shift,cvar_lifetime_guard,8,0.88125,0.88387,0.82500,0.00625,0.00000,0.90625,0.09375,0.00000,1.24984,0.21901,0.22988,0.41590,0.07381,0.84077,160,sensor_noise,1.50
combined_micro_shift,cvar_lifetime_guard,9,0.88125,0.88065,0.90000,0.00000,0.00000,0.90000,0.10000,0.00000,1.24350,0.23358,0.23095,0.41545,0.07373,0.84716,160,sensor_noise,1.50
combined_micro_shift,skill_half_life_scheduler_v5,0,0.82500,0.82258,0.82500,0.00625,0.00000,0.18125,0.60625,0.00000,1.11003,0.14845,0.29527,0.36273,0.15085,0.80410,160,sensor_noise,1.50
combined_micro_shift,skill_half_life_scheduler_v5,1,0.85000,0.84839,0.87500,0.00000,0.00000,0.18125,0.56875,0.00000,1.10116,0.17784,0.27118,0.35201,0.14507,0.83584,160,sensor_noise,1.50
combined_micro_shift,skill_half_life_scheduler_v5,2,0.80000,0.80323,0.72500,0.00000,0.00000,0.17500,0.63750,0.00000,1.10606,0.16251,0.30836,0.35982,0.14785,0.78515,160,sensor_noise,1.50
combined_micro_shift,skill_half_life_scheduler_v5,3,0.80000,0.79677,0.82500,0.00625,0.00000,0.17500,0.58125,0.00000,1.10603,0.16794,0.30983,0.35311,0.14768,0.77966,160,sensor_noise,1.50
combined_micro_shift,skill_half_life_scheduler_v5,4,0.81250,0.80968,0.90000,0.00000,0.00000,0.18750,0.58750,0.00000,1.10456,0.16270,0.30300,0.36004,0.14832,0.79786,160,sensor_noise,1.50
combined_micro_shift,skill_half_life_scheduler_v5,5,0.86875,0.86774,0.80000,0.00000,0.00000,0.18750,0.58125,0.00000,1.10397,0.17225,0.26102,0.35401,0.14465,0.85419,160,sensor_noise,1.50
combined_micro_shift,skill_half_life_scheduler_v5,6,0.81250,0.80968,0.80000,0.00000,0.00000,0.18125,0.56250,0.00000,1.10056,0.15376,0.30137,0.35194,0.14678,0.79842,160,sensor_noise,1.50
combined_micro_shift,skill_half_life_scheduler_v5,7,0.81875,0.81935,0.82500,0.00625,0.00000,0.18125,0.58125,0.00000,1.10766,0.16789,0.29981,0.36319,0.14936,0.79818,160,sensor_noise,1.50
combined_micro_shift,skill_half_life_scheduler_v5,8,0.83750,0.83548,0.90000,0.00000,0.00000,0.18750,0.57500,0.00000,1.10337,0.17403,0.28313,0.35203,0.14370,0.82303,160,sensor_noise,1.50
combined_micro_shift,skill_half_life_scheduler_v5,9,0.87500,0.87419,0.85000,0.00000,0.00000,0.17500,0.58750,0.00000,1.10131,0.17839,0.25966,0.35361,0.14793,0.86082,160,sensor_noise,1.50
combined_micro_shift,oracle_shift_aware_scheduler,0,0.83750,0.83548,0.87500,0.00000,0.00000,0.20000,0.53750,0.00000,1.10306,0.00000,0.27621,0.17928,0.14012,0.82307,160,sensor_noise,1.50
combined_micro_shift,oracle_shift_aware_scheduler,1,0.81875,0.81613,0.80000,0.00000,0.00000,0.19375,0.53750,0.00000,1.10144,0.00000,0.28816,0.18210,0.13978,0.80455,160,sensor_noise,1.50
combined_micro_shift,oracle_shift_aware_scheduler,2,0.88750,0.88387,0.87500,0.00000,0.00000,0.20625,0.54375,0.00000,1.10528,0.00000,0.24510,0.18562,0.14190,0.87276,160,sensor_noise,1.50
combined_micro_shift,oracle_shift_aware_scheduler,3,0.80000,0.80000,0.85000,0.00000,0.00000,0.20000,0.53750,0.00000,1.10306,0.00000,0.29923,0.17694,0.13969,0.78557,160,sensor_noise,1.50
combined_micro_shift,oracle_shift_aware_scheduler,4,0.83750,0.83871,0.80000,0.00625,0.00000,0.20625,0.51875,0.00000,1.10822,0.00000,0.27666,0.18106,0.14016,0.81685,160,sensor_noise,1.50
combined_micro_shift,oracle_shift_aware_scheduler,5,0.83750,0.83871,0.85000,0.00000,0.00000,0.20000,0.53750,0.00000,1.10306,0.00000,0.27785,0.18121,0.13989,0.82307,160,sensor_noise,1.50
combined_micro_shift,oracle_shift_aware_scheduler,6,0.80000,0.80000,0.75000,0.00000,0.00000,0.20000,0.56250,0.00000,1.10544,0.00000,0.29662,0.17808,0.14010,0.78524,160,sensor_noise,1.50
combined_micro_shift,oracle_shift_aware_scheduler,7,0.82500,0.82903,0.77500,0.00000,0.00000,0.20625,0.53125,0.00000,1.10409,0.00000,0.28590,0.18506,0.14013,0.81043,160,sensor_noise,1.50
combined_micro_shift,oracle_shift_aware_scheduler,8,0.88125,0.88065,0.92500,0.00000,0.00000,0.19375,0.54375,0.00000,1.10203,0.00000,0.25217,0.18540,0.14102,0.86697,160,sensor_noise,1.50
combined_micro_shift,oracle_shift_aware_scheduler,9,0.85625,0.86129,0.85000,0.00625,0.00000,0.19375,0.58125,0.00000,1.11091,0.00000,0.26703,0.18073,0.13851,0.83522,160,sensor_noise,1.50
combined_micro_shift,domain_randomized_clone,0,0.59375,0.59032,0.32500,0.15625,0.55625,0.00000,0.00000,0.00000,1.13281,0.63739,0.40280,0.29753,0.39130,0.24853,160,mode_chatter,0.00
combined_micro_shift,domain_randomized_clone,1,0.40625,0.40968,0.07500,0.20625,0.55625,0.00000,0.00000,0.00000,1.17531,0.62772,0.43671,0.29985,0.39327,0.01108,160,mode_chatter,0.00
combined_micro_shift,domain_randomized_clone,2,0.53125,0.52581,0.37500,0.17500,0.56875,0.00000,0.00000,0.00000,1.14875,0.62406,0.43378,0.29950,0.39376,0.16305,160,mode_chatter,0.00
combined_micro_shift,domain_randomized_clone,3,0.51875,0.51290,0.32500,0.17500,0.56875,0.00000,0.00000,0.00000,1.14875,0.63117,0.44301,0.30009,0.39341,0.15055,160,mode_chatter,0.00
combined_micro_shift,domain_randomized_clone,4,0.50000,0.50000,0.37500,0.17500,0.56875,0.00000,0.00000,0.00000,1.14875,0.63731,0.44144,0.29819,0.39183,0.13180,160,mode_chatter,0.00
combined_micro_shift,domain_randomized_clone,5,0.51250,0.51290,0.32500,0.20625,0.58125,0.00000,0.00000,0.00000,1.17531,0.63297,0.42841,0.29668,0.39198,0.10883,160,mode_chatter,0.00
combined_micro_shift,domain_randomized_clone,6,0.48750,0.48710,0.17500,0.18125,0.56875,0.00000,0.00000,0.00000,1.15406,0.62681,0.44186,0.29893,0.39184,0.11306,160,mode_chatter,0.00
combined_micro_shift,domain_randomized_clone,7,0.55000,0.54839,0.22500,0.18125,0.56250,0.00000,0.00000,0.00000,1.15406,0.64522,0.42438,0.29696,0.39024,0.17768,160,mode_chatter,0.00
combined_micro_shift,domain_randomized_clone,8,0.54375,0.53871,0.35000,0.15000,0.55625,0.00000,0.00000,0.00000,1.12750,0.63965,0.42486,0.29943,0.39163,0.20477,160,mode_chatter,0.00
combined_micro_shift,domain_randomized_clone,9,0.48750,0.49032,0.22500,0.25000,0.55000,0.00000,0.00000,0.00000,1.21250,0.62644,0.42942,0.29973,0.39288,0.05075,160,mode_chatter,0.00
combined_micro_shift,conformal_risk_gate,0,0.82500,0.82581,0.82500,0.00000,0.00000,0.16250,0.50625,0.00000,1.09034,0.07499,0.30360,0.28924,0.15337,0.81235,160,mode_chatter,0.00
combined_micro_shift,conformal_risk_gate,1,0.80000,0.80323,0.75000,0.00625,0.00000,0.17500,0.46250,0.00000,1.09475,0.06935,0.31714,0.28985,0.15189,0.78124,160,mode_chatter,0.00
combined_micro_shift,conformal_risk_gate,2,0.82500,0.82258,0.85000,0.00000,0.00000,0.15625,0.55000,0.00000,1.09287,0.06767,0.30552,0.28927,0.15189,0.81200,160,mode_chatter,0.00
combined_micro_shift,conformal_risk_gate,3,0.80625,0.80323,0.85000,0.00000,0.00000,0.17500,0.50625,0.00000,1.09359,0.07192,0.31258,0.29043,0.15268,0.79315,160,mode_chatter,0.00
combined_micro_shift,conformal_risk_gate,4,0.74375,0.73871,0.75000,0.00625,0.00000,0.16250,0.50625,0.00000,1.09566,0.07389,0.35030,0.28972,0.15349,0.72486,160,mode_chatter,0.00
combined_micro_shift,conformal_risk_gate,5,0.80625,0.80323,0.85000,0.00625,0.00000,0.16250,0.50000,0.00000,1.09506,0.06719,0.31365,0.28662,0.15046,0.78744,160,mode_chatter,0.00
combined_micro_shift,conformal_risk_gate,6,0.80625,0.80968,0.80000,0.00000,0.00000,0.16250,0.51250,0.00000,1.09094,0.06356,0.31554,0.28963,0.15185,0.79352,160,mode_chatter,0.00
combined_micro_shift,conformal_risk_gate,7,0.80000,0.80000,0.77500,0.00000,0.00000,0.16250,0.50625,0.00000,1.09034,0.07226,0.32031,0.28927,0.15351,0.78735,160,mode_chatter,0.00
combined_micro_shift,conformal_risk_gate,8,0.80625,0.80645,0.85000,0.00625,0.00000,0.15625,0.53750,0.00000,1.09700,0.07607,0.32084,0.29175,0.15486,0.78717,160,mode_chatter,0.00
combined_micro_shift,conformal_risk_gate,9,0.86250,0.86129,0.90000,0.00000,0.00000,0.16875,0.50625,0.00000,1.09197,0.06848,0.27976,0.28955,0.15116,0.84962,160,mode_chatter,0.00
combined_micro_shift,ensemble_uncertainty_gate,0,0.78750,0.79355,0.67500,0.00625,0.00000,0.15625,0.52500,0.00000,1.09581,0.08806,0.32043,0.26002,0.15537,0.76859,160,mode_chatter,0.00
combined_micro_shift,ensemble_uncertainty_gate,1,0.76875,0.77097,0.75000,0.00625,0.00000,0.16250,0.52500,0.00000,1.09744,0.08591,0.33004,0.26142,0.15547,0.74961,160,mode_chatter,0.00
combined_micro_shift,ensemble_uncertainty_gate,2,0.81250,0.81613,0.75000,0.00000,0.00000,0.15625,0.58125,0.00000,1.09584,0.07713,0.30270,0.26053,0.15487,0.79908,160,mode_chatter,0.00
combined_micro_shift,ensemble_uncertainty_gate,3,0.79375,0.79355,0.80000,0.00000,0.00000,0.16250,0.55000,0.00000,1.09450,0.08006,0.32330,0.26234,0.15696,0.78052,160,mode_chatter,0.00
combined_micro_shift,ensemble_uncertainty_gate,4,0.76250,0.76129,0.65000,0.00625,0.00000,0.15625,0.52500,0.00000,1.09581,0.08205,0.33602,0.26001,0.15452,0.74359,160,mode_chatter,0.00
combined_micro_shift,ensemble_uncertainty_gate,5,0.79375,0.80000,0.70000,0.00625,0.00000,0.15625,0.53750,0.00000,1.09700,0.07996,0.32081,0.25852,0.15472,0.77467,160,mode_chatter,0.00
combined_micro_shift,ensemble_uncertainty_gate,6,0.80625,0.80323,0.90000,0.00000,0.00000,0.15625,0.55000,0.00000,1.09288,0.08056,0.31412,0.26261,0.15826,0.79325,160,mode_chatter,0.00
combined_micro_shift,ensemble_uncertainty_gate,7,0.75625,0.75806,0.85000,0.00625,0.00000,0.16250,0.53750,0.00000,1.09862,0.08760,0.34285,0.25735,0.15010,0.73694,160,mode_chatter,0.00
combined_micro_shift,ensemble_uncertainty_gate,8,0.81250,0.81290,0.77500,0.00625,0.00000,0.15625,0.56875,0.00000,1.09997,0.08651,0.31687,0.26347,0.15877,0.79300,160,mode_chatter,0.00
combined_micro_shift,ensemble_uncertainty_gate,9,0.74375,0.75161,0.67500,0.00625,0.00000,0.15625,0.55625,0.00000,1.09878,0.07873,0.35311,0.26173,0.15593,0.72442,160,mode_chatter,0.00
combined_micro_shift,bayesian_skill_survival,0,0.85000,0.84839,0.87500,0.00000,0.00000,0.18125,0.60625,0.00000,1.10472,0.12598,0.28266,0.27675,0.15574,0.83534,160,mode_chatter,0.00
combined_micro_shift,bayesian_skill_survival,1,0.83750,0.83548,0.72500,0.00000,0.00000,0.20000,0.57500,0.00000,1.10662,0.12425,0.28144,0.27754,0.15464,0.82257,160,mode_chatter,0.00
combined_micro_shift,bayesian_skill_survival,2,0.78750,0.78387,0.75000,0.01250,0.00000,0.19375,0.57500,0.00000,1.11563,0.12391,0.32116,0.27829,0.15729,0.76031,160,mode_chatter,0.00
combined_micro_shift,bayesian_skill_survival,3,0.85625,0.85161,0.92500,0.00625,0.00000,0.18125,0.59375,0.00000,1.10884,0.12282,0.28130,0.27865,0.15653,0.83551,160,mode_chatter,0.00
combined_micro_shift,bayesian_skill_survival,4,0.81250,0.80645,0.77500,0.00625,0.00000,0.18750,0.57500,0.00000,1.10869,0.12382,0.30393,0.27692,0.15527,0.79178,160,mode_chatter,0.00
combined_micro_shift,bayesian_skill_survival,5,0.82500,0.82903,0.75000,0.00000,0.00000,0.18125,0.58750,0.00000,1.10294,0.12172,0.29891,0.27589,0.15640,0.81059,160,mode_chatter,0.00
combined_micro_shift,bayesian_skill_survival,6,0.85000,0.85161,0.80000,0.00000,0.00000,0.18750,0.60000,0.00000,1.10575,0.12836,0.28667,0.27835,0.15668,0.83520,160,mode_chatter,0.00
combined_micro_shift,bayesian_skill_survival,7,0.79375,0.79355,0.77500,0.01250,0.00000,0.18750,0.57500,0.00000,1.11400,0.12000,0.32013,0.27656,0.15545,0.76679,160,mode_chatter,0.00
combined_micro_shift,bayesian_skill_survival,8,0.81250,0.80968,0.85000,0.00000,0.00000,0.18750,0.58750,0.00000,1.10456,0.12422,0.30615,0.27918,0.15710,0.79786,160,mode_chatter,0.00
combined_micro_shift,bayesian_skill_survival,9,0.81250,0.81290,0.87500,0.00625,0.00000,0.19375,0.60000,0.00000,1.11269,0.12445,0.30213,0.27853,0.15648,0.79122,160,mode_chatter,0.00
combined_micro_shift,cvar_lifetime_guard,0,0.83125,0.83226,0.85000,0.00000,0.00000,0.40000,0.56875,0.00000,1.15803,0.09858,0.28258,0.32337,0.10195,0.80913,160,mode_chatter,0.00
combined_micro_shift,cvar_lifetime_guard,1,0.83750,0.84194,0.85000,0.00000,0.00000,0.41875,0.54375,0.00000,1.16053,0.09204,0.27998,0.32650,0.10554,0.81503,160,mode_chatter,0.00
combined_micro_shift,cvar_lifetime_guard,2,0.87500,0.87097,0.85000,0.00000,0.00000,0.44375,0.51250,0.00000,1.16406,0.08965,0.25419,0.32348,0.10064,0.85203,160,mode_chatter,0.00
combined_micro_shift,cvar_lifetime_guard,3,0.81250,0.81290,0.82500,0.00000,0.00000,0.42500,0.53125,0.00000,1.16097,0.09624,0.29378,0.32520,0.10259,0.78996,160,mode_chatter,0.00
combined_micro_shift,cvar_lifetime_guard,4,0.84375,0.84516,0.82500,0.00000,0.00000,0.38750,0.55625,0.00000,1.15359,0.09057,0.27480,0.32418,0.10276,0.82225,160,mode_chatter,0.00
combined_micro_shift,cvar_lifetime_guard,5,0.87500,0.88065,0.87500,0.00625,0.00000,0.38125,0.57500,0.00000,1.15906,0.09527,0.25817,0.32364,0.10489,0.84723,160,mode_chatter,0.00
combined_micro_shift,cvar_lifetime_guard,6,0.78125,0.77742,0.70000,0.00000,0.00000,0.39375,0.56875,0.00000,1.15641,0.09659,0.31439,0.32488,0.10272,0.75935,160,mode_chatter,0.00
combined_micro_shift,cvar_lifetime_guard,7,0.88125,0.88710,0.85000,0.00000,0.00000,0.40000,0.56250,0.00000,1.15744,0.09143,0.25225,0.32384,0.10300,0.85921,160,mode_chatter,0.00
combined_micro_shift,cvar_lifetime_guard,8,0.86250,0.85806,0.90000,0.00000,0.00000,0.40625,0.55625,0.00000,1.15847,0.09216,0.26065,0.32525,0.10217,0.84031,160,mode_chatter,0.00
combined_micro_shift,cvar_lifetime_guard,9,0.81875,0.81613,0.82500,0.00000,0.00000,0.41250,0.56250,0.00000,1.16069,0.09788,0.28490,0.32668,0.10575,0.79625,160,mode_chatter,0.00
combined_micro_shift,skill_half_life_scheduler_v5,0,0.78125,0.77742,0.80000,0.00000,0.00000,0.14375,0.53750,0.00000,1.08844,0.12423,0.32313,0.26677,0.14901,0.76887,160,mode_chatter,0.00
combined_micro_shift,skill_half_life_scheduler_v5,1,0.76875,0.76129,0.92500,0.00625,0.00000,0.15000,0.54375,0.00000,1.09597,0.11880,0.32669,0.26953,0.15178,0.74981,160,mode_chatter,0.00
combined_micro_shift,skill_half_life_scheduler_v5,2,0.84375,0.84839,0.85000,0.00625,0.00000,0.15000,0.54375,0.00000,1.09597,0.10810,0.28605,0.26641,0.14678,0.82481,160,mode_chatter,0.00
combined_micro_shift,skill_half_life_scheduler_v5,3,0.81250,0.81935,0.77500,0.00625,0.00000,0.15000,0.55625,0.00000,1.09716,0.11716,0.30199,0.26933,0.15078,0.79340,160,mode_chatter,0.00
combined_micro_shift,skill_half_life_scheduler_v5,4,0.81250,0.81613,0.77500,0.00000,0.00000,0.14375,0.53125,0.00000,1.08784,0.12407,0.29942,0.26635,0.14694,0.80020,160,mode_chatter,0.00
combined_micro_shift,skill_half_life_scheduler_v5,5,0.80625,0.80323,0.72500,0.00000,0.00000,0.15000,0.53750,0.00000,1.09006,0.11361,0.29805,0.26558,0.14973,0.79364,160,mode_chatter,0.00
combined_micro_shift,skill_half_life_scheduler_v5,6,0.81250,0.81290,0.67500,0.00625,0.00000,0.14375,0.56250,0.00000,1.09613,0.11020,0.29788,0.26835,0.14990,0.79354,160,mode_chatter,0.00
combined_micro_shift,skill_half_life_scheduler_v5,7,0.82500,0.82258,0.87500,0.00000,0.00000,0.14375,0.55625,0.00000,1.09022,0.12448,0.29900,0.26751,0.15046,0.81237,160,mode_chatter,0.00
combined_micro_shift,skill_half_life_scheduler_v5,8,0.76250,0.76774,0.77500,0.00000,0.00000,0.14375,0.56250,0.00000,1.09081,0.12333,0.32705,0.26985,0.15140,0.74979,160,mode_chatter,0.00
combined_micro_shift,skill_half_life_scheduler_v5,9,0.81875,0.81290,0.77500,0.00000,0.00000,0.15000,0.53125,0.00000,1.08947,0.11217,0.29183,0.26941,0.15134,0.80622,160,mode_chatter,0.00
combined_micro_shift,oracle_shift_aware_scheduler,0,0.86875,0.86452,0.85000,0.00000,0.00000,0.18750,0.53125,0.00000,1.09922,0.00000,0.25968,0.17177,0.14208,0.85486,160,mode_chatter,0.00
combined_micro_shift,oracle_shift_aware_scheduler,1,0.87500,0.87742,0.75000,0.00625,0.00000,0.18750,0.51875,0.00000,1.10334,0.00000,0.25003,0.17155,0.14094,0.85503,160,mode_chatter,0.00
combined_micro_shift,oracle_shift_aware_scheduler,2,0.78750,0.78387,0.82500,0.00625,0.00000,0.18125,0.51250,0.00000,1.10113,0.00000,0.30726,0.17098,0.14101,0.76784,160,mode_chatter,0.00
combined_micro_shift,oracle_shift_aware_scheduler,3,0.86875,0.87742,0.77500,0.00000,0.00000,0.18125,0.52500,0.00000,1.09700,0.00000,0.25658,0.17145,0.14004,0.85517,160,mode_chatter,0.00
combined_micro_shift,oracle_shift_aware_scheduler,4,0.82500,0.81935,0.87500,0.00000,0.00000,0.18125,0.52500,0.00000,1.09700,0.00000,0.28677,0.17158,0.14196,0.81142,160,mode_chatter,0.00
combined_micro_shift,oracle_shift_aware_scheduler,5,0.83750,0.84194,0.77500,0.00000,0.00000,0.18125,0.53125,0.00000,1.09759,0.00000,0.27620,0.17133,0.14233,0.82384,160,mode_chatter,0.00
combined_micro_shift,oracle_shift_aware_scheduler,6,0.87500,0.87419,0.90000,0.00000,0.00000,0.18125,0.53125,0.00000,1.09759,0.00000,0.25563,0.17154,0.14280,0.86134,160,mode_chatter,0.00
combined_micro_shift,oracle_shift_aware_scheduler,7,0.80625,0.80645,0.80000,0.00000,0.00000,0.18125,0.52500,0.00000,1.09700,0.00000,0.29154,0.17297,0.14370,0.79267,160,mode_chatter,0.00
combined_micro_shift,oracle_shift_aware_scheduler,8,0.88750,0.88387,0.87500,0.00000,0.00000,0.18750,0.50625,0.00000,1.09684,0.00000,0.24552,0.17307,0.14296,0.87394,160,mode_chatter,0.00
combined_micro_shift,oracle_shift_aware_scheduler,9,0.84375,0.84516,0.77500,0.00000,0.00000,0.18750,0.51875,0.00000,1.09803,0.00000,0.27633,0.17234,0.14388,0.83003,160,mode_chatter,0.00
combined_micro_shift,domain_randomized_clone,0,0.57500,0.57097,0.32500,0.20000,0.56250,0.00000,0.00000,0.00000,1.17000,0.64858,0.41643,0.30473,0.39537,0.18395,160,mode_chatter,0.25
combined_micro_shift,domain_randomized_clone,1,0.48125,0.48065,0.17500,0.21875,0.58125,0.00000,0.00000,0.00000,1.18594,0.63664,0.41713,0.30623,0.39641,0.06509,160,mode_chatter,0.25
combined_micro_shift,domain_randomized_clone,2,0.48750,0.48710,0.25000,0.25625,0.57500,0.00000,0.00000,0.00000,1.21781,0.64972,0.42287,0.30571,0.39637,0.03601,160,mode_chatter,0.25
combined_micro_shift,domain_randomized_clone,3,0.53750,0.53871,0.22500,0.18750,0.57500,0.00000,0.00000,0.00000,1.15938,0.64742,0.40954,0.30385,0.39579,0.15469,160,mode_chatter,0.25
combined_micro_shift,domain_randomized_clone,4,0.47500,0.47097,0.25000,0.22500,0.58125,0.00000,0.00000,0.00000,1.19125,0.66098,0.44593,0.30570,0.39631,0.05260,160,mode_chatter,0.25
combined_micro_shift,domain_randomized_clone,5,0.51250,0.51935,0.22500,0.22500,0.57500,0.00000,0.00000,0.00000,1.19125,0.66419,0.42684,0.30269,0.39343,0.09222,160,mode_chatter,0.25
combined_micro_shift,domain_randomized_clone,6,0.53750,0.53548,0.25000,0.17500,0.58750,0.00000,0.00000,0.00000,1.14875,0.66452,0.43092,0.30734,0.39562,0.16292,160,mode_chatter,0.25
combined_micro_shift,domain_randomized_clone,7,0.48750,0.48387,0.22500,0.20625,0.56875,0.00000,0.00000,0.00000,1.17531,0.66344,0.42821,0.30276,0.39364,0.08808,160,mode_chatter,0.25
combined_micro_shift,domain_randomized_clone,8,0.52500,0.52258,0.30000,0.19375,0.57500,0.00000,0.00000,0.00000,1.16469,0.66229,0.43304,0.30750,0.39628,0.13594,160,mode_chatter,0.25
combined_micro_shift,domain_randomized_clone,9,0.56250,0.56129,0.22500,0.20000,0.55625,0.00000,0.00000,0.00000,1.17000,0.67073,0.40724,0.30237,0.39314,0.17357,160,mode_chatter,0.25
combined_micro_shift,conformal_risk_gate,0,0.75000,0.74516,0.72500,0.00000,0.00000,0.16875,0.50000,0.00000,1.09137,0.07066,0.34059,0.29291,0.15032,0.73721,160,mode_chatter,0.25
combined_micro_shift,conformal_risk_gate,1,0.75625,0.75161,0.72500,0.00000,0.00000,0.16875,0.49375,0.00000,1.09078,0.08294,0.34317,0.29383,0.15022,0.74354,160,mode_chatter,0.25
combined_micro_shift,conformal_risk_gate,2,0.81875,0.81290,0.77500,0.00000,0.00000,0.17500,0.48125,0.00000,1.09122,0.07362,0.30240,0.29324,0.15005,0.80598,160,mode_chatter,0.25
combined_micro_shift,conformal_risk_gate,3,0.80000,0.79355,0.80000,0.00625,0.00000,0.16875,0.48750,0.00000,1.09550,0.07701,0.31978,0.29318,0.15305,0.78113,160,mode_chatter,0.25
combined_micro_shift,conformal_risk_gate,4,0.75000,0.74516,0.77500,0.01250,0.00000,0.17500,0.48125,0.00000,1.10184,0.07856,0.34979,0.29492,0.15337,0.72474,160,mode_chatter,0.25
combined_micro_shift,conformal_risk_gate,5,0.80000,0.80000,0.77500,0.00000,0.00000,0.17500,0.45000,0.00000,1.08825,0.07768,0.31794,0.29111,0.14886,0.78765,160,mode_chatter,0.25
combined_micro_shift,conformal_risk_gate,6,0.76250,0.76129,0.67500,0.01250,0.00000,0.15625,0.54375,0.00000,1.10291,0.07545,0.34236,0.29654,0.15265,0.73709,160,mode_chatter,0.25
combined_micro_shift,conformal_risk_gate,7,0.85625,0.85161,0.87500,0.00000,0.00000,0.15000,0.53750,0.00000,1.09006,0.07009,0.28290,0.29480,0.15631,0.84364,160,mode_chatter,0.25
combined_micro_shift,conformal_risk_gate,8,0.80000,0.80000,0.77500,0.00000,0.00000,0.16250,0.55625,0.00000,1.09509,0.08070,0.32333,0.29707,0.15405,0.78669,160,mode_chatter,0.25
combined_micro_shift,conformal_risk_gate,9,0.81875,0.81935,0.80000,0.00000,0.00000,0.16875,0.50000,0.00000,1.09137,0.08011,0.31248,0.29327,0.15354,0.80596,160,mode_chatter,0.25
combined_micro_shift,ensemble_uncertainty_gate,0,0.81250,0.80968,0.90000,0.00625,0.00000,0.15625,0.53125,0.00000,1.09641,0.07851,0.30816,0.26492,0.15480,0.79350,160,mode_chatter,0.25
combined_micro_shift,ensemble_uncertainty_gate,1,0.80625,0.80645,0.90000,0.00625,0.00000,0.16250,0.53750,0.00000,1.09862,0.08787,0.31103,0.26582,0.15462,0.78694,160,mode_chatter,0.25
combined_micro_shift,ensemble_uncertainty_gate,2,0.83125,0.83548,0.80000,0.00625,0.00000,0.17500,0.51875,0.00000,1.10009,0.08227,0.29507,0.26458,0.15318,0.81174,160,mode_chatter,0.25
combined_micro_shift,ensemble_uncertainty_gate,3,0.85625,0.85484,0.85000,0.00625,0.00000,0.16875,0.52500,0.00000,1.09906,0.08443,0.28247,0.26449,0.15609,0.83688,160,mode_chatter,0.25
combined_micro_shift,ensemble_uncertainty_gate,4,0.75625,0.75161,0.70000,0.00000,0.00000,0.16875,0.51875,0.00000,1.09316,0.09092,0.33861,0.26574,0.15545,0.74321,160,mode_chatter,0.25
combined_micro_shift,ensemble_uncertainty_gate,5,0.77500,0.77419,0.85000,0.00000,0.00000,0.16875,0.51875,0.00000,1.09316,0.08376,0.32978,0.26360,0.15433,0.76196,160,mode_chatter,0.25
combined_micro_shift,ensemble_uncertainty_gate,6,0.81250,0.80968,0.95000,0.00000,0.00000,0.15625,0.56875,0.00000,1.09466,0.08666,0.30892,0.26692,0.15383,0.79925,160,mode_chatter,0.25
combined_micro_shift,ensemble_uncertainty_gate,7,0.75625,0.75484,0.70000,0.00625,0.00000,0.16250,0.54375,0.00000,1.09922,0.08279,0.34245,0.26664,0.16043,0.73686,160,mode_chatter,0.25
combined_micro_shift,ensemble_uncertainty_gate,8,0.84375,0.84839,0.82500,0.00000,0.00000,0.16250,0.58125,0.00000,1.09747,0.08939,0.29260,0.26766,0.15567,0.83010,160,mode_chatter,0.25
combined_micro_shift,ensemble_uncertainty_gate,9,0.75625,0.75484,0.72500,0.00625,0.00000,0.16875,0.52500,0.00000,1.09906,0.09145,0.34013,0.26409,0.15563,0.73688,160,mode_chatter,0.25
combined_micro_shift,bayesian_skill_survival,0,0.78750,0.78387,0.82500,0.00625,0.00000,0.18750,0.58750,0.00000,1.10988,0.12683,0.32109,0.28209,0.15608,0.76662,160,mode_chatter,0.25
combined_micro_shift,bayesian_skill_survival,1,0.86875,0.87097,0.82500,0.00000,0.00000,0.18750,0.58125,0.00000,1.10397,0.13434,0.27351,0.28318,0.15626,0.85419,160,mode_chatter,0.25
combined_micro_shift,bayesian_skill_survival,2,0.76250,0.76129,0.72500,0.00000,0.00000,0.18750,0.60625,0.00000,1.10634,0.12268,0.34125,0.28359,0.15813,0.74761,160,mode_chatter,0.25
combined_micro_shift,bayesian_skill_survival,3,0.80000,0.80000,0.77500,0.00000,0.00000,0.18750,0.58750,0.00000,1.10456,0.12310,0.31048,0.28176,0.15760,0.78536,160,mode_chatter,0.25
combined_micro_shift,bayesian_skill_survival,4,0.85625,0.85161,0.90000,0.00000,0.00000,0.21250,0.54375,0.00000,1.10691,0.12310,0.27147,0.27911,0.14914,0.84128,160,mode_chatter,0.25
combined_micro_shift,bayesian_skill_survival,5,0.83750,0.83548,0.80000,0.00000,0.00000,0.19375,0.55000,0.00000,1.10262,0.11627,0.28864,0.28010,0.15422,0.82313,160,mode_chatter,0.25
combined_micro_shift,bayesian_skill_survival,6,0.84375,0.83871,0.87500,0.00000,0.00000,0.20000,0.59375,0.00000,1.10841,0.12480,0.28933,0.28637,0.15966,0.82857,160,mode_chatter,0.25
combined_micro_shift,bayesian_skill_survival,7,0.81250,0.80968,0.82500,0.00000,0.00000,0.18750,0.58125,0.00000,1.10397,0.11706,0.31159,0.28004,0.15419,0.79794,160,mode_chatter,0.25
combined_micro_shift,bayesian_skill_survival,8,0.80625,0.80323,0.85000,0.00000,0.00000,0.21250,0.55625,0.00000,1.10809,0.12055,0.30368,0.28422,0.15569,0.79112,160,mode_chatter,0.25
combined_micro_shift,bayesian_skill_survival,9,0.82500,0.81935,0.82500,0.00000,0.00000,0.19375,0.58125,0.00000,1.10559,0.11127,0.29641,0.28142,0.15724,0.81022,160,mode_chatter,0.25
combined_micro_shift,cvar_lifetime_guard,0,0.83125,0.83226,0.77500,0.00000,0.00000,0.43125,0.54375,0.00000,1.16378,0.09390,0.28632,0.32986,0.10460,0.80832,160,mode_chatter,0.25
combined_micro_shift,cvar_lifetime_guard,1,0.84375,0.83871,0.90000,0.00000,0.00000,0.45000,0.52500,0.00000,1.16687,0.10249,0.26830,0.33039,0.10366,0.82039,160,mode_chatter,0.25
combined_micro_shift,cvar_lifetime_guard,2,0.82500,0.82258,0.82500,0.00000,0.00000,0.43125,0.53750,0.00000,1.16319,0.08842,0.28437,0.33062,0.10515,0.80215,160,mode_chatter,0.25
combined_micro_shift,cvar_lifetime_guard,3,0.90625,0.90968,0.95000,0.00000,0.00000,0.43125,0.52500,0.00000,1.16200,0.10078,0.23455,0.32749,0.10202,0.88357,160,mode_chatter,0.25
combined_micro_shift,cvar_lifetime_guard,4,0.81250,0.80968,0.80000,0.00625,0.00000,0.43750,0.50625,0.00000,1.16716,0.09396,0.29114,0.32878,0.10142,0.78360,160,mode_chatter,0.25
combined_micro_shift,cvar_lifetime_guard,5,0.83125,0.82903,0.87500,0.00000,0.00000,0.40625,0.55625,0.00000,1.15847,0.08692,0.28358,0.32829,0.10363,0.80906,160,mode_chatter,0.25
combined_micro_shift,cvar_lifetime_guard,6,0.77500,0.78065,0.82500,0.00000,0.00000,0.43750,0.53125,0.00000,1.16422,0.09379,0.31519,0.32986,0.09958,0.75201,160,mode_chatter,0.25
combined_micro_shift,cvar_lifetime_guard,7,0.85625,0.85484,0.85000,0.00000,0.00000,0.40000,0.58125,0.00000,1.15922,0.08781,0.26635,0.32910,0.10530,0.83396,160,mode_chatter,0.25
combined_micro_shift,cvar_lifetime_guard,8,0.81875,0.81613,0.85000,0.00000,0.00000,0.41875,0.54375,0.00000,1.16053,0.09670,0.29078,0.33218,0.10465,0.79628,160,mode_chatter,0.25
combined_micro_shift,cvar_lifetime_guard,9,0.84375,0.84839,0.77500,0.00000,0.00000,0.41875,0.56875,0.00000,1.16291,0.09129,0.27711,0.32821,0.10382,0.82094,160,mode_chatter,0.25
combined_micro_shift,skill_half_life_scheduler_v5,0,0.79375,0.79032,0.67500,0.00000,0.00000,0.15625,0.54375,0.00000,1.09228,0.11954,0.30856,0.27297,0.15031,0.78083,160,mode_chatter,0.25
combined_micro_shift,skill_half_life_scheduler_v5,1,0.81875,0.82258,0.85000,0.00000,0.00000,0.15625,0.52500,0.00000,1.09050,0.12158,0.30114,0.27360,0.14968,0.80608,160,mode_chatter,0.25
combined_micro_shift,skill_half_life_scheduler_v5,2,0.81250,0.80968,0.87500,0.00000,0.00000,0.16250,0.54375,0.00000,1.09391,0.11719,0.29955,0.27326,0.14977,0.79935,160,mode_chatter,0.25
combined_micro_shift,skill_half_life_scheduler_v5,3,0.81250,0.80968,0.85000,0.00625,0.00000,0.15000,0.54375,0.00000,1.09597,0.12741,0.30219,0.27154,0.15005,0.79356,160,mode_chatter,0.25
combined_micro_shift,skill_half_life_scheduler_v5,4,0.80000,0.80000,0.72500,0.00625,0.00000,0.15000,0.53125,0.00000,1.09478,0.13299,0.30831,0.27335,0.14997,0.78123,160,mode_chatter,0.25
combined_micro_shift,skill_half_life_scheduler_v5,5,0.76875,0.76129,0.70000,0.00625,0.00000,0.15000,0.53125,0.00000,1.09478,0.13001,0.32220,0.27265,0.15176,0.74998,160,mode_chatter,0.25
combined_micro_shift,skill_half_life_scheduler_v5,6,0.76250,0.76452,0.67500,0.00000,0.00000,0.15625,0.55625,0.00000,1.09347,0.12560,0.32910,0.27480,0.14820,0.74941,160,mode_chatter,0.25
combined_micro_shift,skill_half_life_scheduler_v5,7,0.83750,0.83548,0.82500,0.00000,0.00000,0.15000,0.56250,0.00000,1.09244,0.12750,0.28212,0.27174,0.15015,0.82456,160,mode_chatter,0.25
combined_micro_shift,skill_half_life_scheduler_v5,8,0.86250,0.86452,0.85000,0.00000,0.00000,0.15000,0.55625,0.00000,1.09184,0.12629,0.27611,0.27719,0.15368,0.84964,160,mode_chatter,0.25
combined_micro_shift,skill_half_life_scheduler_v5,9,0.78750,0.78387,0.75000,0.00625,0.00000,0.15625,0.53125,0.00000,1.09641,0.13231,0.32093,0.27249,0.15177,0.76850,160,mode_chatter,0.25
combined_micro_shift,oracle_shift_aware_scheduler,0,0.88750,0.88710,0.87500,0.00000,0.00000,0.19375,0.53750,0.00000,1.10144,0.00000,0.24359,0.17772,0.14411,0.87330,160,mode_chatter,0.25
combined_micro_shift,oracle_shift_aware_scheduler,1,0.80625,0.80323,0.87500,0.00000,0.00000,0.18125,0.54375,0.00000,1.09878,0.00000,0.29729,0.17705,0.14309,0.79242,160,mode_chatter,0.25
combined_micro_shift,oracle_shift_aware_scheduler,2,0.82500,0.82258,0.77500,0.00000,0.00000,0.18125,0.55625,0.00000,1.09997,0.00000,0.28101,0.17789,0.14263,0.81100,160,mode_chatter,0.25
combined_micro_shift,oracle_shift_aware_scheduler,3,0.86875,0.87097,0.85000,0.00000,0.00000,0.18750,0.50625,0.00000,1.09684,0.00000,0.25818,0.17752,0.14420,0.85519,160,mode_chatter,0.25
combined_micro_shift,oracle_shift_aware_scheduler,4,0.81875,0.81290,0.77500,0.00625,0.00000,0.20000,0.51250,0.00000,1.10600,0.00000,0.28971,0.17877,0.14118,0.79841,160,mode_chatter,0.25
combined_micro_shift,oracle_shift_aware_scheduler,5,0.80000,0.79355,0.80000,0.00000,0.00000,0.19375,0.51875,0.00000,1.09966,0.00000,0.29282,0.17721,0.14114,0.78605,160,mode_chatter,0.25
combined_micro_shift,oracle_shift_aware_scheduler,6,0.88750,0.89032,0.85000,0.00000,0.00000,0.18750,0.52500,0.00000,1.09863,0.00000,0.24793,0.18055,0.14485,0.87369,160,mode_chatter,0.25
combined_micro_shift,oracle_shift_aware_scheduler,7,0.83750,0.83548,0.80000,0.00000,0.00000,0.18125,0.53125,0.00000,1.09759,0.00000,0.27902,0.17880,0.14534,0.82384,160,mode_chatter,0.25
combined_micro_shift,oracle_shift_aware_scheduler,8,0.80625,0.80323,0.77500,0.00000,0.00000,0.18750,0.54375,0.00000,1.10041,0.00000,0.29115,0.18236,0.14724,0.79219,160,mode_chatter,0.25
combined_micro_shift,oracle_shift_aware_scheduler,9,0.84375,0.84839,0.92500,0.00000,0.00000,0.18750,0.53125,0.00000,1.09922,0.00000,0.27248,0.17973,0.14400,0.82986,160,mode_chatter,0.25
combined_micro_shift,domain_randomized_clone,0,0.46875,0.46774,0.30000,0.25000,0.57500,0.00000,0.00000,0.00000,1.21250,0.73577,0.44312,0.32200,0.40248,0.02350,160,mode_chatter,0.50
combined_micro_shift,domain_randomized_clone,1,0.47500,0.48065,0.25000,0.24375,0.58125,0.00000,0.00000,0.00000,1.20719,0.67428,0.43002,0.31303,0.40004,0.03387,160,mode_chatter,0.50
combined_micro_shift,domain_randomized_clone,2,0.49375,0.49032,0.30000,0.21875,0.58125,0.00000,0.00000,0.00000,1.18594,0.66485,0.44205,0.31238,0.39994,0.07759,160,mode_chatter,0.50
combined_micro_shift,domain_randomized_clone,3,0.47500,0.47419,0.17500,0.26250,0.59375,0.00000,0.00000,0.00000,1.22313,0.67326,0.41966,0.31409,0.40112,0.01089,160,mode_chatter,0.50
combined_micro_shift,domain_randomized_clone,4,0.50625,0.50323,0.42500,0.18125,0.58750,0.00000,0.00000,0.00000,1.15406,0.69401,0.45784,0.31308,0.39939,0.12543,160,mode_chatter,0.50
combined_micro_shift,domain_randomized_clone,5,0.53125,0.53226,0.35000,0.20625,0.59375,0.00000,0.00000,0.00000,1.17531,0.68371,0.43070,0.31321,0.39971,0.12333,160,mode_chatter,0.50
combined_micro_shift,domain_randomized_clone,6,0.53125,0.53548,0.25000,0.18750,0.60625,0.00000,0.00000,0.00000,1.15938,0.67184,0.41132,0.31136,0.39923,0.13781,160,mode_chatter,0.50
combined_micro_shift,domain_randomized_clone,7,0.46875,0.46774,0.22500,0.20625,0.57500,0.00000,0.00000,0.00000,1.17531,0.68561,0.42323,0.31299,0.39951,0.06721,160,mode_chatter,0.50
combined_micro_shift,domain_randomized_clone,8,0.50625,0.50323,0.15000,0.23750,0.57500,0.00000,0.00000,0.00000,1.20187,0.71367,0.41735,0.31105,0.39752,0.07349,160,mode_chatter,0.50
combined_micro_shift,domain_randomized_clone,9,0.45625,0.45161,0.22500,0.25000,0.57500,0.00000,0.00000,0.00000,1.21250,0.67335,0.44405,0.31058,0.39909,0.01100,160,mode_chatter,0.50
combined_micro_shift,conformal_risk_gate,0,0.76875,0.76774,0.80000,0.00000,0.00000,0.18750,0.48125,0.00000,1.09447,0.09172,0.33511,0.30740,0.15184,0.75552,160,mode_chatter,0.50
combined_micro_shift,conformal_risk_gate,1,0.84375,0.84194,0.82500,0.00000,0.00000,0.17500,0.51875,0.00000,1.09478,0.08104,0.29433,0.29840,0.14937,0.83048,160,mode_chatter,0.50
combined_micro_shift,conformal_risk_gate,2,0.78750,0.78387,0.85000,0.01250,0.00000,0.17500,0.52500,0.00000,1.10600,0.08172,0.32665,0.30126,0.15629,0.76166,160,mode_chatter,0.50
combined_micro_shift,conformal_risk_gate,3,0.74375,0.73548,0.72500,0.00000,0.00000,0.18125,0.51250,0.00000,1.09581,0.07544,0.34332,0.29825,0.14797,0.73034,160,mode_chatter,0.50
combined_micro_shift,conformal_risk_gate,4,0.85000,0.84839,0.90000,0.00625,0.00000,0.17500,0.52500,0.00000,1.10069,0.08376,0.29203,0.30130,0.15441,0.83040,160,mode_chatter,0.50
combined_micro_shift,conformal_risk_gate,5,0.75625,0.75161,0.80000,0.00000,0.00000,0.16875,0.54375,0.00000,1.09553,0.08323,0.34216,0.30098,0.15379,0.74288,160,mode_chatter,0.50
combined_micro_shift,conformal_risk_gate,6,0.78750,0.79032,0.82500,0.00000,0.00000,0.17500,0.51250,0.00000,1.09419,0.06677,0.32452,0.29907,0.15317,0.77431,160,mode_chatter,0.50
combined_micro_shift,conformal_risk_gate,7,0.83750,0.83871,0.85000,0.00000,0.00000,0.18125,0.51250,0.00000,1.09581,0.07294,0.29811,0.30146,0.15501,0.82409,160,mode_chatter,0.50
combined_micro_shift,conformal_risk_gate,8,0.76250,0.76452,0.77500,0.00625,0.00000,0.16875,0.54375,0.00000,1.10084,0.09040,0.33881,0.30022,0.15441,0.74288,160,mode_chatter,0.50
combined_micro_shift,conformal_risk_gate,9,0.78125,0.78065,0.85000,0.00625,0.00000,0.15625,0.55625,0.00000,1.09878,0.06940,0.32893,0.30008,0.15667,0.76192,160,mode_chatter,0.50
combined_micro_shift,ensemble_uncertainty_gate,0,0.79375,0.79677,0.80000,0.00000,0.00000,0.18125,0.51875,0.00000,1.09641,0.09884,0.32032,0.27807,0.15363,0.78025,160,mode_chatter,0.50
combined_micro_shift,ensemble_uncertainty_gate,1,0.78750,0.78710,0.80000,0.00625,0.00000,0.17500,0.53750,0.00000,1.10187,0.09093,0.31997,0.26901,0.15103,0.76774,160,mode_chatter,0.50
combined_micro_shift,ensemble_uncertainty_gate,2,0.77500,0.77419,0.72500,0.00000,0.00000,0.18125,0.53125,0.00000,1.09759,0.08820,0.32873,0.27132,0.15681,0.76134,160,mode_chatter,0.50
combined_micro_shift,ensemble_uncertainty_gate,3,0.71875,0.71935,0.65000,0.00000,0.00000,0.17500,0.51875,0.00000,1.09478,0.08832,0.35615,0.26946,0.15083,0.70548,160,mode_chatter,0.50
combined_micro_shift,ensemble_uncertainty_gate,4,0.80000,0.79677,0.80000,0.00625,0.00000,0.17500,0.53750,0.00000,1.10188,0.09214,0.31521,0.27193,0.15609,0.78024,160,mode_chatter,0.50
combined_micro_shift,ensemble_uncertainty_gate,5,0.83125,0.83226,0.82500,0.00625,0.00000,0.16250,0.56875,0.00000,1.10159,0.09359,0.30296,0.27219,0.15669,0.81153,160,mode_chatter,0.50
combined_micro_shift,ensemble_uncertainty_gate,6,0.77500,0.76774,0.80000,0.00625,0.00000,0.16875,0.55000,0.00000,1.10144,0.08483,0.33192,0.26982,0.15512,0.75530,160,mode_chatter,0.50
combined_micro_shift,ensemble_uncertainty_gate,7,0.81875,0.81613,0.90000,0.00625,0.00000,0.18125,0.50625,0.00000,1.10053,0.08529,0.30309,0.27158,0.15571,0.79918,160,mode_chatter,0.50
combined_micro_shift,ensemble_uncertainty_gate,8,0.79375,0.79677,0.75000,0.00000,0.00000,0.16250,0.56875,0.00000,1.09628,0.09978,0.31909,0.27233,0.15912,0.78027,160,mode_chatter,0.50
combined_micro_shift,ensemble_uncertainty_gate,9,0.80625,0.80968,0.75000,0.00625,0.00000,0.16250,0.57500,0.00000,1.10219,0.08529,0.31561,0.27121,0.15936,0.78644,160,mode_chatter,0.50
combined_micro_shift,bayesian_skill_survival,0,0.76875,0.76774,0.67500,0.01250,0.00000,0.21250,0.58750,0.00000,1.12169,0.10680,0.33005,0.29452,0.15343,0.74071,160,mode_chatter,0.50
combined_micro_shift,bayesian_skill_survival,1,0.82500,0.82581,0.65000,0.00625,0.00000,0.20625,0.58125,0.00000,1.11416,0.12618,0.30139,0.28722,0.15438,0.80352,160,mode_chatter,0.50
combined_micro_shift,bayesian_skill_survival,2,0.86250,0.86129,0.82500,0.00625,0.00000,0.20625,0.56875,0.00000,1.11297,0.12532,0.27324,0.28845,0.15803,0.84118,160,mode_chatter,0.50
combined_micro_shift,bayesian_skill_survival,3,0.80625,0.80968,0.82500,0.00000,0.00000,0.20625,0.58750,0.00000,1.10944,0.11804,0.30099,0.28704,0.15293,0.79093,160,mode_chatter,0.50
combined_micro_shift,bayesian_skill_survival,4,0.76875,0.76452,0.67500,0.00000,0.00000,0.20625,0.56250,0.00000,1.10706,0.12061,0.33151,0.28998,0.15916,0.75376,160,mode_chatter,0.50
combined_micro_shift,bayesian_skill_survival,5,0.85625,0.85806,0.85000,0.01250,0.00000,0.21250,0.56875,0.00000,1.11991,0.11658,0.27931,0.28997,0.15916,0.82846,160,mode_chatter,0.50
combined_micro_shift,bayesian_skill_survival,6,0.80625,0.80968,0.72500,0.00000,0.00000,0.20000,0.59375,0.00000,1.10841,0.11978,0.30992,0.28794,0.15833,0.79107,160,mode_chatter,0.50
combined_micro_shift,bayesian_skill_survival,7,0.85625,0.85806,0.90000,0.00000,0.00000,0.21250,0.56875,0.00000,1.10928,0.11478,0.27809,0.28854,0.15657,0.84095,160,mode_chatter,0.50
combined_micro_shift,bayesian_skill_survival,8,0.78125,0.78065,0.75000,0.00000,0.00000,0.20000,0.58750,0.00000,1.10781,0.10818,0.32787,0.28774,0.15687,0.76616,160,mode_chatter,0.50
combined_micro_shift,bayesian_skill_survival,9,0.80000,0.79355,0.77500,0.00000,0.00000,0.20625,0.59375,0.00000,1.11003,0.11861,0.31052,0.28546,0.15479,0.78460,160,mode_chatter,0.50
combined_micro_shift,cvar_lifetime_guard,0,0.75000,0.75161,0.77500,0.00000,0.00000,0.48125,0.47500,0.00000,1.17025,0.07988,0.33644,0.34308,0.10354,0.72616,160,mode_chatter,0.50
combined_micro_shift,cvar_lifetime_guard,1,0.87500,0.87419,0.97500,0.00000,0.00000,0.44375,0.51875,0.00000,1.16466,0.09808,0.25334,0.33645,0.10581,0.85195,160,mode_chatter,0.50
combined_micro_shift,cvar_lifetime_guard,2,0.80625,0.80645,0.80000,0.00000,0.00000,0.45000,0.51250,0.00000,1.16569,0.09665,0.29959,0.33468,0.10346,0.78305,160,mode_chatter,0.50
combined_micro_shift,cvar_lifetime_guard,3,0.88125,0.88387,0.82500,0.00000,0.00000,0.45000,0.52500,0.00000,1.16687,0.09194,0.24793,0.33616,0.10419,0.85789,160,mode_chatter,0.50
combined_micro_shift,cvar_lifetime_guard,4,0.82500,0.82258,0.90000,0.00000,0.00000,0.45625,0.50625,0.00000,1.16672,0.09455,0.28683,0.33452,0.10119,0.80166,160,mode_chatter,0.50
combined_micro_shift,cvar_lifetime_guard,5,0.87500,0.87097,0.95000,0.00625,0.00000,0.45625,0.49375,0.00000,1.17084,0.09079,0.24972,0.33408,0.10032,0.84558,160,mode_chatter,0.50
combined_micro_shift,cvar_lifetime_guard,6,0.85625,0.85161,0.85000,0.00000,0.00000,0.48750,0.47500,0.00000,1.17188,0.08710,0.25976,0.33086,0.09708,0.83219,160,mode_chatter,0.50
combined_micro_shift,cvar_lifetime_guard,7,0.80000,0.79677,0.85000,0.00000,0.00000,0.44375,0.51875,0.00000,1.16466,0.08000,0.30177,0.33571,0.10386,0.77695,160,mode_chatter,0.50
combined_micro_shift,cvar_lifetime_guard,8,0.86250,0.86129,0.80000,0.00000,0.00000,0.45000,0.53750,0.00000,1.16806,0.08296,0.25847,0.33303,0.10038,0.83897,160,mode_chatter,0.50
combined_micro_shift,cvar_lifetime_guard,9,0.86250,0.86129,0.82500,0.00625,0.00000,0.48125,0.48750,0.00000,1.17675,0.09095,0.26047,0.33197,0.10078,0.83226,160,mode_chatter,0.50
combined_micro_shift,skill_half_life_scheduler_v5,0,0.80000,0.80323,0.80000,0.01875,0.00000,0.16875,0.54375,0.00000,1.11147,0.15778,0.30908,0.28813,0.14983,0.76789,160,mode_chatter,0.50
combined_micro_shift,skill_half_life_scheduler_v5,1,0.79375,0.78710,0.82500,0.00000,0.00000,0.15000,0.58125,0.00000,1.09422,0.12635,0.31828,0.27904,0.14953,0.78056,160,mode_chatter,0.50
combined_micro_shift,skill_half_life_scheduler_v5,2,0.82500,0.82258,0.77500,0.00625,0.00000,0.15625,0.56250,0.00000,1.09937,0.12649,0.29097,0.28016,0.15300,0.80559,160,mode_chatter,0.50
combined_micro_shift,skill_half_life_scheduler_v5,3,0.86250,0.85806,0.80000,0.00625,0.00000,0.15625,0.55625,0.00000,1.09878,0.12441,0.26873,0.27988,0.15002,0.84317,160,mode_chatter,0.50
combined_micro_shift,skill_half_life_scheduler_v5,4,0.86875,0.86774,0.85000,0.00000,0.00000,0.16875,0.54375,0.00000,1.09553,0.14195,0.26507,0.27965,0.14949,0.85538,160,mode_chatter,0.50
combined_micro_shift,skill_half_life_scheduler_v5,5,0.76250,0.76129,0.72500,0.00000,0.00000,0.16875,0.55000,0.00000,1.09613,0.13419,0.32737,0.27974,0.15005,0.74904,160,mode_chatter,0.50
combined_micro_shift,skill_half_life_scheduler_v5,6,0.83125,0.82903,0.85000,0.00625,0.00000,0.16250,0.53750,0.00000,1.09862,0.12381,0.28815,0.27660,0.14748,0.81194,160,mode_chatter,0.50
combined_micro_shift,skill_half_life_scheduler_v5,7,0.83125,0.82903,0.72500,0.00000,0.00000,0.15625,0.56875,0.00000,1.09466,0.13019,0.29195,0.27959,0.15023,0.81800,160,mode_chatter,0.50
combined_micro_shift,skill_half_life_scheduler_v5,8,0.83750,0.83871,0.80000,0.00625,0.00000,0.15000,0.56875,0.00000,1.09834,0.14588,0.28637,0.27927,0.15120,0.81823,160,mode_chatter,0.50
combined_micro_shift,skill_half_life_scheduler_v5,9,0.78125,0.77742,0.77500,0.00625,0.00000,0.15625,0.55000,0.00000,1.09819,0.11978,0.30814,0.27651,0.14880,0.76200,160,mode_chatter,0.50
combined_micro_shift,oracle_shift_aware_scheduler,0,0.84375,0.83871,0.87500,0.00625,0.00000,0.20625,0.55000,0.00000,1.11119,0.00000,0.27310,0.19918,0.14685,0.82268,160,mode_chatter,0.50
combined_micro_shift,oracle_shift_aware_scheduler,1,0.83125,0.82581,0.67500,0.00000,0.00000,0.19375,0.53750,0.00000,1.10144,0.00000,0.28108,0.18556,0.14396,0.81705,160,mode_chatter,0.50
combined_micro_shift,oracle_shift_aware_scheduler,2,0.90000,0.89677,0.92500,0.00000,0.00000,0.20000,0.52500,0.00000,1.10188,0.00000,0.23486,0.18313,0.14260,0.88574,160,mode_chatter,0.50
combined_micro_shift,oracle_shift_aware_scheduler,3,0.81875,0.81935,0.85000,0.00000,0.00000,0.20000,0.51875,0.00000,1.10128,0.00000,0.28416,0.18503,0.14302,0.80457,160,mode_chatter,0.50
combined_micro_shift,oracle_shift_aware_scheduler,4,0.83125,0.83226,0.82500,0.00000,0.00000,0.20625,0.54375,0.00000,1.10528,0.00000,0.28194,0.18812,0.14514,0.81651,160,mode_chatter,0.50
combined_micro_shift,oracle_shift_aware_scheduler,5,0.84375,0.83871,0.85000,0.00000,0.00000,0.20000,0.52500,0.00000,1.10188,0.00000,0.26850,0.18572,0.14280,0.82949,160,mode_chatter,0.50
combined_micro_shift,oracle_shift_aware_scheduler,6,0.86875,0.86774,0.82500,0.00000,0.00000,0.19375,0.53125,0.00000,1.10084,0.00000,0.25477,0.18344,0.14326,0.85463,160,mode_chatter,0.50
combined_micro_shift,oracle_shift_aware_scheduler,7,0.87500,0.87419,0.87500,0.00000,0.00000,0.19375,0.53125,0.00000,1.10084,0.00000,0.25257,0.18770,0.14570,0.86088,160,mode_chatter,0.50
combined_micro_shift,oracle_shift_aware_scheduler,8,0.85000,0.84839,0.87500,0.00625,0.00000,0.20625,0.49375,0.00000,1.10584,0.00000,0.26566,0.18839,0.14354,0.82968,160,mode_chatter,0.50
combined_micro_shift,oracle_shift_aware_scheduler,9,0.85000,0.85161,0.80000,0.00000,0.00000,0.19375,0.53750,0.00000,1.10144,0.00000,0.27044,0.18346,0.14385,0.83580,160,mode_chatter,0.50
combined_micro_shift,domain_randomized_clone,0,0.50625,0.50000,0.30000,0.18125,0.57500,0.00000,0.00000,0.00000,1.15406,0.69194,0.41997,0.31931,0.40282,0.12968,160,mode_chatter,0.75
combined_micro_shift,domain_randomized_clone,1,0.53125,0.52903,0.32500,0.20000,0.58125,0.00000,0.00000,0.00000,1.17000,0.70548,0.41915,0.32222,0.40399,0.13382,160,mode_chatter,0.75
combined_micro_shift,domain_randomized_clone,2,0.54375,0.53871,0.30000,0.25625,0.58750,0.00000,0.00000,0.00000,1.21781,0.68878,0.41669,0.31929,0.40342,0.08801,160,mode_chatter,0.75
combined_micro_shift,domain_randomized_clone,3,0.48750,0.48387,0.22500,0.23125,0.60000,0.00000,0.00000,0.00000,1.19656,0.69355,0.43581,0.32132,0.40499,0.05248,160,mode_chatter,0.75
combined_micro_shift,domain_randomized_clone,4,0.51875,0.51935,0.20000,0.19375,0.60000,0.00000,0.00000,0.00000,1.16469,0.70091,0.41107,0.31885,0.40287,0.12119,160,mode_chatter,0.75
combined_micro_shift,domain_randomized_clone,5,0.43125,0.43871,0.22500,0.23125,0.59375,0.00000,0.00000,0.00000,1.19656,0.69996,0.43625,0.32311,0.40506,-0.00164,160,mode_chatter,0.75
combined_micro_shift,domain_randomized_clone,6,0.46250,0.46129,0.22500,0.26250,0.61875,0.00000,0.00000,0.00000,1.22313,0.71627,0.44275,0.32095,0.40243,-0.01011,160,mode_chatter,0.75
combined_micro_shift,domain_randomized_clone,7,0.49375,0.49032,0.25000,0.24375,0.58125,0.00000,0.00000,0.00000,1.20719,0.68898,0.42987,0.31609,0.40118,0.05262,160,mode_chatter,0.75
combined_micro_shift,domain_randomized_clone,8,0.53750,0.52903,0.30000,0.20625,0.57500,0.00000,0.00000,0.00000,1.17531,0.71484,0.42383,0.32142,0.40225,0.13596,160,mode_chatter,0.75
combined_micro_shift,domain_randomized_clone,9,0.46875,0.46774,0.07500,0.27500,0.58125,0.00000,0.00000,0.00000,1.23375,0.68881,0.40357,0.31926,0.40254,-0.00360,160,mode_chatter,0.75
combined_micro_shift,conformal_risk_gate,0,0.79375,0.79032,0.75000,0.02500,0.00000,0.18125,0.50000,0.00000,1.11587,0.07147,0.32091,0.30370,0.15020,0.75553,160,mode_chatter,0.75
combined_micro_shift,conformal_risk_gate,1,0.83125,0.83226,0.90000,0.00000,0.00000,0.18125,0.56875,0.00000,1.10116,0.07871,0.30451,0.30555,0.14914,0.81709,160,mode_chatter,0.75
combined_micro_shift,conformal_risk_gate,2,0.78125,0.77419,0.85000,0.00000,0.00000,0.18750,0.47500,0.00000,1.09388,0.07753,0.32796,0.30369,0.15079,0.76811,160,mode_chatter,0.75
combined_micro_shift,conformal_risk_gate,3,0.78125,0.77742,0.72500,0.00000,0.00000,0.16875,0.55000,0.00000,1.09613,0.07532,0.33045,0.30514,0.15123,0.76779,160,mode_chatter,0.75
combined_micro_shift,conformal_risk_gate,4,0.81250,0.80645,0.87500,0.00000,0.00000,0.18125,0.51250,0.00000,1.09581,0.08851,0.31245,0.30367,0.15108,0.79909,160,mode_chatter,0.75
combined_micro_shift,conformal_risk_gate,5,0.79375,0.79032,0.77500,0.01875,0.00000,0.18125,0.51250,0.00000,1.11175,0.07933,0.31778,0.30548,0.14832,0.76160,160,mode_chatter,0.75
combined_micro_shift,conformal_risk_gate,6,0.78125,0.78065,0.75000,0.01250,0.00000,0.18125,0.50625,0.00000,1.10584,0.08920,0.32765,0.30576,0.15059,0.75543,160,mode_chatter,0.75
combined_micro_shift,conformal_risk_gate,7,0.73750,0.74839,0.77500,0.00000,0.00000,0.17500,0.51875,0.00000,1.09478,0.07293,0.35688,0.30410,0.15581,0.72423,160,mode_chatter,0.75
combined_micro_shift,conformal_risk_gate,8,0.73125,0.72581,0.72500,0.01875,0.00000,0.18125,0.52500,0.00000,1.11294,0.08577,0.35405,0.30705,0.15203,0.69894,160,mode_chatter,0.75
combined_micro_shift,conformal_risk_gate,9,0.76875,0.76774,0.70000,0.00000,0.00000,0.17500,0.51875,0.00000,1.09478,0.07359,0.33326,0.30668,0.15597,0.75548,160,mode_chatter,0.75
combined_micro_shift,ensemble_uncertainty_gate,0,0.77500,0.77742,0.75000,0.01250,0.00000,0.17500,0.53125,0.00000,1.10659,0.07938,0.33057,0.27390,0.15102,0.74908,160,mode_chatter,0.75
combined_micro_shift,ensemble_uncertainty_gate,1,0.85000,0.84839,0.85000,0.00000,0.00000,0.16875,0.60000,0.00000,1.10087,0.09125,0.28530,0.27916,0.15687,0.83588,160,mode_chatter,0.75
combined_micro_shift,ensemble_uncertainty_gate,2,0.85000,0.84839,0.82500,0.00000,0.00000,0.18750,0.50625,0.00000,1.09684,0.09220,0.28373,0.27467,0.15318,0.83644,160,mode_chatter,0.75
combined_micro_shift,ensemble_uncertainty_gate,3,0.77500,0.77097,0.87500,0.00000,0.00000,0.16875,0.56875,0.00000,1.09791,0.08584,0.33340,0.27574,0.15286,0.76129,160,mode_chatter,0.75
combined_micro_shift,ensemble_uncertainty_gate,4,0.85000,0.84839,0.87500,0.01250,0.00000,0.18125,0.53125,0.00000,1.10822,0.09514,0.28353,0.27581,0.15581,0.82385,160,mode_chatter,0.75
combined_micro_shift,ensemble_uncertainty_gate,5,0.76250,0.76129,0.75000,0.00625,0.00000,0.17500,0.53750,0.00000,1.10188,0.08526,0.33659,0.27834,0.15455,0.74274,160,mode_chatter,0.75
combined_micro_shift,ensemble_uncertainty_gate,6,0.81250,0.81935,0.70000,0.00000,0.00000,0.18750,0.50625,0.00000,1.09684,0.10335,0.31286,0.27784,0.15520,0.79894,160,mode_chatter,0.75
combined_micro_shift,ensemble_uncertainty_gate,7,0.81250,0.81290,0.77500,0.00000,0.00000,0.17500,0.55000,0.00000,1.09775,0.08390,0.31005,0.27406,0.15611,0.79882,160,mode_chatter,0.75
combined_micro_shift,ensemble_uncertainty_gate,8,0.81875,0.82258,0.75000,0.00625,0.00000,0.18125,0.53750,0.00000,1.10350,0.09493,0.30428,0.27772,0.15381,0.79876,160,mode_chatter,0.75
combined_micro_shift,ensemble_uncertainty_gate,9,0.80625,0.80323,0.82500,0.01250,0.00000,0.18125,0.53750,0.00000,1.10881,0.08514,0.31004,0.27621,0.15544,0.78002,160,mode_chatter,0.75
combined_micro_shift,bayesian_skill_survival,0,0.84375,0.83871,0.87500,0.00000,0.00000,0.21250,0.58750,0.00000,1.11106,0.11906,0.28376,0.29342,0.15696,0.82820,160,mode_chatter,0.75
combined_micro_shift,bayesian_skill_survival,1,0.80000,0.80323,0.80000,0.00625,0.00000,0.20000,0.61250,0.00000,1.11550,0.11581,0.31818,0.29686,0.15922,0.77833,160,mode_chatter,0.75
combined_micro_shift,bayesian_skill_survival,2,0.82500,0.82903,0.82500,0.00625,0.00000,0.21875,0.56250,0.00000,1.11563,0.11668,0.29378,0.28940,0.14960,0.80331,160,mode_chatter,0.75
combined_micro_shift,bayesian_skill_survival,3,0.78750,0.78710,0.77500,0.00625,0.00000,0.21250,0.58125,0.00000,1.11578,0.12218,0.32165,0.29545,0.15918,0.76579,160,mode_chatter,0.75
combined_micro_shift,bayesian_skill_survival,4,0.84375,0.84194,0.85000,0.00625,0.00000,0.20625,0.59375,0.00000,1.11534,0.11371,0.28627,0.29263,0.15634,0.82210,160,mode_chatter,0.75
combined_micro_shift,bayesian_skill_survival,5,0.82500,0.82903,0.77500,0.00000,0.00000,0.21875,0.55625,0.00000,1.10972,0.11925,0.29579,0.29379,0.15236,0.80964,160,mode_chatter,0.75
combined_micro_shift,bayesian_skill_survival,6,0.84375,0.84516,0.80000,0.00000,0.00000,0.23125,0.57500,0.00000,1.11475,0.11910,0.28528,0.29420,0.15482,0.82769,160,mode_chatter,0.75
combined_micro_shift,bayesian_skill_survival,7,0.72500,0.71935,0.80000,0.00000,0.00000,0.21250,0.57500,0.00000,1.10987,0.11328,0.35667,0.29257,0.16009,0.70962,160,mode_chatter,0.75
combined_micro_shift,bayesian_skill_survival,8,0.80625,0.80968,0.80000,0.00000,0.00000,0.20625,0.60000,0.00000,1.11063,0.11050,0.30761,0.29661,0.15855,0.79076,160,mode_chatter,0.75
combined_micro_shift,bayesian_skill_survival,9,0.82500,0.82581,0.77500,0.01250,0.00000,0.21875,0.56875,0.00000,1.12153,0.11854,0.29556,0.29243,0.15483,0.79699,160,mode_chatter,0.75
combined_micro_shift,cvar_lifetime_guard,0,0.80000,0.79677,0.82500,0.00000,0.00000,0.49375,0.47500,0.00000,1.17350,0.09276,0.29904,0.33934,0.10177,0.77571,160,mode_chatter,0.75
combined_micro_shift,cvar_lifetime_guard,1,0.90000,0.90000,0.92500,0.00000,0.00000,0.50000,0.45625,0.00000,1.17334,0.08875,0.23483,0.34043,0.09929,0.87573,160,mode_chatter,0.75
combined_micro_shift,cvar_lifetime_guard,2,0.82500,0.82581,0.80000,0.00000,0.00000,0.50000,0.46875,0.00000,1.17453,0.08926,0.28402,0.33820,0.10010,0.80057,160,mode_chatter,0.75
combined_micro_shift,cvar_lifetime_guard,3,0.83750,0.83226,0.82500,0.00000,0.00000,0.50625,0.45625,0.00000,1.17497,0.09618,0.27797,0.33941,0.10004,0.81300,160,mode_chatter,0.75
combined_micro_shift,cvar_lifetime_guard,4,0.81875,0.81613,0.85000,0.00000,0.00000,0.48750,0.46875,0.00000,1.17128,0.09172,0.28700,0.33874,0.10151,0.79477,160,mode_chatter,0.75
combined_micro_shift,cvar_lifetime_guard,5,0.87500,0.87419,0.95000,0.00000,0.00000,0.50625,0.44375,0.00000,1.17378,0.09470,0.25171,0.34093,0.09956,0.85067,160,mode_chatter,0.75
combined_micro_shift,cvar_lifetime_guard,6,0.81250,0.81290,0.75000,0.00000,0.00000,0.46875,0.50625,0.00000,1.16997,0.09379,0.29258,0.34173,0.10286,0.78870,160,mode_chatter,0.75
combined_micro_shift,cvar_lifetime_guard,7,0.84375,0.84194,0.82500,0.00000,0.00000,0.46875,0.51250,0.00000,1.17056,0.08444,0.27408,0.33607,0.10006,0.81987,160,mode_chatter,0.75
combined_micro_shift,cvar_lifetime_guard,8,0.86875,0.87097,0.77500,0.00000,0.00000,0.48125,0.49375,0.00000,1.17203,0.08439,0.25471,0.34149,0.10125,0.84467,160,mode_chatter,0.75
combined_micro_shift,cvar_lifetime_guard,9,0.75000,0.75161,0.75000,0.00000,0.00000,0.48125,0.49375,0.00000,1.17203,0.09195,0.33230,0.34071,0.10435,0.72592,160,mode_chatter,0.75
combined_micro_shift,skill_half_life_scheduler_v5,0,0.79375,0.80000,0.82500,0.00000,0.00000,0.16250,0.55625,0.00000,1.09509,0.13124,0.31339,0.28495,0.15059,0.78044,160,mode_chatter,0.75
combined_micro_shift,skill_half_life_scheduler_v5,1,0.78125,0.78387,0.77500,0.00625,0.00000,0.16250,0.58750,0.00000,1.10337,0.13595,0.31825,0.28668,0.14871,0.76128,160,mode_chatter,0.75
combined_micro_shift,skill_half_life_scheduler_v5,2,0.77500,0.77419,0.72500,0.00625,0.00000,0.16250,0.51875,0.00000,1.09684,0.12659,0.31985,0.28275,0.14689,0.75594,160,mode_chatter,0.75
combined_micro_shift,skill_half_life_scheduler_v5,3,0.81250,0.81613,0.75000,0.00625,0.00000,0.15625,0.60000,0.00000,1.10294,0.13010,0.30611,0.28643,0.15180,0.79259,160,mode_chatter,0.75
combined_micro_shift,skill_half_life_scheduler_v5,4,0.82500,0.82581,0.85000,0.00000,0.00000,0.16250,0.53750,0.00000,1.09331,0.14384,0.28972,0.28245,0.14645,0.81194,160,mode_chatter,0.75
combined_micro_shift,skill_half_life_scheduler_v5,5,0.78750,0.78387,0.80000,0.00000,0.00000,0.16875,0.53125,0.00000,1.09434,0.13369,0.31624,0.28644,0.14779,0.77429,160,mode_chatter,0.75
combined_micro_shift,skill_half_life_scheduler_v5,6,0.76875,0.76452,0.65000,0.00000,0.00000,0.16875,0.54375,0.00000,1.09553,0.14136,0.32398,0.28814,0.15278,0.75538,160,mode_chatter,0.75
combined_micro_shift,skill_half_life_scheduler_v5,7,0.78125,0.78387,0.80000,0.00625,0.00000,0.15625,0.55000,0.00000,1.09819,0.12984,0.31959,0.28167,0.14957,0.76200,160,mode_chatter,0.75
combined_micro_shift,skill_half_life_scheduler_v5,8,0.83125,0.82903,0.80000,0.00625,0.00000,0.17500,0.55625,0.00000,1.10366,0.14095,0.28641,0.28795,0.15096,0.81124,160,mode_chatter,0.75
combined_micro_shift,skill_half_life_scheduler_v5,9,0.80000,0.80645,0.82500,0.01250,0.00000,0.16875,0.53125,0.00000,1.10497,0.12668,0.30886,0.28501,0.15066,0.77430,160,mode_chatter,0.75
combined_micro_shift,oracle_shift_aware_scheduler,0,0.82500,0.82258,0.85000,0.00000,0.00000,0.19375,0.55625,0.00000,1.10322,0.00000,0.28286,0.19067,0.14439,0.81055,160,mode_chatter,0.75
combined_micro_shift,oracle_shift_aware_scheduler,1,0.86875,0.86452,0.90000,0.00000,0.00000,0.20000,0.56250,0.00000,1.10544,0.00000,0.25835,0.19454,0.14449,0.85399,160,mode_chatter,0.75
combined_micro_shift,oracle_shift_aware_scheduler,2,0.86250,0.85806,0.80000,0.00000,0.00000,0.20625,0.51875,0.00000,1.10291,0.00000,0.26078,0.18996,0.14333,0.84809,160,mode_chatter,0.75
combined_micro_shift,oracle_shift_aware_scheduler,3,0.82500,0.82581,0.82500,0.00000,0.00000,0.20000,0.55000,0.00000,1.10425,0.00000,0.28501,0.19428,0.14747,0.81040,160,mode_chatter,0.75
combined_micro_shift,oracle_shift_aware_scheduler,4,0.81875,0.81935,0.72500,0.00000,0.00000,0.20000,0.55000,0.00000,1.10425,0.00000,0.29089,0.19229,0.14579,0.80415,160,mode_chatter,0.75
combined_micro_shift,oracle_shift_aware_scheduler,5,0.81875,0.81290,0.77500,0.00625,0.00000,0.21250,0.53750,0.00000,1.11163,0.00000,0.28992,0.19391,0.14438,0.79762,160,mode_chatter,0.75
combined_micro_shift,oracle_shift_aware_scheduler,6,0.80625,0.81290,0.70000,0.00000,0.00000,0.21250,0.52500,0.00000,1.10512,0.00000,0.29732,0.19419,0.14396,0.79153,160,mode_chatter,0.75
combined_micro_shift,oracle_shift_aware_scheduler,7,0.86250,0.86129,0.82500,0.00000,0.00000,0.20625,0.50000,0.00000,1.10113,0.00000,0.26037,0.18937,0.14677,0.84834,160,mode_chatter,0.75
combined_micro_shift,oracle_shift_aware_scheduler,8,0.78750,0.78387,0.72500,0.00000,0.00000,0.21250,0.53125,0.00000,1.10572,0.00000,0.31244,0.19552,0.14642,0.77270,160,mode_chatter,0.75
combined_micro_shift,oracle_shift_aware_scheduler,9,0.84375,0.83871,0.87500,0.00000,0.00000,0.19375,0.55625,0.00000,1.10322,0.00000,0.27576,0.19269,0.14869,0.82930,160,mode_chatter,0.75
combined_micro_shift,domain_randomized_clone,0,0.48125,0.48065,0.20000,0.28125,0.56875,0.00000,0.00000,0.00000,1.23906,0.72179,0.41465,0.33053,0.40819,0.00691,160,mode_chatter,1.00
combined_micro_shift,domain_randomized_clone,1,0.50625,0.50645,0.22500,0.23125,0.58125,0.00000,0.00000,0.00000,1.19656,0.71423,0.40554,0.32219,0.40487,0.07761,160,mode_chatter,1.00
combined_micro_shift,domain_randomized_clone,2,0.50000,0.50323,0.22500,0.24375,0.59375,0.00000,0.00000,0.00000,1.20719,0.71446,0.41621,0.32273,0.40575,0.05462,160,mode_chatter,1.00
combined_micro_shift,domain_randomized_clone,3,0.46250,0.46774,0.22500,0.24375,0.59375,0.00000,0.00000,0.00000,1.20719,0.72705,0.44632,0.32805,0.40767,0.01712,160,mode_chatter,1.00
combined_micro_shift,domain_randomized_clone,4,0.50625,0.50000,0.35000,0.25625,0.60000,0.00000,0.00000,0.00000,1.21781,0.69763,0.42985,0.32790,0.40855,0.04626,160,mode_chatter,1.00
combined_micro_shift,domain_randomized_clone,5,0.49375,0.48710,0.17500,0.22500,0.60000,0.00000,0.00000,0.00000,1.19125,0.73664,0.42718,0.32760,0.40694,0.06498,160,mode_chatter,1.00
combined_micro_shift,domain_randomized_clone,6,0.51875,0.51290,0.15000,0.26875,0.60000,0.00000,0.00000,0.00000,1.22844,0.70900,0.41084,0.32219,0.40450,0.04627,160,mode_chatter,1.00
combined_micro_shift,domain_randomized_clone,7,0.48750,0.49032,0.32500,0.22500,0.61250,0.00000,0.00000,0.00000,1.19125,0.73103,0.43416,0.32831,0.40693,0.05447,160,mode_chatter,1.00
combined_micro_shift,domain_randomized_clone,8,0.45000,0.45806,0.15000,0.25000,0.58125,0.00000,0.00000,0.00000,1.21250,0.71995,0.43931,0.32587,0.40576,0.00262,160,mode_chatter,1.00
combined_micro_shift,domain_randomized_clone,9,0.48750,0.48065,0.27500,0.21875,0.58125,0.00000,0.00000,0.00000,1.18594,0.71471,0.42964,0.32182,0.40427,0.07134,160,mode_chatter,1.00
combined_micro_shift,conformal_risk_gate,0,0.83125,0.83226,0.85000,0.00000,0.00000,0.20000,0.49375,0.00000,1.09891,0.07864,0.30137,0.31301,0.15165,0.81740,160,mode_chatter,1.00
combined_micro_shift,conformal_risk_gate,1,0.77500,0.77097,0.77500,0.00000,0.00000,0.18750,0.51875,0.00000,1.09803,0.08661,0.33414,0.30477,0.14854,0.76128,160,mode_chatter,1.00
combined_micro_shift,conformal_risk_gate,2,0.78750,0.78710,0.77500,0.00625,0.00000,0.19375,0.47500,0.00000,1.10081,0.08323,0.32311,0.30626,0.15129,0.76789,160,mode_chatter,1.00
combined_micro_shift,conformal_risk_gate,3,0.76250,0.76129,0.77500,0.00625,0.00000,0.18125,0.53750,0.00000,1.10350,0.08804,0.34012,0.31102,0.15213,0.74251,160,mode_chatter,1.00
combined_micro_shift,conformal_risk_gate,4,0.75000,0.74194,0.80000,0.00625,0.00000,0.18750,0.55625,0.00000,1.10691,0.07564,0.34300,0.30978,0.15085,0.72953,160,mode_chatter,1.00
combined_micro_shift,conformal_risk_gate,5,0.81875,0.81935,0.77500,0.00000,0.00000,0.18750,0.54375,0.00000,1.10041,0.08271,0.30725,0.31059,0.15145,0.80469,160,mode_chatter,1.00
combined_micro_shift,conformal_risk_gate,6,0.78125,0.77742,0.75000,0.00000,0.00000,0.18750,0.51250,0.00000,1.09744,0.07596,0.32797,0.30631,0.15124,0.76761,160,mode_chatter,1.00
combined_micro_shift,conformal_risk_gate,7,0.75000,0.74516,0.70000,0.00625,0.00000,0.18125,0.55625,0.00000,1.10528,0.08740,0.34733,0.31375,0.15635,0.72976,160,mode_chatter,1.00
combined_micro_shift,conformal_risk_gate,8,0.78125,0.78065,0.85000,0.00625,0.00000,0.19375,0.51250,0.00000,1.10437,0.08050,0.32236,0.30950,0.15150,0.76114,160,mode_chatter,1.00
combined_micro_shift,conformal_risk_gate,9,0.76250,0.75806,0.72500,0.00000,0.00000,0.17500,0.54375,0.00000,1.09716,0.08384,0.33384,0.30762,0.15442,0.74890,160,mode_chatter,1.00
combined_micro_shift,ensemble_uncertainty_gate,0,0.75625,0.74839,0.77500,0.00000,0.00000,0.18750,0.56250,0.00000,1.10219,0.09036,0.33598,0.28552,0.15715,0.74194,160,mode_chatter,1.00
combined_micro_shift,ensemble_uncertainty_gate,1,0.78750,0.78387,0.77500,0.00625,0.00000,0.18125,0.55000,0.00000,1.10469,0.09370,0.31810,0.27818,0.15578,0.76734,160,mode_chatter,1.00
combined_micro_shift,ensemble_uncertainty_gate,2,0.78750,0.78710,0.72500,0.01250,0.00000,0.19375,0.51875,0.00000,1.11028,0.09647,0.31600,0.27655,0.15235,0.76106,160,mode_chatter,1.00
combined_micro_shift,ensemble_uncertainty_gate,3,0.82500,0.82258,0.77500,0.00625,0.00000,0.17500,0.56250,0.00000,1.10425,0.09176,0.29831,0.28214,0.15484,0.80490,160,mode_chatter,1.00
combined_micro_shift,ensemble_uncertainty_gate,4,0.78125,0.77742,0.65000,0.00625,0.00000,0.19375,0.56875,0.00000,1.10972,0.07750,0.33154,0.28021,0.15213,0.76039,160,mode_chatter,1.00
combined_micro_shift,ensemble_uncertainty_gate,5,0.76250,0.76774,0.80000,0.00000,0.00000,0.18125,0.56875,0.00000,1.10116,0.09422,0.33871,0.28198,0.15468,0.74834,160,mode_chatter,1.00
combined_micro_shift,ensemble_uncertainty_gate,6,0.84375,0.83871,0.67500,0.00000,0.00000,0.18125,0.56250,0.00000,1.10056,0.08437,0.28969,0.27978,0.15859,0.82967,160,mode_chatter,1.00
combined_micro_shift,ensemble_uncertainty_gate,7,0.75625,0.75806,0.72500,0.00000,0.00000,0.18750,0.56250,0.00000,1.10219,0.10054,0.33580,0.28388,0.15704,0.74194,160,mode_chatter,1.00
combined_micro_shift,ensemble_uncertainty_gate,8,0.83750,0.84516,0.82500,0.00000,0.00000,0.18750,0.54375,0.00000,1.10041,0.09280,0.29297,0.27986,0.15267,0.82344,160,mode_chatter,1.00
combined_micro_shift,ensemble_uncertainty_gate,9,0.78750,0.78387,0.82500,0.01250,0.00000,0.16250,0.56875,0.00000,1.10691,0.09310,0.32354,0.27796,0.15557,0.76153,160,mode_chatter,1.00
combined_micro_shift,bayesian_skill_survival,0,0.80000,0.79355,0.72500,0.01250,0.00000,0.24375,0.57500,0.00000,1.12862,0.12172,0.30649,0.30064,0.15431,0.77099,160,mode_chatter,1.00
combined_micro_shift,bayesian_skill_survival,1,0.78750,0.79032,0.77500,0.00000,0.00000,0.23125,0.55000,0.00000,1.11238,0.11109,0.31873,0.29302,0.15242,0.77177,160,mode_chatter,1.00
combined_micro_shift,bayesian_skill_survival,2,0.78750,0.79032,0.70000,0.00000,0.00000,0.20625,0.61875,0.00000,1.11241,0.11008,0.31982,0.29496,0.15611,0.77176,160,mode_chatter,1.00
combined_micro_shift,bayesian_skill_survival,3,0.83125,0.83548,0.85000,0.00000,0.00000,0.24375,0.54375,0.00000,1.11503,0.10971,0.28944,0.29687,0.15122,0.81515,160,mode_chatter,1.00
combined_micro_shift,bayesian_skill_survival,4,0.76875,0.76774,0.77500,0.00625,0.00000,0.22500,0.58750,0.00000,1.11962,0.12524,0.32774,0.29773,0.15417,0.74650,160,mode_chatter,1.00
combined_micro_shift,bayesian_skill_survival,5,0.83750,0.83871,0.85000,0.00625,0.00000,0.23750,0.57500,0.00000,1.12169,0.10656,0.29135,0.29782,0.15326,0.81496,160,mode_chatter,1.00
combined_micro_shift,bayesian_skill_survival,6,0.81250,0.81290,0.85000,0.00000,0.00000,0.22500,0.56875,0.00000,1.11253,0.11764,0.30049,0.29418,0.15438,0.79675,160,mode_chatter,1.00
combined_micro_shift,bayesian_skill_survival,7,0.79375,0.79355,0.80000,0.00000,0.00000,0.23750,0.56875,0.00000,1.11578,0.11636,0.30974,0.29723,0.15066,0.77754,160,mode_chatter,1.00
combined_micro_shift,bayesian_skill_survival,8,0.81875,0.81613,0.75000,0.00000,0.00000,0.21250,0.58750,0.00000,1.11106,0.11241,0.29609,0.29990,0.15968,0.80320,160,mode_chatter,1.00
combined_micro_shift,bayesian_skill_survival,9,0.85625,0.85161,0.87500,0.00625,0.00000,0.21875,0.58750,0.00000,1.11800,0.11307,0.27666,0.29399,0.15454,0.83423,160,mode_chatter,1.00
combined_micro_shift,cvar_lifetime_guard,0,0.84375,0.84194,0.82500,0.00000,0.00000,0.51250,0.45625,0.00000,1.17659,0.09303,0.27194,0.34718,0.10035,0.81903,160,mode_chatter,1.00
combined_micro_shift,cvar_lifetime_guard,1,0.79375,0.79355,0.72500,0.00625,0.00000,0.50000,0.45000,0.00000,1.17806,0.08552,0.30181,0.34080,0.10096,0.76332,160,mode_chatter,1.00
combined_micro_shift,cvar_lifetime_guard,2,0.77500,0.77419,0.80000,0.00000,0.00000,0.51875,0.44375,0.00000,1.17703,0.08102,0.31443,0.34014,0.09937,0.75022,160,mode_chatter,1.00
combined_micro_shift,cvar_lifetime_guard,3,0.77500,0.77419,0.75000,0.00000,0.00000,0.53125,0.42500,0.00000,1.17850,0.09124,0.31227,0.34395,0.09831,0.75001,160,mode_chatter,1.00
combined_micro_shift,cvar_lifetime_guard,4,0.86875,0.86774,0.90000,0.00000,0.00000,0.52500,0.43750,0.00000,1.17806,0.10161,0.25541,0.34383,0.09926,0.84382,160,mode_chatter,1.00
combined_micro_shift,cvar_lifetime_guard,5,0.84375,0.84194,0.95000,0.00000,0.00000,0.50000,0.46875,0.00000,1.17453,0.08438,0.27068,0.34649,0.10355,0.81932,160,mode_chatter,1.00
combined_micro_shift,cvar_lifetime_guard,6,0.78125,0.78065,0.85000,0.00000,0.00000,0.48125,0.48750,0.00000,1.17144,0.08612,0.30932,0.34017,0.09925,0.75725,160,mode_chatter,1.00
combined_micro_shift,cvar_lifetime_guard,7,0.83750,0.83548,0.80000,0.00000,0.00000,0.53750,0.42500,0.00000,1.18012,0.08941,0.27354,0.34407,0.09723,0.81228,160,mode_chatter,1.00
combined_micro_shift,cvar_lifetime_guard,8,0.76875,0.76452,0.75000,0.00625,0.00000,0.49375,0.47500,0.00000,1.17881,0.09061,0.31970,0.34510,0.10305,0.73822,160,mode_chatter,1.00
combined_micro_shift,cvar_lifetime_guard,9,0.77500,0.77097,0.80000,0.00000,0.00000,0.50000,0.47500,0.00000,1.17512,0.09193,0.31812,0.34003,0.09956,0.75048,160,mode_chatter,1.00
combined_micro_shift,skill_half_life_scheduler_v5,0,0.81250,0.80645,0.75000,0.00000,0.00000,0.17500,0.55000,0.00000,1.09775,0.13374,0.29861,0.29510,0.15218,0.79882,160,mode_chatter,1.00
combined_micro_shift,skill_half_life_scheduler_v5,1,0.81250,0.80968,0.75000,0.00625,0.00000,0.16250,0.55000,0.00000,1.09981,0.14125,0.29654,0.28723,0.15097,0.79303,160,mode_chatter,1.00
combined_micro_shift,skill_half_life_scheduler_v5,2,0.81875,0.81613,0.82500,0.00000,0.00000,0.16875,0.51875,0.00000,1.09316,0.13159,0.29857,0.28670,0.15016,0.80571,160,mode_chatter,1.00
combined_micro_shift,skill_half_life_scheduler_v5,3,0.76875,0.76452,0.72500,0.00000,0.00000,0.16875,0.59375,0.00000,1.10028,0.13739,0.33003,0.29193,0.15070,0.75471,160,mode_chatter,1.00
combined_micro_shift,skill_half_life_scheduler_v5,4,0.81875,0.81613,0.85000,0.00000,0.00000,0.17500,0.56250,0.00000,1.09894,0.12901,0.29502,0.29090,0.15052,0.80490,160,mode_chatter,1.00
combined_micro_shift,skill_half_life_scheduler_v5,5,0.80625,0.80645,0.80000,0.00625,0.00000,0.17500,0.59375,0.00000,1.10722,0.14381,0.30156,0.29168,0.15030,0.78574,160,mode_chatter,1.00
combined_micro_shift,skill_half_life_scheduler_v5,6,0.77500,0.77097,0.85000,0.00000,0.00000,0.16875,0.53750,0.00000,1.09494,0.13100,0.32131,0.28751,0.15153,0.76171,160,mode_chatter,1.00
combined_micro_shift,skill_half_life_scheduler_v5,7,0.81250,0.80968,0.77500,0.00000,0.00000,0.16875,0.58125,0.00000,1.09909,0.14019,0.30310,0.29293,0.15141,0.79863,160,mode_chatter,1.00
combined_micro_shift,skill_half_life_scheduler_v5,8,0.79375,0.79032,0.75000,0.00000,0.00000,0.16875,0.57500,0.00000,1.09850,0.13845,0.31538,0.28947,0.14884,0.77996,160,mode_chatter,1.00
combined_micro_shift,skill_half_life_scheduler_v5,9,0.80625,0.80000,0.82500,0.01250,0.00000,0.16875,0.56875,0.00000,1.10853,0.13520,0.30038,0.28686,0.15085,0.78006,160,mode_chatter,1.00
combined_micro_shift,oracle_shift_aware_scheduler,0,0.83125,0.82903,0.87500,0.00000,0.00000,0.20625,0.53125,0.00000,1.10409,0.00000,0.27538,0.20241,0.14716,0.81668,160,mode_chatter,1.00
combined_micro_shift,oracle_shift_aware_scheduler,1,0.81250,0.80645,0.82500,0.00000,0.00000,0.20625,0.52500,0.00000,1.10350,0.00000,0.28767,0.19556,0.14558,0.79801,160,mode_chatter,1.00
combined_micro_shift,oracle_shift_aware_scheduler,2,0.79375,0.79355,0.82500,0.00000,0.00000,0.20625,0.55000,0.00000,1.10587,0.00000,0.30509,0.19457,0.14281,0.77893,160,mode_chatter,1.00
combined_micro_shift,oracle_shift_aware_scheduler,3,0.82500,0.82258,0.85000,0.00000,0.00000,0.20625,0.55000,0.00000,1.10587,0.00000,0.28766,0.20152,0.14701,0.81018,160,mode_chatter,1.00
combined_micro_shift,oracle_shift_aware_scheduler,4,0.83125,0.83226,0.77500,0.00000,0.00000,0.21250,0.56250,0.00000,1.10869,0.00000,0.28350,0.19721,0.14585,0.81603,160,mode_chatter,1.00
combined_micro_shift,oracle_shift_aware_scheduler,5,0.83750,0.83548,0.95000,0.00000,0.00000,0.20625,0.57500,0.00000,1.10825,0.00000,0.28263,0.20217,0.14718,0.82234,160,mode_chatter,1.00
combined_micro_shift,oracle_shift_aware_scheduler,6,0.83125,0.83871,0.82500,0.00000,0.00000,0.20625,0.54375,0.00000,1.10528,0.00000,0.28273,0.19436,0.14567,0.81651,160,mode_chatter,1.00
combined_micro_shift,oracle_shift_aware_scheduler,7,0.88750,0.88387,0.82500,0.00000,0.00000,0.20625,0.54375,0.00000,1.10528,0.00000,0.24530,0.19994,0.14537,0.87276,160,mode_chatter,1.00
combined_micro_shift,oracle_shift_aware_scheduler,8,0.81250,0.81613,0.72500,0.00000,0.00000,0.21250,0.53750,0.00000,1.10631,0.00000,0.28646,0.19764,0.14528,0.79762,160,mode_chatter,1.00
combined_micro_shift,oracle_shift_aware_scheduler,9,0.86875,0.86452,0.87500,0.00625,0.00000,0.20625,0.53125,0.00000,1.10941,0.00000,0.25666,0.19653,0.14727,0.84793,160,mode_chatter,1.00
combined_micro_shift,domain_randomized_clone,0,0.46875,0.46452,0.25000,0.26875,0.59375,0.00000,0.00000,0.00000,1.22844,0.73210,0.44098,0.33310,0.41107,-0.00161,160,mode_chatter,1.25
combined_micro_shift,domain_randomized_clone,1,0.48750,0.49355,0.20000,0.24375,0.58750,0.00000,0.00000,0.00000,1.20719,0.70751,0.42938,0.33187,0.41067,0.04424,160,mode_chatter,1.25
combined_micro_shift,domain_randomized_clone,2,0.48750,0.49032,0.17500,0.24375,0.59375,0.00000,0.00000,0.00000,1.20719,0.71819,0.41786,0.32562,0.40798,0.04212,160,mode_chatter,1.25
combined_micro_shift,domain_randomized_clone,3,0.45625,0.45806,0.15000,0.26875,0.60625,0.00000,0.00000,0.00000,1.22844,0.73448,0.40917,0.33765,0.41372,-0.01836,160,mode_chatter,1.25
combined_micro_shift,domain_randomized_clone,4,0.50000,0.49355,0.27500,0.23125,0.61250,0.00000,0.00000,0.00000,1.19656,0.73483,0.43767,0.32908,0.40857,0.06073,160,mode_chatter,1.25
combined_micro_shift,domain_randomized_clone,5,0.45625,0.45806,0.22500,0.30000,0.61250,0.00000,0.00000,0.00000,1.25500,0.73970,0.42133,0.33263,0.41071,-0.05170,160,mode_chatter,1.25
combined_micro_shift,domain_randomized_clone,6,0.48750,0.48710,0.25000,0.24375,0.60625,0.00000,0.00000,0.00000,1.20719,0.74733,0.41324,0.33938,0.41249,0.03787,160,mode_chatter,1.25
combined_micro_shift,domain_randomized_clone,7,0.42500,0.42258,0.25000,0.23750,0.60000,0.00000,0.00000,0.00000,1.20187,0.74821,0.43838,0.33770,0.41148,-0.01626,160,mode_chatter,1.25
combined_micro_shift,domain_randomized_clone,8,0.44375,0.43871,0.27500,0.25000,0.59375,0.00000,0.00000,0.00000,1.21250,0.74400,0.44193,0.33185,0.40905,-0.00788,160,mode_chatter,1.25
combined_micro_shift,domain_randomized_clone,9,0.45000,0.44194,0.27500,0.23125,0.59375,0.00000,0.00000,0.00000,1.19656,0.74416,0.43548,0.33334,0.40986,0.01711,160,mode_chatter,1.25
combined_micro_shift,conformal_risk_gate,0,0.78750,0.78387,0.77500,0.00625,0.00000,0.19375,0.51875,0.00000,1.10497,0.07614,0.31922,0.31447,0.15232,0.76730,160,mode_chatter,1.25
combined_micro_shift,conformal_risk_gate,1,0.77500,0.77097,0.70000,0.00625,0.00000,0.19375,0.53125,0.00000,1.10616,0.07672,0.33214,0.31403,0.15354,0.75464,160,mode_chatter,1.25
combined_micro_shift,conformal_risk_gate,2,0.78750,0.78710,0.70000,0.00625,0.00000,0.20000,0.49375,0.00000,1.10422,0.08603,0.32019,0.30770,0.15064,0.76741,160,mode_chatter,1.25
combined_micro_shift,conformal_risk_gate,3,0.81250,0.81290,0.85000,0.00625,0.00000,0.19375,0.54375,0.00000,1.10734,0.08254,0.30956,0.31778,0.15241,0.79197,160,mode_chatter,1.25
combined_micro_shift,conformal_risk_gate,4,0.80625,0.80323,0.75000,0.00000,0.00000,0.18125,0.55625,0.00000,1.09997,0.08913,0.31677,0.31334,0.15554,0.79225,160,mode_chatter,1.25
combined_micro_shift,conformal_risk_gate,5,0.86250,0.86129,0.85000,0.00000,0.00000,0.20000,0.51875,0.00000,1.10128,0.08449,0.27737,0.31268,0.14929,0.84832,160,mode_chatter,1.25
combined_micro_shift,conformal_risk_gate,6,0.78750,0.78387,0.77500,0.00000,0.00000,0.19375,0.51250,0.00000,1.09906,0.08180,0.32439,0.32052,0.15324,0.77363,160,mode_chatter,1.25
combined_micro_shift,conformal_risk_gate,7,0.74375,0.73871,0.65000,0.00000,0.00000,0.20000,0.54375,0.00000,1.10366,0.08078,0.34533,0.31933,0.15325,0.72924,160,mode_chatter,1.25
combined_micro_shift,conformal_risk_gate,8,0.80000,0.79677,0.65000,0.00000,0.00000,0.20625,0.52500,0.00000,1.10350,0.08825,0.31651,0.31341,0.15064,0.78551,160,mode_chatter,1.25
combined_micro_shift,conformal_risk_gate,9,0.75625,0.75484,0.80000,0.00625,0.00000,0.19375,0.53125,0.00000,1.10616,0.08514,0.34285,0.31610,0.15386,0.73589,160,mode_chatter,1.25
combined_micro_shift,ensemble_uncertainty_gate,0,0.81875,0.81935,0.85000,0.00000,0.00000,0.19375,0.55000,0.00000,1.10263,0.09118,0.29808,0.28474,0.15329,0.80438,160,mode_chatter,1.25
combined_micro_shift,ensemble_uncertainty_gate,1,0.76875,0.76452,0.72500,0.00000,0.00000,0.19375,0.55000,0.00000,1.10263,0.08470,0.33263,0.28398,0.15389,0.75438,160,mode_chatter,1.25
combined_micro_shift,ensemble_uncertainty_gate,2,0.75625,0.76774,0.67500,0.01875,0.00000,0.20000,0.50000,0.00000,1.11544,0.09188,0.33817,0.28027,0.15621,0.72359,160,mode_chatter,1.25
combined_micro_shift,ensemble_uncertainty_gate,3,0.76875,0.76452,0.80000,0.00000,0.00000,0.19375,0.55625,0.00000,1.10322,0.08615,0.33301,0.28696,0.15124,0.75430,160,mode_chatter,1.25
combined_micro_shift,ensemble_uncertainty_gate,4,0.78125,0.78065,0.67500,0.01250,0.00000,0.18750,0.56250,0.00000,1.11281,0.09152,0.32426,0.28317,0.15565,0.75446,160,mode_chatter,1.25
combined_micro_shift,ensemble_uncertainty_gate,5,0.78125,0.77742,0.80000,0.00000,0.00000,0.19375,0.53750,0.00000,1.10144,0.09476,0.31965,0.28378,0.15197,0.76705,160,mode_chatter,1.25
combined_micro_shift,ensemble_uncertainty_gate,6,0.80625,0.80323,0.75000,0.01250,0.00000,0.20000,0.51875,0.00000,1.11191,0.09898,0.30712,0.28954,0.15175,0.77958,160,mode_chatter,1.25
combined_micro_shift,ensemble_uncertainty_gate,7,0.78750,0.78065,0.87500,0.00625,0.00000,0.20000,0.55625,0.00000,1.11016,0.09035,0.32189,0.29076,0.15654,0.76658,160,mode_chatter,1.25
combined_micro_shift,ensemble_uncertainty_gate,8,0.80625,0.80645,0.77500,0.00625,0.00000,0.20625,0.52500,0.00000,1.10881,0.10147,0.30699,0.28331,0.15090,0.78552,160,mode_chatter,1.25
combined_micro_shift,ensemble_uncertainty_gate,9,0.81250,0.80968,0.77500,0.01250,0.00000,0.18750,0.56875,0.00000,1.11341,0.09861,0.30555,0.28680,0.15572,0.78562,160,mode_chatter,1.25
combined_micro_shift,bayesian_skill_survival,0,0.78125,0.78065,0.80000,0.00000,0.00000,0.23750,0.55625,0.00000,1.11459,0.11423,0.32345,0.29951,0.14980,0.76521,160,mode_chatter,1.25
combined_micro_shift,bayesian_skill_survival,1,0.82500,0.81935,0.90000,0.00000,0.00000,0.25000,0.55625,0.00000,1.11784,0.12247,0.29565,0.29934,0.15146,0.80850,160,mode_chatter,1.25
combined_micro_shift,bayesian_skill_survival,2,0.81250,0.80968,0.82500,0.00000,0.00000,0.23125,0.55000,0.00000,1.11238,0.11246,0.30178,0.29633,0.15529,0.79677,160,mode_chatter,1.25
combined_micro_shift,bayesian_skill_survival,3,0.79375,0.79032,0.82500,0.00000,0.00000,0.23125,0.56250,0.00000,1.11356,0.11539,0.31603,0.30547,0.15524,0.77785,160,mode_chatter,1.25
combined_micro_shift,bayesian_skill_survival,4,0.78750,0.78387,0.67500,0.00000,0.00000,0.21875,0.57500,0.00000,1.11150,0.11715,0.31644,0.29956,0.15544,0.77189,160,mode_chatter,1.25
combined_micro_shift,bayesian_skill_survival,5,0.82500,0.82581,0.80000,0.00000,0.00000,0.23125,0.56250,0.00000,1.11356,0.10953,0.29297,0.30417,0.15963,0.80910,160,mode_chatter,1.25
combined_micro_shift,bayesian_skill_survival,6,0.78125,0.78065,0.87500,0.00000,0.00000,0.23750,0.59375,0.00000,1.11816,0.11419,0.32541,0.30706,0.15368,0.76471,160,mode_chatter,1.25
combined_micro_shift,bayesian_skill_survival,7,0.84375,0.84194,0.82500,0.00000,0.00000,0.25000,0.56250,0.00000,1.11844,0.11325,0.28077,0.30740,0.15677,0.82717,160,mode_chatter,1.25
combined_micro_shift,bayesian_skill_survival,8,0.85000,0.85161,0.75000,0.00625,0.00000,0.24375,0.56250,0.00000,1.12213,0.10634,0.27957,0.30348,0.15816,0.82740,160,mode_chatter,1.25
combined_micro_shift,bayesian_skill_survival,9,0.86250,0.85806,0.90000,0.00625,0.00000,0.23125,0.59375,0.00000,1.12184,0.10864,0.26728,0.30361,0.15627,0.83994,160,mode_chatter,1.25
combined_micro_shift,cvar_lifetime_guard,0,0.82500,0.82581,0.75000,0.00625,0.00000,0.54375,0.43750,0.00000,1.18825,0.08290,0.28299,0.34744,0.09856,0.79314,160,mode_chatter,1.25
combined_micro_shift,cvar_lifetime_guard,1,0.81250,0.81290,0.75000,0.00000,0.00000,0.53750,0.43750,0.00000,1.18131,0.09288,0.28862,0.34673,0.09922,0.78712,160,mode_chatter,1.25
combined_micro_shift,cvar_lifetime_guard,2,0.81875,0.81613,0.77500,0.00000,0.00000,0.51875,0.43750,0.00000,1.17644,0.08591,0.28777,0.34171,0.09898,0.79405,160,mode_chatter,1.25
combined_micro_shift,cvar_lifetime_guard,3,0.86875,0.86774,0.85000,0.00000,0.00000,0.54375,0.41250,0.00000,1.18056,0.09410,0.25683,0.35186,0.10092,0.84347,160,mode_chatter,1.25
combined_micro_shift,cvar_lifetime_guard,4,0.82500,0.82903,0.72500,0.00625,0.00000,0.51875,0.45000,0.00000,1.18294,0.09348,0.28093,0.34444,0.09809,0.79389,160,mode_chatter,1.25
combined_micro_shift,cvar_lifetime_guard,5,0.81250,0.81290,0.72500,0.00000,0.00000,0.49375,0.46250,0.00000,1.17231,0.08935,0.29378,0.34933,0.10296,0.78838,160,mode_chatter,1.25
combined_micro_shift,cvar_lifetime_guard,6,0.86875,0.86774,0.85000,0.00000,0.00000,0.53750,0.43125,0.00000,1.18072,0.08269,0.25297,0.35364,0.09981,0.84345,160,mode_chatter,1.25
combined_micro_shift,cvar_lifetime_guard,7,0.79375,0.80323,0.77500,0.00000,0.00000,0.53125,0.43125,0.00000,1.17909,0.08084,0.30780,0.35205,0.09897,0.76868,160,mode_chatter,1.25
combined_micro_shift,cvar_lifetime_guard,8,0.86250,0.85806,0.87500,0.00000,0.00000,0.52500,0.43750,0.00000,1.17806,0.08380,0.25853,0.34695,0.09807,0.83757,160,mode_chatter,1.25
combined_micro_shift,cvar_lifetime_guard,9,0.81250,0.80968,0.77500,0.00000,0.00000,0.54375,0.43125,0.00000,1.18234,0.08700,0.28850,0.34947,0.10092,0.78697,160,mode_chatter,1.25
combined_micro_shift,skill_half_life_scheduler_v5,0,0.81875,0.81290,0.85000,0.00000,0.00000,0.16875,0.56875,0.00000,1.09791,0.13522,0.29774,0.29562,0.15141,0.80504,160,mode_chatter,1.25
combined_micro_shift,skill_half_life_scheduler_v5,1,0.78750,0.78065,0.87500,0.00000,0.00000,0.16875,0.56250,0.00000,1.09731,0.13184,0.31575,0.29491,0.15218,0.77388,160,mode_chatter,1.25
combined_micro_shift,skill_half_life_scheduler_v5,2,0.82500,0.81935,0.80000,0.00000,0.00000,0.18125,0.52500,0.00000,1.09700,0.13393,0.29133,0.28817,0.14951,0.81142,160,mode_chatter,1.25
combined_micro_shift,skill_half_life_scheduler_v5,3,0.77500,0.77742,0.77500,0.00625,0.00000,0.18125,0.58125,0.00000,1.10766,0.13351,0.32350,0.29815,0.14910,0.75443,160,mode_chatter,1.25
combined_micro_shift,skill_half_life_scheduler_v5,4,0.83750,0.83548,0.97500,0.00000,0.00000,0.16250,0.59375,0.00000,1.09866,0.14646,0.29161,0.29296,0.15184,0.82369,160,mode_chatter,1.25
combined_micro_shift,skill_half_life_scheduler_v5,5,0.82500,0.82581,0.77500,0.00625,0.00000,0.18125,0.53750,0.00000,1.10350,0.14236,0.28531,0.29426,0.14893,0.80501,160,mode_chatter,1.25
combined_micro_shift,skill_half_life_scheduler_v5,6,0.83125,0.82903,0.80000,0.00000,0.00000,0.16875,0.58125,0.00000,1.09909,0.14120,0.29380,0.30215,0.15168,0.81738,160,mode_chatter,1.25
combined_micro_shift,skill_half_life_scheduler_v5,7,0.80000,0.80000,0.82500,0.00625,0.00000,0.16875,0.62500,0.00000,1.10856,0.14116,0.31544,0.30122,0.15255,0.77930,160,mode_chatter,1.25
combined_micro_shift,skill_half_life_scheduler_v5,8,0.80625,0.80645,0.72500,0.00000,0.00000,0.17500,0.55625,0.00000,1.09834,0.14393,0.30442,0.29490,0.15023,0.79248,160,mode_chatter,1.25
combined_micro_shift,skill_half_life_scheduler_v5,9,0.80000,0.79677,0.80000,0.00625,0.00000,0.16875,0.61250,0.00000,1.10737,0.14198,0.30799,0.29716,0.15232,0.77947,160,mode_chatter,1.25
combined_micro_shift,oracle_shift_aware_scheduler,0,0.83125,0.82581,0.77500,0.01250,0.00000,0.21250,0.53125,0.00000,1.11634,0.00000,0.28434,0.20486,0.14667,0.80396,160,mode_chatter,1.25
combined_micro_shift,oracle_shift_aware_scheduler,1,0.81250,0.80968,0.70000,0.00000,0.00000,0.21250,0.55000,0.00000,1.10750,0.00000,0.28845,0.20050,0.14540,0.79745,160,mode_chatter,1.25
combined_micro_shift,oracle_shift_aware_scheduler,2,0.86250,0.85806,0.90000,0.00000,0.00000,0.21250,0.52500,0.00000,1.10512,0.00000,0.25930,0.19873,0.14661,0.84778,160,mode_chatter,1.25
combined_micro_shift,oracle_shift_aware_scheduler,3,0.84375,0.84839,0.87500,0.00000,0.00000,0.21250,0.56250,0.00000,1.10869,0.00000,0.27781,0.20737,0.14804,0.82853,160,mode_chatter,1.25
combined_micro_shift,oracle_shift_aware_scheduler,4,0.81875,0.81935,0.80000,0.00625,0.00000,0.21250,0.53750,0.00000,1.11163,0.00000,0.28387,0.20089,0.14464,0.79762,160,mode_chatter,1.25
combined_micro_shift,oracle_shift_aware_scheduler,5,0.82500,0.82258,0.85000,0.00000,0.00000,0.21875,0.54375,0.00000,1.10853,0.00000,0.28356,0.20481,0.14684,0.80981,160,mode_chatter,1.25
combined_micro_shift,oracle_shift_aware_scheduler,6,0.80000,0.79355,0.82500,0.00000,0.00000,0.21875,0.51875,0.00000,1.10616,0.00000,0.29911,0.20906,0.14659,0.78514,160,mode_chatter,1.25
combined_micro_shift,oracle_shift_aware_scheduler,7,0.80625,0.80645,0.85000,0.00000,0.00000,0.23125,0.54375,0.00000,1.11178,0.00000,0.29460,0.20849,0.14529,0.79060,160,mode_chatter,1.25
combined_micro_shift,oracle_shift_aware_scheduler,8,0.83750,0.83226,0.87500,0.00000,0.00000,0.21875,0.54375,0.00000,1.10853,0.00000,0.27670,0.20581,0.14746,0.82231,160,mode_chatter,1.25
combined_micro_shift,oracle_shift_aware_scheduler,9,0.86250,0.86452,0.77500,0.00000,0.00000,0.22500,0.54375,0.00000,1.11016,0.00000,0.26069,0.20484,0.14465,0.84708,160,mode_chatter,1.25
combined_micro_shift,domain_randomized_clone,0,0.46875,0.46452,0.12500,0.27500,0.59375,0.00000,0.00000,0.00000,1.23375,0.77614,0.41150,0.34645,0.41515,-0.00785,160,mode_chatter,1.50
combined_micro_shift,domain_randomized_clone,1,0.48125,0.47742,0.32500,0.25000,0.58750,0.00000,0.00000,0.00000,1.21250,0.74423,0.44673,0.33881,0.41336,0.03175,160,mode_chatter,1.50
combined_micro_shift,domain_randomized_clone,2,0.46875,0.46774,0.12500,0.30625,0.59375,0.00000,0.00000,0.00000,1.26031,0.75285,0.41257,0.33952,0.41470,-0.03907,160,mode_chatter,1.50
combined_micro_shift,domain_randomized_clone,3,0.41875,0.41290,0.20000,0.28125,0.60625,0.00000,0.00000,0.00000,1.23906,0.76205,0.42611,0.33994,0.41467,-0.06834,160,mode_chatter,1.50
combined_micro_shift,domain_randomized_clone,4,0.45625,0.44839,0.17500,0.27500,0.63125,0.00000,0.00000,0.00000,1.23375,0.75229,0.41533,0.34078,0.41502,-0.03310,160,mode_chatter,1.50
combined_micro_shift,domain_randomized_clone,5,0.48125,0.48065,0.20000,0.21250,0.61875,0.00000,0.00000,0.00000,1.18062,0.77095,0.43064,0.34414,0.41511,0.05859,160,mode_chatter,1.50
combined_micro_shift,domain_randomized_clone,6,0.45000,0.44516,0.27500,0.28125,0.61875,0.00000,0.00000,0.00000,1.23906,0.75680,0.42914,0.34274,0.41433,-0.04134,160,mode_chatter,1.50
combined_micro_shift,domain_randomized_clone,7,0.51250,0.50645,0.25000,0.25625,0.58750,0.00000,0.00000,0.00000,1.21781,0.75271,0.42416,0.33682,0.41204,0.05676,160,mode_chatter,1.50
combined_micro_shift,domain_randomized_clone,8,0.46250,0.45806,0.25000,0.28750,0.60000,0.00000,0.00000,0.00000,1.24437,0.76758,0.42206,0.34600,0.41579,-0.02871,160,mode_chatter,1.50
combined_micro_shift,domain_randomized_clone,9,0.53750,0.53871,0.27500,0.23750,0.60000,0.00000,0.00000,0.00000,1.20187,0.77592,0.42086,0.34205,0.41433,0.09624,160,mode_chatter,1.50
combined_micro_shift,conformal_risk_gate,0,0.86250,0.86452,0.87500,0.00000,0.00000,0.21250,0.53125,0.00000,1.10572,0.08768,0.28194,0.32415,0.14903,0.84770,160,mode_chatter,1.50
combined_micro_shift,conformal_risk_gate,1,0.77500,0.76774,0.87500,0.00000,0.00000,0.21250,0.53125,0.00000,1.10572,0.08400,0.32513,0.31791,0.15002,0.76020,160,mode_chatter,1.50
combined_micro_shift,conformal_risk_gate,2,0.80625,0.80323,0.67500,0.00000,0.00000,0.19375,0.54375,0.00000,1.10203,0.09145,0.31031,0.31912,0.15239,0.79197,160,mode_chatter,1.50
combined_micro_shift,conformal_risk_gate,3,0.75625,0.75161,0.75000,0.00000,0.00000,0.21250,0.51875,0.00000,1.10453,0.08468,0.33852,0.31807,0.14941,0.74162,160,mode_chatter,1.50
combined_micro_shift,conformal_risk_gate,4,0.75625,0.75484,0.75000,0.00625,0.00000,0.20625,0.53125,0.00000,1.10941,0.08493,0.34268,0.32002,0.15193,0.73543,160,mode_chatter,1.50
combined_micro_shift,conformal_risk_gate,5,0.82500,0.82581,0.75000,0.00000,0.00000,0.21250,0.51250,0.00000,1.10394,0.08821,0.30057,0.32248,0.15020,0.81045,160,mode_chatter,1.50
combined_micro_shift,conformal_risk_gate,6,0.80625,0.80645,0.82500,0.00625,0.00000,0.20625,0.51875,0.00000,1.10822,0.07791,0.31103,0.32216,0.15164,0.78560,160,mode_chatter,1.50
combined_micro_shift,conformal_risk_gate,7,0.77500,0.76774,0.80000,0.00625,0.00000,0.19375,0.53750,0.00000,1.10675,0.08719,0.32797,0.31710,0.15107,0.75456,160,mode_chatter,1.50
combined_micro_shift,conformal_risk_gate,8,0.77500,0.77419,0.72500,0.00625,0.00000,0.19375,0.56875,0.00000,1.10972,0.08681,0.33758,0.32535,0.15295,0.75414,160,mode_chatter,1.50
combined_micro_shift,conformal_risk_gate,9,0.75000,0.75484,0.77500,0.01875,0.00000,0.20625,0.53750,0.00000,1.12062,0.09015,0.34176,0.32293,0.15457,0.71661,160,mode_chatter,1.50
combined_micro_shift,ensemble_uncertainty_gate,0,0.84375,0.84516,0.82500,0.01250,0.00000,0.21875,0.54375,0.00000,1.11916,0.09227,0.28577,0.29311,0.14737,0.81607,160,mode_chatter,1.50
combined_micro_shift,ensemble_uncertainty_gate,1,0.77500,0.77742,0.70000,0.00625,0.00000,0.20625,0.56250,0.00000,1.11238,0.09372,0.33059,0.29067,0.15597,0.75377,160,mode_chatter,1.50
combined_micro_shift,ensemble_uncertainty_gate,2,0.78750,0.78710,0.62500,0.00625,0.00000,0.20000,0.55000,0.00000,1.10956,0.09392,0.32209,0.28898,0.15253,0.76666,160,mode_chatter,1.50
combined_micro_shift,ensemble_uncertainty_gate,3,0.76250,0.76129,0.72500,0.00000,0.00000,0.21250,0.55000,0.00000,1.10750,0.09082,0.33646,0.28745,0.14862,0.74745,160,mode_chatter,1.50
combined_micro_shift,ensemble_uncertainty_gate,4,0.75625,0.75806,0.70000,0.00000,0.00000,0.20625,0.54375,0.00000,1.10528,0.08985,0.33588,0.29018,0.15270,0.74151,160,mode_chatter,1.50
combined_micro_shift,ensemble_uncertainty_gate,5,0.76250,0.75806,0.72500,0.00000,0.00000,0.21250,0.53125,0.00000,1.10572,0.09380,0.33065,0.29300,0.15170,0.74770,160,mode_chatter,1.50
combined_micro_shift,ensemble_uncertainty_gate,6,0.76875,0.76129,0.67500,0.00625,0.00000,0.20625,0.53750,0.00000,1.11000,0.09102,0.33451,0.29292,0.15361,0.74785,160,mode_chatter,1.50
combined_micro_shift,ensemble_uncertainty_gate,7,0.80000,0.79677,0.95000,0.00625,0.00000,0.18125,0.56875,0.00000,1.10647,0.09935,0.31535,0.28844,0.15423,0.77959,160,mode_chatter,1.50
combined_micro_shift,ensemble_uncertainty_gate,8,0.80625,0.80000,0.75000,0.00625,0.00000,0.19375,0.59375,0.00000,1.11209,0.10164,0.30354,0.29703,0.15673,0.78506,160,mode_chatter,1.50
combined_micro_shift,ensemble_uncertainty_gate,9,0.71875,0.71290,0.65000,0.01875,0.00000,0.20625,0.51250,0.00000,1.11825,0.10160,0.35453,0.29156,0.15223,0.68570,160,mode_chatter,1.50
combined_micro_shift,bayesian_skill_survival,0,0.81875,0.82258,0.70000,0.00000,0.00000,0.24375,0.58125,0.00000,1.11859,0.11426,0.29944,0.31406,0.15619,0.80215,160,mode_chatter,1.50
combined_micro_shift,bayesian_skill_survival,1,0.78750,0.78710,0.72500,0.00625,0.00000,0.26250,0.56250,0.00000,1.12700,0.11330,0.31486,0.30542,0.15245,0.76422,160,mode_chatter,1.50
combined_micro_shift,bayesian_skill_survival,2,0.81250,0.80645,0.75000,0.00625,0.00000,0.25000,0.54375,0.00000,1.12197,0.10888,0.30062,0.30496,0.15142,0.78992,160,mode_chatter,1.50
combined_micro_shift,bayesian_skill_survival,3,0.79375,0.79032,0.70000,0.00625,0.00000,0.25625,0.55625,0.00000,1.12478,0.10106,0.31107,0.30735,0.15534,0.77078,160,mode_chatter,1.50
combined_micro_shift,bayesian_skill_survival,4,0.84375,0.84516,0.90000,0.00000,0.00000,0.26875,0.55625,0.00000,1.12272,0.10947,0.27363,0.30611,0.15154,0.82657,160,mode_chatter,1.50
combined_micro_shift,bayesian_skill_survival,5,0.80000,0.79677,0.75000,0.00625,0.00000,0.25000,0.55000,0.00000,1.12256,0.11016,0.30154,0.30987,0.15238,0.77734,160,mode_chatter,1.50
combined_micro_shift,bayesian_skill_survival,6,0.80000,0.80645,0.80000,0.00000,0.00000,0.24375,0.58750,0.00000,1.11919,0.11490,0.31130,0.30993,0.15458,0.78331,160,mode_chatter,1.50
combined_micro_shift,bayesian_skill_survival,7,0.82500,0.82258,0.80000,0.00000,0.00000,0.23125,0.58125,0.00000,1.11534,0.11408,0.29498,0.30490,0.15411,0.80885,160,mode_chatter,1.50
combined_micro_shift,bayesian_skill_survival,8,0.78750,0.78710,0.67500,0.00000,0.00000,0.26875,0.53125,0.00000,1.12034,0.10639,0.31476,0.31111,0.15187,0.77065,160,mode_chatter,1.50
combined_micro_shift,bayesian_skill_survival,9,0.81250,0.80968,0.80000,0.00625,0.00000,0.27500,0.54375,0.00000,1.12847,0.10713,0.29695,0.30851,0.15306,0.78901,160,mode_chatter,1.50
combined_micro_shift,cvar_lifetime_guard,0,0.84375,0.84516,0.82500,0.00000,0.00000,0.56875,0.41250,0.00000,1.18706,0.08804,0.27030,0.35878,0.09856,0.81756,160,mode_chatter,1.50
combined_micro_shift,cvar_lifetime_guard,1,0.83750,0.83548,0.82500,0.00000,0.00000,0.55625,0.42500,0.00000,1.18500,0.08803,0.27605,0.35178,0.09809,0.81160,160,mode_chatter,1.50
combined_micro_shift,cvar_lifetime_guard,2,0.83125,0.82903,0.87500,0.00000,0.00000,0.54375,0.43125,0.00000,1.18234,0.08553,0.27905,0.35375,0.10194,0.80572,160,mode_chatter,1.50
combined_micro_shift,cvar_lifetime_guard,3,0.83125,0.83871,0.82500,0.00000,0.00000,0.56250,0.38750,0.00000,1.18306,0.08822,0.27705,0.35269,0.09897,0.80562,160,mode_chatter,1.50
combined_micro_shift,cvar_lifetime_guard,4,0.81875,0.81935,0.80000,0.00000,0.00000,0.56875,0.39375,0.00000,1.18528,0.08627,0.28424,0.35253,0.09727,0.79281,160,mode_chatter,1.50
combined_micro_shift,cvar_lifetime_guard,5,0.81250,0.81290,0.85000,0.00000,0.00000,0.58125,0.37500,0.00000,1.18675,0.08847,0.28731,0.35525,0.09606,0.78636,160,mode_chatter,1.50
combined_micro_shift,cvar_lifetime_guard,6,0.79375,0.79677,0.72500,0.00000,0.00000,0.55625,0.41875,0.00000,1.18441,0.08467,0.30359,0.35639,0.10047,0.76793,160,mode_chatter,1.50
combined_micro_shift,cvar_lifetime_guard,7,0.83750,0.83871,0.77500,0.01875,0.00000,0.54375,0.43125,0.00000,1.19828,0.08801,0.27448,0.35056,0.09831,0.79324,160,mode_chatter,1.50
combined_micro_shift,cvar_lifetime_guard,8,0.78750,0.79032,0.72500,0.00000,0.00000,0.55625,0.43125,0.00000,1.18559,0.08300,0.30620,0.35774,0.09808,0.76152,160,mode_chatter,1.50
combined_micro_shift,cvar_lifetime_guard,9,0.79375,0.79355,0.70000,0.00000,0.00000,0.56250,0.40000,0.00000,1.18425,0.08429,0.30267,0.35475,0.09849,0.76795,160,mode_chatter,1.50
combined_micro_shift,skill_half_life_scheduler_v5,0,0.83125,0.82903,0.85000,0.00625,0.00000,0.17500,0.58750,0.00000,1.10662,0.15192,0.28458,0.30728,0.14921,0.81082,160,mode_chatter,1.50
combined_micro_shift,skill_half_life_scheduler_v5,1,0.76875,0.78065,0.67500,0.00000,0.00000,0.18125,0.58125,0.00000,1.10234,0.13801,0.32904,0.29940,0.14868,0.75442,160,mode_chatter,1.50
combined_micro_shift,skill_half_life_scheduler_v5,2,0.76250,0.75806,0.80000,0.00000,0.00000,0.16250,0.61875,0.00000,1.10103,0.14423,0.32719,0.30187,0.15373,0.74836,160,mode_chatter,1.50
combined_micro_shift,skill_half_life_scheduler_v5,3,0.84375,0.84839,0.80000,0.00000,0.00000,0.18125,0.56875,0.00000,1.10116,0.14696,0.28317,0.30155,0.15174,0.82959,160,mode_chatter,1.50
combined_micro_shift,skill_half_life_scheduler_v5,4,0.81250,0.81290,0.85000,0.00000,0.00000,0.17500,0.59375,0.00000,1.10191,0.14926,0.29832,0.30246,0.15247,0.79823,160,mode_chatter,1.50
combined_micro_shift,skill_half_life_scheduler_v5,5,0.77500,0.77419,0.77500,0.00000,0.00000,0.17500,0.59375,0.00000,1.10191,0.14715,0.32081,0.30579,0.15159,0.76073,160,mode_chatter,1.50
combined_micro_shift,skill_half_life_scheduler_v5,6,0.83125,0.82581,0.80000,0.00000,0.00000,0.17500,0.56875,0.00000,1.09953,0.14255,0.28979,0.30405,0.15038,0.81732,160,mode_chatter,1.50
combined_micro_shift,skill_half_life_scheduler_v5,7,0.79375,0.79032,0.80000,0.00000,0.00000,0.18125,0.56250,0.00000,1.10056,0.14958,0.31355,0.29806,0.14917,0.77967,160,mode_chatter,1.50
combined_micro_shift,skill_half_life_scheduler_v5,8,0.83125,0.83226,0.80000,0.00625,0.00000,0.16875,0.60625,0.00000,1.10678,0.14884,0.29332,0.30731,0.15152,0.81080,160,mode_chatter,1.50
combined_micro_shift,skill_half_life_scheduler_v5,9,0.76875,0.76452,0.85000,0.00625,0.00000,0.17500,0.55625,0.00000,1.10366,0.15070,0.32578,0.30518,0.15399,0.74874,160,mode_chatter,1.50
combined_micro_shift,oracle_shift_aware_scheduler,0,0.88750,0.88710,0.82500,0.00000,0.00000,0.21250,0.58750,0.00000,1.11106,0.00000,0.24875,0.21834,0.15076,0.87195,160,mode_chatter,1.50
combined_micro_shift,oracle_shift_aware_scheduler,1,0.80000,0.80000,0.77500,0.00000,0.00000,0.21875,0.52500,0.00000,1.10675,0.00000,0.29730,0.20791,0.14445,0.78506,160,mode_chatter,1.50
combined_micro_shift,oracle_shift_aware_scheduler,2,0.80000,0.80000,0.72500,0.00625,0.00000,0.22500,0.55625,0.00000,1.11666,0.00000,0.29541,0.21150,0.14684,0.77817,160,mode_chatter,1.50
combined_micro_shift,oracle_shift_aware_scheduler,3,0.81875,0.81290,0.82500,0.00000,0.00000,0.22500,0.53750,0.00000,1.10956,0.00000,0.28951,0.21313,0.14960,0.80341,160,mode_chatter,1.50
combined_micro_shift,oracle_shift_aware_scheduler,4,0.75000,0.75161,0.72500,0.00000,0.00000,0.22500,0.53125,0.00000,1.10897,0.00000,0.32951,0.21065,0.14488,0.73474,160,mode_chatter,1.50
combined_micro_shift,oracle_shift_aware_scheduler,5,0.81875,0.82258,0.77500,0.00000,0.00000,0.22500,0.53750,0.00000,1.10956,0.00000,0.28419,0.21438,0.14564,0.80341,160,mode_chatter,1.50
combined_micro_shift,oracle_shift_aware_scheduler,6,0.83125,0.82581,0.80000,0.00000,0.00000,0.21875,0.58125,0.00000,1.11209,0.00000,0.27847,0.21168,0.14566,0.81556,160,mode_chatter,1.50
combined_micro_shift,oracle_shift_aware_scheduler,7,0.83750,0.83548,0.75000,0.00000,0.00000,0.21250,0.56250,0.00000,1.10869,0.00000,0.27491,0.20892,0.14783,0.82228,160,mode_chatter,1.50
combined_micro_shift,oracle_shift_aware_scheduler,8,0.86250,0.85806,0.82500,0.00000,0.00000,0.22500,0.53750,0.00000,1.10956,0.00000,0.24947,0.21716,0.14783,0.84716,160,mode_chatter,1.50
combined_micro_shift,oracle_shift_aware_scheduler,9,0.84375,0.84194,0.82500,0.00625,0.00000,0.21875,0.53750,0.00000,1.11325,0.00000,0.27472,0.21470,0.14793,0.82239,160,mode_chatter,1.50
combined_micro_shift,domain_randomized_clone,0,0.52500,0.52581,0.12500,0.19375,0.55625,0.00000,0.00000,0.00000,1.16469,0.64356,0.41031,0.30553,0.39445,0.14232,160,probe_cost,0.00
combined_micro_shift,domain_randomized_clone,1,0.44375,0.43548,0.20000,0.23125,0.56250,0.00000,0.00000,0.00000,1.19656,0.62988,0.44919,0.30390,0.39484,0.02148,160,probe_cost,0.00
combined_micro_shift,domain_randomized_clone,2,0.54375,0.54516,0.27500,0.18750,0.57500,0.00000,0.00000,0.00000,1.15938,0.65576,0.43212,0.30335,0.39409,0.16094,160,probe_cost,0.00
combined_micro_shift,domain_randomized_clone,3,0.48125,0.47742,0.22500,0.20625,0.57500,0.00000,0.00000,0.00000,1.17531,0.66417,0.43007,0.30685,0.39575,0.07971,160,probe_cost,0.00
combined_micro_shift,domain_randomized_clone,4,0.56250,0.55806,0.27500,0.18125,0.58125,0.00000,0.00000,0.00000,1.15406,0.65117,0.43044,0.30480,0.39497,0.18381,160,probe_cost,0.00
combined_micro_shift,domain_randomized_clone,5,0.50000,0.49355,0.25000,0.26875,0.58125,0.00000,0.00000,0.00000,1.22844,0.64962,0.42110,0.30391,0.39457,0.03389,160,probe_cost,0.00
combined_micro_shift,domain_randomized_clone,6,0.53125,0.53226,0.32500,0.16250,0.56875,0.00000,0.00000,0.00000,1.13813,0.64272,0.43885,0.30244,0.39330,0.17554,160,probe_cost,0.00
combined_micro_shift,domain_randomized_clone,7,0.39375,0.39355,0.15000,0.24375,0.57500,0.00000,0.00000,0.00000,1.20719,0.66868,0.44022,0.30780,0.39550,-0.04526,160,probe_cost,0.00
combined_micro_shift,domain_randomized_clone,8,0.48750,0.48710,0.22500,0.21250,0.56875,0.00000,0.00000,0.00000,1.18062,0.67416,0.43462,0.30823,0.39528,0.08184,160,probe_cost,0.00
combined_micro_shift,domain_randomized_clone,9,0.53750,0.53548,0.22500,0.20000,0.56875,0.00000,0.00000,0.00000,1.17000,0.66276,0.40739,0.30401,0.39396,0.14432,160,probe_cost,0.00
combined_micro_shift,conformal_risk_gate,0,0.78750,0.79032,0.65000,0.00000,0.00000,0.16875,0.50625,0.00000,1.06159,0.07354,0.32255,0.29519,0.15238,0.77888,160,probe_cost,0.00
combined_micro_shift,conformal_risk_gate,1,0.83750,0.83548,0.87500,0.00000,0.00000,0.16250,0.53750,0.00000,1.06106,0.07374,0.29682,0.29303,0.15167,0.82895,160,probe_cost,0.00
combined_micro_shift,conformal_risk_gate,2,0.79375,0.79032,0.80000,0.01250,0.00000,0.16875,0.48750,0.00000,1.07156,0.08160,0.32296,0.29188,0.14982,0.77273,160,probe_cost,0.00
combined_micro_shift,conformal_risk_gate,3,0.79375,0.78710,0.80000,0.00000,0.00000,0.17500,0.48125,0.00000,1.06234,0.07570,0.32329,0.29516,0.15093,0.78502,160,probe_cost,0.00
combined_micro_shift,conformal_risk_gate,4,0.78125,0.77419,0.57500,0.00625,0.00000,0.16250,0.52500,0.00000,1.06594,0.07535,0.32293,0.29509,0.15420,0.76652,160,probe_cost,0.00
combined_micro_shift,conformal_risk_gate,5,0.76875,0.76452,0.72500,0.00625,0.00000,0.16250,0.54375,0.00000,1.06659,0.07606,0.33430,0.29367,0.15270,0.75393,160,probe_cost,0.00
combined_micro_shift,conformal_risk_gate,6,0.75000,0.74194,0.80000,0.00625,0.00000,0.16250,0.51250,0.00000,1.06550,0.07107,0.34268,0.29420,0.15544,0.73533,160,probe_cost,0.00
combined_micro_shift,conformal_risk_gate,7,0.81875,0.81290,0.82500,0.00625,0.00000,0.16875,0.50000,0.00000,1.06669,0.06956,0.30705,0.29723,0.15298,0.80391,160,probe_cost,0.00
combined_micro_shift,conformal_risk_gate,8,0.77500,0.77419,0.75000,0.01250,0.00000,0.16875,0.53125,0.00000,1.07309,0.07751,0.33152,0.29658,0.15057,0.75377,160,probe_cost,0.00
combined_micro_shift,conformal_risk_gate,9,0.80000,0.80000,0.77500,0.01250,0.00000,0.16875,0.53125,0.00000,1.07309,0.07657,0.31986,0.29418,0.15289,0.77877,160,probe_cost,0.00
combined_micro_shift,ensemble_uncertainty_gate,0,0.80000,0.80000,0.77500,0.00625,0.00000,0.16250,0.55625,0.00000,1.06703,0.08139,0.31410,0.26844,0.15935,0.78512,160,probe_cost,0.00
combined_micro_shift,ensemble_uncertainty_gate,1,0.76875,0.77097,0.75000,0.01875,0.00000,0.15000,0.56250,0.00000,1.07462,0.08525,0.33802,0.26390,0.15387,0.74180,160,probe_cost,0.00
combined_micro_shift,ensemble_uncertainty_gate,2,0.75625,0.75806,0.72500,0.00625,0.00000,0.16250,0.51875,0.00000,1.06572,0.09162,0.33509,0.26330,0.15313,0.74155,160,probe_cost,0.00
combined_micro_shift,ensemble_uncertainty_gate,3,0.81250,0.80968,0.77500,0.00000,0.00000,0.17500,0.51250,0.00000,1.06344,0.08274,0.30920,0.26497,0.15098,0.80362,160,probe_cost,0.00
combined_micro_shift,ensemble_uncertainty_gate,4,0.83125,0.82903,0.87500,0.00625,0.00000,0.16250,0.56250,0.00000,1.06725,0.08631,0.29551,0.26615,0.15671,0.81634,160,probe_cost,0.00
combined_micro_shift,ensemble_uncertainty_gate,5,0.85000,0.84839,0.87500,0.01250,0.00000,0.15625,0.56875,0.00000,1.07116,0.08212,0.28488,0.26484,0.15549,0.82904,160,probe_cost,0.00
combined_micro_shift,ensemble_uncertainty_gate,6,0.78750,0.78710,0.82500,0.00000,0.00000,0.16250,0.54375,0.00000,1.06128,0.08385,0.31745,0.26398,0.15541,0.77892,160,probe_cost,0.00
combined_micro_shift,ensemble_uncertainty_gate,7,0.82500,0.82258,0.85000,0.00000,0.00000,0.18125,0.48125,0.00000,1.06397,0.08307,0.29938,0.26670,0.15236,0.81604,160,probe_cost,0.00
combined_micro_shift,ensemble_uncertainty_gate,8,0.86250,0.86129,0.85000,0.00000,0.00000,0.16875,0.55000,0.00000,1.06312,0.08889,0.28130,0.26879,0.15542,0.85366,160,probe_cost,0.00
combined_micro_shift,ensemble_uncertainty_gate,9,0.78750,0.78387,0.77500,0.00625,0.00000,0.16875,0.52500,0.00000,1.06756,0.09138,0.33019,0.26572,0.15642,0.77254,160,probe_cost,0.00
combined_micro_shift,bayesian_skill_survival,0,0.80000,0.79677,0.90000,0.00000,0.00000,0.18750,0.60000,0.00000,1.06975,0.12975,0.30914,0.28366,0.15670,0.79024,160,probe_cost,0.00
combined_micro_shift,bayesian_skill_survival,1,0.83750,0.83548,0.80000,0.00000,0.00000,0.19375,0.60000,0.00000,1.07138,0.13206,0.29424,0.28223,0.15748,0.82751,160,probe_cost,0.00
combined_micro_shift,bayesian_skill_survival,2,0.81875,0.81935,0.80000,0.00000,0.00000,0.18750,0.60000,0.00000,1.06975,0.11707,0.30142,0.28066,0.15474,0.80898,160,probe_cost,0.00
combined_micro_shift,bayesian_skill_survival,3,0.79375,0.79355,0.75000,0.00000,0.00000,0.20625,0.58750,0.00000,1.07419,0.11508,0.31182,0.28340,0.15484,0.78336,160,probe_cost,0.00
combined_micro_shift,bayesian_skill_survival,4,0.82500,0.81935,0.77500,0.01250,0.00000,0.20625,0.53750,0.00000,1.08306,0.12070,0.29504,0.28165,0.15462,0.80237,160,probe_cost,0.00
combined_micro_shift,bayesian_skill_survival,5,0.82500,0.82903,0.85000,0.00000,0.00000,0.18750,0.59375,0.00000,1.06953,0.12300,0.30576,0.28082,0.15440,0.81527,160,probe_cost,0.00
combined_micro_shift,bayesian_skill_survival,6,0.81250,0.81935,0.80000,0.00000,0.00000,0.20000,0.57500,0.00000,1.07213,0.12809,0.30485,0.28019,0.15481,0.80240,160,probe_cost,0.00
combined_micro_shift,bayesian_skill_survival,7,0.81875,0.81613,0.72500,0.00000,0.00000,0.20000,0.58125,0.00000,1.07234,0.12157,0.29788,0.28461,0.15509,0.80862,160,probe_cost,0.00
combined_micro_shift,bayesian_skill_survival,8,0.83125,0.82581,0.92500,0.00000,0.00000,0.20000,0.60000,0.00000,1.07300,0.11763,0.28995,0.28675,0.15828,0.82103,160,probe_cost,0.00
combined_micro_shift,bayesian_skill_survival,9,0.85625,0.85161,0.82500,0.00000,0.00000,0.20000,0.57500,0.00000,1.07213,0.11696,0.28040,0.28176,0.15544,0.84615,160,probe_cost,0.00
combined_micro_shift,cvar_lifetime_guard,0,0.76875,0.77097,0.65000,0.00000,0.00000,0.43750,0.52500,0.00000,1.13212,0.09356,0.32808,0.32993,0.10223,0.75025,160,probe_cost,0.00
combined_micro_shift,cvar_lifetime_guard,1,0.80625,0.80968,0.90000,0.00000,0.00000,0.43125,0.52500,0.00000,1.13050,0.09885,0.29665,0.32889,0.10378,0.78798,160,probe_cost,0.00
combined_micro_shift,cvar_lifetime_guard,2,0.77500,0.77742,0.77500,0.00000,0.00000,0.44375,0.49375,0.00000,1.13266,0.09250,0.31491,0.32635,0.09905,0.75643,160,probe_cost,0.00
combined_micro_shift,cvar_lifetime_guard,3,0.86250,0.85806,0.87500,0.00000,0.00000,0.43125,0.51250,0.00000,1.13006,0.09405,0.26109,0.33128,0.10356,0.84429,160,probe_cost,0.00
combined_micro_shift,cvar_lifetime_guard,4,0.83750,0.83226,0.92500,0.00000,0.00000,0.41250,0.53750,0.00000,1.12606,0.09738,0.28218,0.32923,0.10277,0.81985,160,probe_cost,0.00
combined_micro_shift,cvar_lifetime_guard,5,0.86250,0.85806,0.90000,0.00625,0.00000,0.40000,0.55625,0.00000,1.12878,0.09908,0.26333,0.32921,0.10418,0.83897,160,probe_cost,0.00
combined_micro_shift,cvar_lifetime_guard,6,0.78125,0.78065,0.80000,0.00000,0.00000,0.40000,0.56250,0.00000,1.12369,0.08992,0.31523,0.32765,0.10268,0.76393,160,probe_cost,0.00
combined_micro_shift,cvar_lifetime_guard,7,0.86250,0.87419,0.90000,0.00000,0.00000,0.44375,0.52500,0.00000,1.13375,0.08704,0.26446,0.33096,0.10076,0.84378,160,probe_cost,0.00
combined_micro_shift,cvar_lifetime_guard,8,0.86875,0.87419,0.85000,0.00000,0.00000,0.44375,0.52500,0.00000,1.13375,0.08931,0.25386,0.33204,0.10184,0.85003,160,probe_cost,0.00
combined_micro_shift,cvar_lifetime_guard,9,0.83750,0.83871,0.95000,0.00625,0.00000,0.41875,0.54375,0.00000,1.13322,0.09125,0.27328,0.32935,0.10359,0.81335,160,probe_cost,0.00
combined_micro_shift,skill_half_life_scheduler_v5,0,0.76875,0.76452,0.72500,0.00000,0.00000,0.15000,0.55625,0.00000,1.05847,0.12419,0.32860,0.27489,0.15101,0.76056,160,probe_cost,0.00
combined_micro_shift,skill_half_life_scheduler_v5,1,0.85000,0.85161,0.75000,0.01250,0.00000,0.15000,0.53750,0.00000,1.06844,0.11762,0.27841,0.27154,0.14851,0.82942,160,probe_cost,0.00
combined_micro_shift,skill_half_life_scheduler_v5,2,0.83125,0.82903,0.82500,0.00625,0.00000,0.15000,0.55625,0.00000,1.06378,0.12892,0.29002,0.27309,0.15145,0.81682,160,probe_cost,0.00
combined_micro_shift,skill_half_life_scheduler_v5,3,0.83125,0.82903,0.82500,0.01250,0.00000,0.15625,0.55000,0.00000,1.07050,0.12777,0.29410,0.27541,0.15008,0.81038,160,probe_cost,0.00
combined_micro_shift,skill_half_life_scheduler_v5,4,0.75625,0.75484,0.72500,0.00625,0.00000,0.15000,0.53750,0.00000,1.06312,0.12476,0.33035,0.27217,0.14776,0.74191,160,probe_cost,0.00
combined_micro_shift,skill_half_life_scheduler_v5,5,0.88750,0.88387,0.85000,0.00625,0.00000,0.15625,0.55000,0.00000,1.06519,0.12166,0.25077,0.27182,0.14853,0.87287,160,probe_cost,0.00
combined_micro_shift,skill_half_life_scheduler_v5,6,0.76875,0.76129,0.82500,0.00625,0.00000,0.15000,0.52500,0.00000,1.06269,0.11702,0.32903,0.27132,0.14959,0.75447,160,probe_cost,0.00
combined_micro_shift,skill_half_life_scheduler_v5,7,0.80000,0.79677,0.82500,0.00000,0.00000,0.15625,0.55000,0.00000,1.05988,0.12737,0.31319,0.27563,0.14869,0.79162,160,probe_cost,0.00
combined_micro_shift,skill_half_life_scheduler_v5,8,0.80000,0.79677,0.75000,0.00625,0.00000,0.15625,0.55000,0.00000,1.06519,0.12772,0.30864,0.27717,0.14999,0.78537,160,probe_cost,0.00
combined_micro_shift,skill_half_life_scheduler_v5,9,0.85000,0.85161,0.82500,0.00000,0.00000,0.15625,0.57500,0.00000,1.06075,0.13065,0.27900,0.27332,0.15042,0.84149,160,probe_cost,0.00
combined_micro_shift,oracle_shift_aware_scheduler,0,0.88125,0.88065,0.87500,0.00000,0.00000,0.18750,0.53750,0.00000,1.06756,0.00000,0.25427,0.17765,0.14276,0.87179,160,probe_cost,0.00
combined_micro_shift,oracle_shift_aware_scheduler,1,0.85000,0.84839,0.82500,0.00625,0.00000,0.19375,0.51250,0.00000,1.07363,0.00000,0.26682,0.17412,0.14187,0.83419,160,probe_cost,0.00
combined_micro_shift,oracle_shift_aware_scheduler,2,0.81250,0.81290,0.77500,0.00000,0.00000,0.18750,0.51250,0.00000,1.06669,0.00000,0.29449,0.17721,0.14224,0.80316,160,probe_cost,0.00
combined_micro_shift,oracle_shift_aware_scheduler,3,0.81250,0.81290,0.77500,0.00000,0.00000,0.19375,0.51250,0.00000,1.06831,0.00000,0.29162,0.18078,0.14237,0.80294,160,probe_cost,0.00
combined_micro_shift,oracle_shift_aware_scheduler,4,0.81250,0.81290,0.80000,0.00000,0.00000,0.18750,0.54375,0.00000,1.06778,0.00000,0.29141,0.17842,0.14364,0.80301,160,probe_cost,0.00
combined_micro_shift,oracle_shift_aware_scheduler,5,0.86875,0.87097,0.85000,0.00000,0.00000,0.18125,0.53125,0.00000,1.06572,0.00000,0.25688,0.17781,0.14448,0.85955,160,probe_cost,0.00
combined_micro_shift,oracle_shift_aware_scheduler,6,0.86250,0.86129,0.85000,0.00000,0.00000,0.18750,0.52500,0.00000,1.06712,0.00000,0.25655,0.17608,0.14291,0.85310,160,probe_cost,0.00
combined_micro_shift,oracle_shift_aware_scheduler,7,0.88125,0.87742,0.87500,0.00000,0.00000,0.18750,0.54375,0.00000,1.06778,0.00000,0.25153,0.18259,0.14438,0.87176,160,probe_cost,0.00
combined_micro_shift,oracle_shift_aware_scheduler,8,0.84375,0.84194,0.85000,0.00000,0.00000,0.18750,0.55625,0.00000,1.06822,0.00000,0.27541,0.18347,0.14556,0.83420,160,probe_cost,0.00
combined_micro_shift,oracle_shift_aware_scheduler,9,0.78750,0.78387,0.75000,0.00000,0.00000,0.18750,0.56250,0.00000,1.06844,0.00000,0.30577,0.17971,0.14320,0.77792,160,probe_cost,0.00
combined_micro_shift,domain_randomized_clone,0,0.60625,0.60645,0.40000,0.18125,0.55000,0.00000,0.00000,0.00000,1.15406,0.64737,0.41966,0.30634,0.39453,0.23818,160,probe_cost,0.25
combined_micro_shift,domain_randomized_clone,1,0.46875,0.46452,0.17500,0.22500,0.57500,0.00000,0.00000,0.00000,1.19125,0.64057,0.43095,0.30940,0.39727,0.04847,160,probe_cost,0.25
combined_micro_shift,domain_randomized_clone,2,0.46875,0.47742,0.20000,0.24375,0.57500,0.00000,0.00000,0.00000,1.20719,0.63412,0.43866,0.30531,0.39598,0.02974,160,probe_cost,0.25
combined_micro_shift,domain_randomized_clone,3,0.49375,0.49032,0.30000,0.20625,0.58125,0.00000,0.00000,0.00000,1.17531,0.64783,0.43933,0.30767,0.39666,0.09008,160,probe_cost,0.25
combined_micro_shift,domain_randomized_clone,4,0.53125,0.52581,0.30000,0.21250,0.59375,0.00000,0.00000,0.00000,1.18062,0.66087,0.42449,0.30961,0.39699,0.11709,160,probe_cost,0.25
combined_micro_shift,domain_randomized_clone,5,0.46875,0.46452,0.30000,0.20625,0.58125,0.00000,0.00000,0.00000,1.17531,0.67863,0.44781,0.30700,0.39433,0.06508,160,probe_cost,0.25
combined_micro_shift,domain_randomized_clone,6,0.50000,0.49355,0.22500,0.23750,0.56875,0.00000,0.00000,0.00000,1.20188,0.66716,0.44385,0.30714,0.39420,0.06936,160,probe_cost,0.25
combined_micro_shift,domain_randomized_clone,7,0.50000,0.49355,0.22500,0.19375,0.55625,0.00000,0.00000,0.00000,1.16469,0.64961,0.42754,0.30300,0.39202,0.11732,160,probe_cost,0.25
combined_micro_shift,domain_randomized_clone,8,0.50000,0.50323,0.30000,0.21875,0.56250,0.00000,0.00000,0.00000,1.18594,0.67252,0.43331,0.30596,0.39372,0.09022,160,probe_cost,0.25
combined_micro_shift,domain_randomized_clone,9,0.48125,0.48065,0.40000,0.16875,0.55625,0.00000,0.00000,0.00000,1.14344,0.64131,0.45148,0.30491,0.39405,0.12354,160,probe_cost,0.25
combined_micro_shift,conformal_risk_gate,0,0.79375,0.79032,0.72500,0.00625,0.00000,0.16250,0.53125,0.00000,1.09006,0.07415,0.32159,0.29673,0.15145,0.77564,160,probe_cost,0.25
combined_micro_shift,conformal_risk_gate,1,0.83750,0.83548,0.77500,0.00625,0.00000,0.17500,0.51875,0.00000,1.09231,0.07541,0.29897,0.29881,0.15219,0.81908,160,probe_cost,0.25
combined_micro_shift,conformal_risk_gate,2,0.78750,0.78387,0.72500,0.00000,0.00000,0.15625,0.54375,0.00000,1.08412,0.07318,0.32761,0.29490,0.15128,0.77572,160,probe_cost,0.25
combined_micro_shift,conformal_risk_gate,3,0.80000,0.79677,0.77500,0.00000,0.00000,0.15625,0.52500,0.00000,1.08262,0.07087,0.32184,0.29790,0.15322,0.78843,160,probe_cost,0.25
combined_micro_shift,conformal_risk_gate,4,0.79375,0.79677,0.82500,0.00625,0.00000,0.17500,0.48125,0.00000,1.08931,0.08051,0.32212,0.29932,0.15254,0.77575,160,probe_cost,0.25
combined_micro_shift,conformal_risk_gate,5,0.87500,0.87097,0.95000,0.00000,0.00000,0.16875,0.48125,0.00000,1.08238,0.07649,0.27312,0.29719,0.15081,0.86347,160,probe_cost,0.25
combined_micro_shift,conformal_risk_gate,6,0.75625,0.75806,0.72500,0.00000,0.00000,0.17500,0.53125,0.00000,1.08800,0.07578,0.34015,0.29813,0.15229,0.74393,160,probe_cost,0.25
combined_micro_shift,conformal_risk_gate,7,0.87500,0.87097,0.90000,0.00000,0.00000,0.16250,0.50625,0.00000,1.08275,0.07936,0.27562,0.29532,0.15275,0.86341,160,probe_cost,0.25
combined_micro_shift,conformal_risk_gate,8,0.76250,0.76129,0.72500,0.00625,0.00000,0.16250,0.55625,0.00000,1.09206,0.08370,0.34514,0.29775,0.15341,0.74411,160,probe_cost,0.25
combined_micro_shift,conformal_risk_gate,9,0.76875,0.76452,0.80000,0.00000,0.00000,0.16875,0.50625,0.00000,1.08438,0.07549,0.33373,0.29467,0.14973,0.75694,160,probe_cost,0.25
combined_micro_shift,ensemble_uncertainty_gate,0,0.76875,0.76774,0.70000,0.00000,0.00000,0.16250,0.55625,0.00000,1.08675,0.08133,0.33451,0.26662,0.15216,0.75661,160,probe_cost,0.25
combined_micro_shift,ensemble_uncertainty_gate,1,0.78125,0.78065,0.82500,0.00625,0.00000,0.17500,0.51875,0.00000,1.09231,0.08101,0.32137,0.26789,0.15129,0.76283,160,probe_cost,0.25
combined_micro_shift,ensemble_uncertainty_gate,2,0.80625,0.80323,0.75000,0.01250,0.00000,0.15625,0.57500,0.00000,1.09725,0.08142,0.30817,0.26573,0.15388,0.78163,160,probe_cost,0.25
combined_micro_shift,ensemble_uncertainty_gate,3,0.84375,0.83871,0.87500,0.00000,0.00000,0.16250,0.55000,0.00000,1.08625,0.07805,0.28859,0.26775,0.15382,0.83167,160,probe_cost,0.25
combined_micro_shift,ensemble_uncertainty_gate,4,0.81875,0.81290,0.82500,0.00000,0.00000,0.16875,0.50625,0.00000,1.08438,0.08750,0.30406,0.26870,0.15220,0.80694,160,probe_cost,0.25
combined_micro_shift,ensemble_uncertainty_gate,5,0.80000,0.80645,0.70000,0.00625,0.00000,0.16250,0.53750,0.00000,1.09056,0.08656,0.31818,0.26825,0.15389,0.78182,160,probe_cost,0.25
combined_micro_shift,ensemble_uncertainty_gate,6,0.78750,0.78065,0.80000,0.00000,0.00000,0.16875,0.54375,0.00000,1.08737,0.08495,0.32392,0.26962,0.15623,0.77527,160,probe_cost,0.25
combined_micro_shift,ensemble_uncertainty_gate,7,0.79375,0.79355,0.72500,0.00625,0.00000,0.16875,0.51875,0.00000,1.09069,0.08892,0.31602,0.26577,0.15461,0.77555,160,probe_cost,0.25
combined_micro_shift,ensemble_uncertainty_gate,8,0.82500,0.82581,0.77500,0.01250,0.00000,0.15625,0.60000,0.00000,1.09925,0.09508,0.30454,0.26942,0.15769,0.80010,160,probe_cost,0.25
combined_micro_shift,ensemble_uncertainty_gate,9,0.80000,0.80645,0.77500,0.00000,0.00000,0.15625,0.57500,0.00000,1.08663,0.08346,0.32085,0.26790,0.15710,0.78787,160,probe_cost,0.25
combined_micro_shift,bayesian_skill_survival,0,0.84375,0.84194,0.87500,0.00000,0.00000,0.20625,0.55625,0.00000,1.09813,0.13215,0.28305,0.28473,0.15492,0.83001,160,probe_cost,0.25
combined_micro_shift,bayesian_skill_survival,1,0.84375,0.84194,0.92500,0.00000,0.00000,0.21250,0.59375,0.00000,1.10275,0.13470,0.27852,0.28376,0.14959,0.82937,160,probe_cost,0.25
combined_micro_shift,bayesian_skill_survival,2,0.80625,0.80000,0.80000,0.00000,0.00000,0.18750,0.62500,0.00000,1.09875,0.13301,0.30801,0.28450,0.15796,0.79243,160,probe_cost,0.25
combined_micro_shift,bayesian_skill_survival,3,0.80625,0.80000,0.80000,0.00625,0.00000,0.19375,0.59375,0.00000,1.10319,0.13010,0.30511,0.28641,0.15772,0.78630,160,probe_cost,0.25
combined_micro_shift,bayesian_skill_survival,4,0.82500,0.81935,0.80000,0.00000,0.00000,0.21250,0.56250,0.00000,1.10025,0.12943,0.29121,0.28507,0.15150,0.81096,160,probe_cost,0.25
combined_micro_shift,bayesian_skill_survival,5,0.81250,0.81290,0.92500,0.00000,0.00000,0.20000,0.57500,0.00000,1.09800,0.11513,0.29953,0.28455,0.15301,0.79878,160,probe_cost,0.25
combined_micro_shift,bayesian_skill_survival,6,0.83750,0.83871,0.85000,0.00000,0.00000,0.20000,0.60625,0.00000,1.10050,0.12662,0.28833,0.28595,0.15539,0.82343,160,probe_cost,0.25
combined_micro_shift,bayesian_skill_survival,7,0.78750,0.78710,0.80000,0.00625,0.00000,0.20000,0.56250,0.00000,1.10231,0.12780,0.31828,0.28282,0.15520,0.76768,160,probe_cost,0.25
combined_micro_shift,bayesian_skill_survival,8,0.80000,0.80323,0.82500,0.00625,0.00000,0.20625,0.56250,0.00000,1.10394,0.11879,0.30957,0.28554,0.15648,0.77995,160,probe_cost,0.25
combined_micro_shift,bayesian_skill_survival,9,0.80625,0.80645,0.90000,0.00625,0.00000,0.19375,0.58125,0.00000,1.10219,0.13065,0.31226,0.28374,0.15533,0.78644,160,probe_cost,0.25
combined_micro_shift,cvar_lifetime_guard,0,0.85000,0.84839,0.90000,0.00000,0.00000,0.41250,0.56250,0.00000,1.15225,0.09892,0.27183,0.33368,0.10480,0.82869,160,probe_cost,0.25
combined_micro_shift,cvar_lifetime_guard,1,0.88750,0.88387,0.90000,0.00000,0.00000,0.46250,0.50000,0.00000,1.16025,0.10117,0.24312,0.33323,0.10050,0.86506,160,probe_cost,0.25
combined_micro_shift,cvar_lifetime_guard,2,0.82500,0.82581,0.85000,0.00000,0.00000,0.45000,0.51875,0.00000,1.15850,0.09920,0.28589,0.32923,0.09934,0.80281,160,probe_cost,0.25
combined_micro_shift,cvar_lifetime_guard,3,0.83750,0.83548,0.85000,0.00000,0.00000,0.44375,0.52500,0.00000,1.15737,0.09986,0.27442,0.33191,0.10068,0.81547,160,probe_cost,0.25
combined_micro_shift,cvar_lifetime_guard,4,0.86875,0.86774,0.87500,0.00625,0.00000,0.44375,0.51250,0.00000,1.16169,0.10605,0.25662,0.33374,0.10078,0.84061,160,probe_cost,0.25
combined_micro_shift,cvar_lifetime_guard,5,0.86250,0.86774,0.82500,0.00000,0.00000,0.42500,0.54375,0.00000,1.15400,0.08376,0.26208,0.33344,0.10278,0.84094,160,probe_cost,0.25
combined_micro_shift,cvar_lifetime_guard,6,0.85625,0.85806,0.80000,0.00000,0.00000,0.45625,0.50625,0.00000,1.15912,0.09017,0.26404,0.33209,0.09962,0.83397,160,probe_cost,0.25
combined_micro_shift,cvar_lifetime_guard,7,0.80000,0.79355,0.72500,0.00000,0.00000,0.41250,0.56250,0.00000,1.15225,0.08976,0.29812,0.32943,0.10042,0.77869,160,probe_cost,0.25
combined_micro_shift,cvar_lifetime_guard,8,0.79375,0.79677,0.82500,0.00000,0.00000,0.41250,0.55625,0.00000,1.15175,0.08822,0.30504,0.33379,0.10496,0.77250,160,probe_cost,0.25
combined_micro_shift,cvar_lifetime_guard,9,0.81250,0.80645,0.80000,0.00625,0.00000,0.46875,0.51250,0.00000,1.16819,0.10079,0.29558,0.33053,0.10084,0.78345,160,probe_cost,0.25
combined_micro_shift,skill_half_life_scheduler_v5,0,0.78750,0.79355,0.82500,0.00000,0.00000,0.15625,0.53125,0.00000,1.08313,0.12148,0.31645,0.27637,0.15024,0.77586,160,probe_cost,0.25
combined_micro_shift,skill_half_life_scheduler_v5,1,0.85000,0.84516,0.85000,0.00000,0.00000,0.15000,0.56875,0.00000,1.08450,0.11872,0.27958,0.27784,0.14962,0.83817,160,probe_cost,0.25
combined_micro_shift,skill_half_life_scheduler_v5,2,0.83125,0.83226,0.87500,0.01250,0.00000,0.15625,0.53125,0.00000,1.09375,0.11245,0.29096,0.27355,0.14876,0.80712,160,probe_cost,0.25
combined_micro_shift,skill_half_life_scheduler_v5,3,0.84375,0.83871,0.87500,0.01250,0.00000,0.15000,0.55000,0.00000,1.09363,0.11941,0.28130,0.27598,0.14894,0.81964,160,probe_cost,0.25
combined_micro_shift,skill_half_life_scheduler_v5,4,0.74375,0.74516,0.65000,0.00000,0.00000,0.15000,0.56875,0.00000,1.08450,0.13369,0.33829,0.27865,0.15004,0.73192,160,probe_cost,0.25
combined_micro_shift,skill_half_life_scheduler_v5,5,0.81875,0.81613,0.80000,0.00000,0.00000,0.15625,0.53750,0.00000,1.08363,0.13365,0.29457,0.27730,0.14989,0.80704,160,probe_cost,0.25
combined_micro_shift,skill_half_life_scheduler_v5,6,0.81875,0.82258,0.72500,0.00625,0.00000,0.15625,0.55000,0.00000,1.08994,0.12564,0.29173,0.27785,0.15057,0.80066,160,probe_cost,0.25
combined_micro_shift,skill_half_life_scheduler_v5,7,0.80625,0.80645,0.72500,0.00000,0.00000,0.15625,0.54375,0.00000,1.08413,0.12704,0.30226,0.27397,0.14977,0.79447,160,probe_cost,0.25
combined_micro_shift,skill_half_life_scheduler_v5,8,0.78750,0.79677,0.75000,0.00000,0.00000,0.15625,0.53750,0.00000,1.08363,0.13210,0.31794,0.27546,0.14798,0.77579,160,probe_cost,0.25
combined_micro_shift,skill_half_life_scheduler_v5,9,0.75625,0.75806,0.75000,0.00625,0.00000,0.15000,0.56250,0.00000,1.08931,0.11824,0.33439,0.27407,0.14829,0.73825,160,probe_cost,0.25
combined_micro_shift,oracle_shift_aware_scheduler,0,0.83750,0.84194,0.70000,0.00000,0.00000,0.20000,0.51875,0.00000,1.09350,0.00000,0.27589,0.17929,0.14463,0.82441,160,probe_cost,0.25
combined_micro_shift,oracle_shift_aware_scheduler,1,0.83125,0.82581,0.87500,0.00000,0.00000,0.18125,0.55625,0.00000,1.09163,0.00000,0.28435,0.17975,0.14409,0.81842,160,probe_cost,0.25
combined_micro_shift,oracle_shift_aware_scheduler,2,0.82500,0.82903,0.85000,0.00625,0.00000,0.18125,0.55000,0.00000,1.09644,0.00000,0.28806,0.17584,0.14199,0.80600,160,probe_cost,0.25
combined_micro_shift,oracle_shift_aware_scheduler,3,0.81875,0.82258,0.72500,0.00000,0.00000,0.18750,0.54375,0.00000,1.09225,0.00000,0.28525,0.17858,0.14191,0.80583,160,probe_cost,0.25
combined_micro_shift,oracle_shift_aware_scheduler,4,0.80000,0.79677,0.80000,0.00000,0.00000,0.19375,0.53750,0.00000,1.09337,0.00000,0.30635,0.18225,0.14434,0.78693,160,probe_cost,0.25
combined_micro_shift,oracle_shift_aware_scheduler,5,0.81250,0.81290,0.85000,0.00625,0.00000,0.18750,0.53750,0.00000,1.09706,0.00000,0.29190,0.18218,0.14445,0.79341,160,probe_cost,0.25
combined_micro_shift,oracle_shift_aware_scheduler,6,0.83750,0.83226,0.82500,0.00000,0.00000,0.18750,0.54375,0.00000,1.09225,0.00000,0.26977,0.18075,0.14374,0.82459,160,probe_cost,0.25
combined_micro_shift,oracle_shift_aware_scheduler,7,0.81250,0.80968,0.87500,0.00000,0.00000,0.18125,0.53750,0.00000,1.09013,0.00000,0.29362,0.17645,0.14377,0.79988,160,probe_cost,0.25
combined_micro_shift,oracle_shift_aware_scheduler,8,0.84375,0.84194,0.87500,0.00000,0.00000,0.19375,0.51250,0.00000,1.09137,0.00000,0.27414,0.18139,0.14442,0.83096,160,probe_cost,0.25
combined_micro_shift,oracle_shift_aware_scheduler,9,0.88125,0.88065,0.90000,0.00000,0.00000,0.18750,0.51250,0.00000,1.08975,0.00000,0.24747,0.17678,0.14284,0.86868,160,probe_cost,0.25
combined_micro_shift,domain_randomized_clone,0,0.48750,0.49032,0.32500,0.21250,0.55000,0.00000,0.00000,0.00000,1.18063,0.64287,0.44804,0.31277,0.39791,0.08821,160,probe_cost,0.50
combined_micro_shift,domain_randomized_clone,1,0.50000,0.49355,0.27500,0.20625,0.57500,0.00000,0.00000,0.00000,1.17531,0.66469,0.42332,0.30934,0.39653,0.09846,160,probe_cost,0.50
combined_micro_shift,domain_randomized_clone,2,0.47500,0.47742,0.17500,0.19375,0.56875,0.00000,0.00000,0.00000,1.16469,0.63723,0.42046,0.30794,0.39675,0.08807,160,probe_cost,0.50
combined_micro_shift,domain_randomized_clone,3,0.42500,0.41935,0.22500,0.21250,0.56875,0.00000,0.00000,0.00000,1.18062,0.66257,0.45712,0.30825,0.39529,0.01934,160,probe_cost,0.50
combined_micro_shift,domain_randomized_clone,4,0.48750,0.49355,0.20000,0.23125,0.57500,0.00000,0.00000,0.00000,1.19656,0.66306,0.42609,0.31091,0.39669,0.06098,160,probe_cost,0.50
combined_micro_shift,domain_randomized_clone,5,0.53750,0.53226,0.22500,0.17500,0.58125,0.00000,0.00000,0.00000,1.14875,0.65786,0.42316,0.30424,0.39258,0.16505,160,probe_cost,0.50
combined_micro_shift,domain_randomized_clone,6,0.55625,0.55161,0.35000,0.17500,0.57500,0.00000,0.00000,0.00000,1.14875,0.64072,0.42826,0.30824,0.39589,0.18592,160,probe_cost,0.50
combined_micro_shift,domain_randomized_clone,7,0.48750,0.48387,0.25000,0.16875,0.56875,0.00000,0.00000,0.00000,1.14344,0.67366,0.43220,0.30719,0.39290,0.12554,160,probe_cost,0.50
combined_micro_shift,domain_randomized_clone,8,0.47500,0.47419,0.17500,0.21250,0.56250,0.00000,0.00000,0.00000,1.18062,0.65450,0.40983,0.30795,0.39442,0.07146,160,probe_cost,0.50
combined_micro_shift,domain_randomized_clone,9,0.49375,0.49677,0.27500,0.18750,0.56250,0.00000,0.00000,0.00000,1.15938,0.65902,0.43898,0.30899,0.39497,0.11519,160,probe_cost,0.50
combined_micro_shift,conformal_risk_gate,0,0.73125,0.72903,0.67500,0.00625,0.00000,0.16875,0.51875,0.00000,1.11403,0.07847,0.35533,0.30439,0.15473,0.70979,160,probe_cost,0.50
combined_micro_shift,conformal_risk_gate,1,0.86250,0.86452,0.80000,0.00625,0.00000,0.17500,0.50000,0.00000,1.11331,0.07851,0.28567,0.30076,0.15292,0.84114,160,probe_cost,0.50
combined_micro_shift,conformal_risk_gate,2,0.78750,0.78387,0.72500,0.01250,0.00000,0.16875,0.52500,0.00000,1.12013,0.08283,0.31835,0.29790,0.15025,0.75968,160,probe_cost,0.50
combined_micro_shift,conformal_risk_gate,3,0.82500,0.82258,0.87500,0.00000,0.00000,0.16250,0.53125,0.00000,1.10866,0.08799,0.30073,0.30069,0.15374,0.80979,160,probe_cost,0.50
combined_micro_shift,conformal_risk_gate,4,0.78125,0.78387,0.77500,0.00000,0.00000,0.16250,0.53125,0.00000,1.10866,0.08215,0.33807,0.30260,0.15366,0.76604,160,probe_cost,0.50
combined_micro_shift,conformal_risk_gate,5,0.79375,0.79032,0.70000,0.00625,0.00000,0.16875,0.51875,0.00000,1.11403,0.08646,0.32013,0.29587,0.14946,0.77229,160,probe_cost,0.50
combined_micro_shift,conformal_risk_gate,6,0.81250,0.81290,0.92500,0.00000,0.00000,0.17500,0.49375,0.00000,1.10722,0.07058,0.30829,0.29875,0.15049,0.79749,160,probe_cost,0.50
combined_micro_shift,conformal_risk_gate,7,0.80625,0.80323,0.82500,0.00625,0.00000,0.16250,0.55625,0.00000,1.11709,0.07922,0.31023,0.30054,0.15324,0.78436,160,probe_cost,0.50
combined_micro_shift,conformal_risk_gate,8,0.79375,0.79355,0.77500,0.00000,0.00000,0.16250,0.53750,0.00000,1.10944,0.07466,0.31876,0.29999,0.15215,0.77843,160,probe_cost,0.50
combined_micro_shift,conformal_risk_gate,9,0.71875,0.72258,0.65000,0.01250,0.00000,0.16875,0.50625,0.00000,1.11778,0.08089,0.36791,0.30053,0.15167,0.69126,160,probe_cost,0.50
combined_micro_shift,ensemble_uncertainty_gate,0,0.75000,0.75161,0.72500,0.00625,0.00000,0.16875,0.55000,0.00000,1.11794,0.09215,0.33909,0.27334,0.15408,0.72799,160,probe_cost,0.50
combined_micro_shift,ensemble_uncertainty_gate,1,0.78125,0.78387,0.82500,0.00000,0.00000,0.16875,0.54375,0.00000,1.11184,0.08766,0.32597,0.27099,0.15489,0.76559,160,probe_cost,0.50
combined_micro_shift,ensemble_uncertainty_gate,2,0.83125,0.82903,0.80000,0.00625,0.00000,0.16250,0.55625,0.00000,1.11709,0.09390,0.29364,0.26823,0.15238,0.80936,160,probe_cost,0.50
combined_micro_shift,ensemble_uncertainty_gate,3,0.79375,0.79355,0.90000,0.00625,0.00000,0.16250,0.54375,0.00000,1.11553,0.09562,0.32114,0.27177,0.15737,0.77208,160,probe_cost,0.50
combined_micro_shift,ensemble_uncertainty_gate,4,0.81250,0.81935,0.80000,0.00000,0.00000,0.16250,0.55625,0.00000,1.11178,0.09046,0.30263,0.27270,0.15529,0.79685,160,probe_cost,0.50
combined_micro_shift,ensemble_uncertainty_gate,5,0.84375,0.84194,0.77500,0.00000,0.00000,0.16875,0.55625,0.00000,1.11341,0.09598,0.28372,0.26760,0.15433,0.82787,160,probe_cost,0.50
combined_micro_shift,ensemble_uncertainty_gate,6,0.82500,0.82581,0.82500,0.00000,0.00000,0.16875,0.50625,0.00000,1.10716,0.08520,0.29866,0.27000,0.15448,0.81000,160,probe_cost,0.50
combined_micro_shift,ensemble_uncertainty_gate,7,0.83750,0.83871,0.82500,0.00000,0.00000,0.15625,0.59375,0.00000,1.11484,0.09399,0.29797,0.27126,0.15609,0.82142,160,probe_cost,0.50
combined_micro_shift,ensemble_uncertainty_gate,8,0.81875,0.81290,0.70000,0.00625,0.00000,0.15625,0.56875,0.00000,1.11703,0.08809,0.30408,0.27309,0.15973,0.79687,160,probe_cost,0.50
combined_micro_shift,ensemble_uncertainty_gate,9,0.82500,0.82258,0.77500,0.00000,0.00000,0.16875,0.55625,0.00000,1.11341,0.09079,0.29797,0.27130,0.15465,0.80912,160,probe_cost,0.50
combined_micro_shift,bayesian_skill_survival,0,0.80625,0.80968,0.77500,0.00000,0.00000,0.21250,0.56250,0.00000,1.12556,0.14476,0.30793,0.29187,0.15727,0.78867,160,probe_cost,0.50
combined_micro_shift,bayesian_skill_survival,1,0.85625,0.85484,0.87500,0.00000,0.00000,0.21875,0.56875,0.00000,1.12797,0.12895,0.27967,0.28633,0.15167,0.83833,160,probe_cost,0.50
combined_micro_shift,bayesian_skill_survival,2,0.81250,0.80968,0.77500,0.01875,0.00000,0.20625,0.60625,0.00000,1.14534,0.13960,0.30846,0.28774,0.15750,0.77565,160,probe_cost,0.50
combined_micro_shift,bayesian_skill_survival,3,0.84375,0.84194,0.75000,0.00625,0.00000,0.20000,0.58750,0.00000,1.13075,0.13392,0.28463,0.28903,0.15803,0.81995,160,probe_cost,0.50
combined_micro_shift,bayesian_skill_survival,4,0.83750,0.83548,0.85000,0.00000,0.00000,0.20625,0.58750,0.00000,1.12706,0.13309,0.28961,0.28825,0.15253,0.81971,160,probe_cost,0.50
combined_micro_shift,bayesian_skill_survival,5,0.79375,0.79355,0.75000,0.00000,0.00000,0.21250,0.53750,0.00000,1.12244,0.13281,0.31339,0.28446,0.15419,0.77661,160,probe_cost,0.50
combined_micro_shift,bayesian_skill_survival,6,0.75625,0.75161,0.72500,0.00625,0.00000,0.20000,0.57500,0.00000,1.12919,0.14446,0.33982,0.28722,0.15503,0.73266,160,probe_cost,0.50
combined_micro_shift,bayesian_skill_survival,7,0.87500,0.87742,0.90000,0.00000,0.00000,0.20625,0.55000,0.00000,1.12237,0.12930,0.26567,0.28706,0.15384,0.85787,160,probe_cost,0.50
combined_micro_shift,bayesian_skill_survival,8,0.86875,0.87097,0.87500,0.00000,0.00000,0.20000,0.59375,0.00000,1.12622,0.13031,0.27089,0.28919,0.15811,0.85108,160,probe_cost,0.50
combined_micro_shift,bayesian_skill_survival,9,0.84375,0.84194,0.90000,0.00000,0.00000,0.20000,0.61875,0.00000,1.12934,0.13534,0.28850,0.28941,0.15697,0.82564,160,probe_cost,0.50
combined_micro_shift,cvar_lifetime_guard,0,0.80625,0.80323,0.85000,0.00000,0.00000,0.46875,0.51875,0.00000,1.18672,0.10796,0.29928,0.33809,0.10068,0.78011,160,probe_cost,0.50
combined_micro_shift,cvar_lifetime_guard,1,0.84375,0.84194,0.95000,0.00000,0.00000,0.45625,0.50000,0.00000,1.18112,0.09594,0.27116,0.33504,0.10001,0.81839,160,probe_cost,0.50
combined_micro_shift,cvar_lifetime_guard,2,0.78750,0.78710,0.75000,0.00625,0.00000,0.47500,0.50625,0.00000,1.19209,0.11048,0.31135,0.33304,0.09901,0.75511,160,probe_cost,0.50
combined_micro_shift,cvar_lifetime_guard,3,0.85625,0.85161,0.90000,0.00000,0.00000,0.46250,0.50625,0.00000,1.18353,0.10630,0.26252,0.33413,0.09914,0.83056,160,probe_cost,0.50
combined_micro_shift,cvar_lifetime_guard,4,0.86250,0.85806,0.87500,0.00000,0.00000,0.46250,0.49375,0.00000,1.18197,0.10095,0.25624,0.33575,0.09848,0.83702,160,probe_cost,0.50
combined_micro_shift,cvar_lifetime_guard,5,0.83125,0.82903,0.82500,0.00000,0.00000,0.41875,0.55625,0.00000,1.17841,0.09904,0.28401,0.33250,0.10129,0.80627,160,probe_cost,0.50
combined_micro_shift,cvar_lifetime_guard,6,0.85000,0.85161,0.85000,0.00000,0.00000,0.43125,0.53125,0.00000,1.17853,0.10269,0.26775,0.33504,0.10159,0.82501,160,probe_cost,0.50
combined_micro_shift,cvar_lifetime_guard,7,0.82500,0.81935,0.82500,0.00000,0.00000,0.45000,0.53125,0.00000,1.18341,0.09064,0.28620,0.33429,0.09929,0.79932,160,probe_cost,0.50
combined_micro_shift,cvar_lifetime_guard,8,0.88750,0.89355,0.90000,0.00000,0.00000,0.44375,0.53125,0.00000,1.18178,0.09803,0.24612,0.33471,0.10012,0.86205,160,probe_cost,0.50
combined_micro_shift,cvar_lifetime_guard,9,0.83125,0.83226,0.90000,0.00000,0.00000,0.46250,0.52500,0.00000,1.18587,0.09847,0.28416,0.33599,0.10107,0.80523,160,probe_cost,0.50
combined_micro_shift,skill_half_life_scheduler_v5,0,0.81250,0.80968,0.77500,0.00000,0.00000,0.16250,0.56250,0.00000,1.11256,0.12367,0.29777,0.28161,0.14834,0.79674,160,probe_cost,0.50
combined_micro_shift,skill_half_life_scheduler_v5,1,0.80625,0.80000,0.80000,0.00000,0.00000,0.16250,0.51875,0.00000,1.10709,0.13346,0.30969,0.28030,0.15142,0.79126,160,probe_cost,0.50
combined_micro_shift,skill_half_life_scheduler_v5,2,0.83125,0.83226,0.85000,0.00625,0.00000,0.16250,0.51875,0.00000,1.11241,0.11848,0.28215,0.27839,0.15130,0.81001,160,probe_cost,0.50
combined_micro_shift,skill_half_life_scheduler_v5,3,0.78750,0.78387,0.85000,0.00625,0.00000,0.15625,0.53750,0.00000,1.11312,0.13733,0.30566,0.27917,0.14975,0.76616,160,probe_cost,0.50
combined_micro_shift,skill_half_life_scheduler_v5,4,0.86250,0.86129,0.85000,0.00625,0.00000,0.15625,0.55625,0.00000,1.11547,0.12648,0.26378,0.28030,0.14794,0.84083,160,probe_cost,0.50
combined_micro_shift,skill_half_life_scheduler_v5,5,0.78750,0.78065,0.90000,0.00625,0.00000,0.14375,0.56250,0.00000,1.11300,0.13492,0.32187,0.27749,0.15254,0.76618,160,probe_cost,0.50
combined_micro_shift,skill_half_life_scheduler_v5,6,0.80000,0.79677,0.85000,0.00625,0.00000,0.16250,0.48125,0.00000,1.10772,0.11240,0.30653,0.27600,0.14510,0.77942,160,probe_cost,0.50
combined_micro_shift,skill_half_life_scheduler_v5,7,0.79375,0.79032,0.80000,0.00625,0.00000,0.15000,0.55625,0.00000,1.11384,0.12877,0.31589,0.28048,0.15231,0.77231,160,probe_cost,0.50
combined_micro_shift,skill_half_life_scheduler_v5,8,0.79375,0.78710,0.75000,0.01250,0.00000,0.15625,0.53750,0.00000,1.11844,0.12292,0.31070,0.27971,0.15096,0.76617,160,probe_cost,0.50
combined_micro_shift,skill_half_life_scheduler_v5,9,0.80000,0.80000,0.85000,0.01875,0.00000,0.16250,0.53750,0.00000,1.12537,0.12935,0.30958,0.27949,0.14888,0.76595,160,probe_cost,0.50
combined_micro_shift,oracle_shift_aware_scheduler,0,0.80000,0.80645,0.67500,0.00000,0.00000,0.19375,0.53125,0.00000,1.11678,0.00000,0.30099,0.18088,0.14283,0.78365,160,probe_cost,0.50
combined_micro_shift,oracle_shift_aware_scheduler,1,0.81250,0.80968,0.82500,0.00000,0.00000,0.20000,0.52500,0.00000,1.11762,0.00000,0.29242,0.18044,0.14100,0.79603,160,probe_cost,0.50
combined_micro_shift,oracle_shift_aware_scheduler,2,0.81250,0.81613,0.90000,0.00000,0.00000,0.19375,0.53750,0.00000,1.11756,0.00000,0.29510,0.17709,0.14194,0.79604,160,probe_cost,0.50
combined_micro_shift,oracle_shift_aware_scheduler,3,0.78125,0.78387,0.70000,0.00000,0.00000,0.19375,0.51875,0.00000,1.11522,0.00000,0.31005,0.17949,0.14208,0.76512,160,probe_cost,0.50
combined_micro_shift,oracle_shift_aware_scheduler,4,0.83125,0.83871,0.72500,0.00625,0.00000,0.18750,0.55000,0.00000,1.12281,0.00000,0.27679,0.18171,0.14299,0.80856,160,probe_cost,0.50
combined_micro_shift,oracle_shift_aware_scheduler,5,0.82500,0.82581,0.82500,0.00000,0.00000,0.18125,0.55625,0.00000,1.11666,0.00000,0.27972,0.17788,0.14297,0.80867,160,probe_cost,0.50
combined_micro_shift,oracle_shift_aware_scheduler,6,0.82500,0.82581,0.85000,0.00000,0.00000,0.18750,0.51250,0.00000,1.11281,0.00000,0.28569,0.17724,0.14279,0.80921,160,probe_cost,0.50
combined_micro_shift,oracle_shift_aware_scheduler,7,0.83125,0.83226,0.80000,0.00000,0.00000,0.18125,0.54375,0.00000,1.11509,0.00000,0.28007,0.18149,0.14330,0.81514,160,probe_cost,0.50
combined_micro_shift,oracle_shift_aware_scheduler,8,0.83125,0.83226,0.82500,0.00625,0.00000,0.19375,0.55000,0.00000,1.12444,0.00000,0.28079,0.17989,0.14500,0.80833,160,probe_cost,0.50
combined_micro_shift,oracle_shift_aware_scheduler,9,0.83125,0.83226,0.77500,0.00000,0.00000,0.18750,0.55000,0.00000,1.11750,0.00000,0.28041,0.18239,0.14697,0.81480,160,probe_cost,0.50
combined_micro_shift,domain_randomized_clone,0,0.48750,0.48710,0.17500,0.23125,0.55625,0.00000,0.00000,0.00000,1.19656,0.65584,0.42213,0.30842,0.39445,0.06736,160,probe_cost,0.75
combined_micro_shift,domain_randomized_clone,1,0.51250,0.51290,0.25000,0.18125,0.55625,0.00000,0.00000,0.00000,1.15406,0.63657,0.41347,0.30845,0.39615,0.14231,160,probe_cost,0.75
combined_micro_shift,domain_randomized_clone,2,0.45625,0.45806,0.22500,0.20625,0.56875,0.00000,0.00000,0.00000,1.17531,0.63589,0.44382,0.30730,0.39539,0.05683,160,probe_cost,0.75
combined_micro_shift,domain_randomized_clone,3,0.58125,0.58387,0.30000,0.18750,0.56875,0.00000,0.00000,0.00000,1.15937,0.63402,0.42102,0.31134,0.39778,0.20056,160,probe_cost,0.75
combined_micro_shift,domain_randomized_clone,4,0.47500,0.47097,0.25000,0.25000,0.58750,0.00000,0.00000,0.00000,1.21250,0.65254,0.44416,0.31034,0.39639,0.02550,160,probe_cost,0.75
combined_micro_shift,domain_randomized_clone,5,0.51875,0.52258,0.22500,0.17500,0.60000,0.00000,0.00000,0.00000,1.14875,0.65712,0.42371,0.30612,0.39373,0.13993,160,probe_cost,0.75
combined_micro_shift,domain_randomized_clone,6,0.53125,0.53548,0.25000,0.20000,0.58125,0.00000,0.00000,0.00000,1.17000,0.65028,0.42513,0.31184,0.39647,0.13382,160,probe_cost,0.75
combined_micro_shift,domain_randomized_clone,7,0.60625,0.60968,0.27500,0.15000,0.56875,0.00000,0.00000,0.00000,1.12750,0.66070,0.40845,0.30774,0.39442,0.26302,160,probe_cost,0.75
combined_micro_shift,domain_randomized_clone,8,0.50625,0.50968,0.30000,0.22500,0.55625,0.00000,0.00000,0.00000,1.19125,0.64534,0.42737,0.31056,0.39602,0.09235,160,probe_cost,0.75
combined_micro_shift,domain_randomized_clone,9,0.56250,0.56774,0.32500,0.20625,0.56250,0.00000,0.00000,0.00000,1.17531,0.67057,0.42157,0.30771,0.39296,0.16521,160,probe_cost,0.75
combined_micro_shift,conformal_risk_gate,0,0.78125,0.77742,0.70000,0.00625,0.00000,0.16875,0.55000,0.00000,1.14269,0.07435,0.32853,0.30283,0.15439,0.75577,160,probe_cost,0.75
combined_micro_shift,conformal_risk_gate,1,0.73125,0.72903,0.67500,0.01250,0.00000,0.17500,0.50625,0.00000,1.14219,0.07393,0.36024,0.29946,0.14924,0.70034,160,probe_cost,0.75
combined_micro_shift,conformal_risk_gate,2,0.79375,0.79355,0.80000,0.00000,0.00000,0.16250,0.52500,0.00000,1.13150,0.08244,0.32547,0.30110,0.15410,0.77534,160,probe_cost,0.75
combined_micro_shift,conformal_risk_gate,3,0.75000,0.75806,0.62500,0.00000,0.00000,0.16875,0.51875,0.00000,1.13206,0.07536,0.33981,0.30349,0.15319,0.73151,160,probe_cost,0.75
combined_micro_shift,conformal_risk_gate,4,0.77500,0.77419,0.77500,0.00625,0.00000,0.15625,0.56250,0.00000,1.14156,0.08555,0.33551,0.30357,0.15392,0.74968,160,probe_cost,0.75
combined_micro_shift,conformal_risk_gate,5,0.85000,0.84839,0.92500,0.00000,0.00000,0.15625,0.53125,0.00000,1.13094,0.08759,0.29038,0.30045,0.15350,0.83167,160,probe_cost,0.75
combined_micro_shift,conformal_risk_gate,6,0.81250,0.81613,0.80000,0.00000,0.00000,0.18125,0.49375,0.00000,1.13106,0.07763,0.31535,0.30615,0.15619,0.79415,160,probe_cost,0.75
combined_micro_shift,conformal_risk_gate,7,0.76875,0.76452,0.67500,0.00625,0.00000,0.17500,0.48750,0.00000,1.13369,0.08503,0.33012,0.30068,0.15142,0.74453,160,probe_cost,0.75
combined_micro_shift,conformal_risk_gate,8,0.86875,0.86452,0.92500,0.00625,0.00000,0.18125,0.53125,0.00000,1.14275,0.07597,0.27279,0.30215,0.15026,0.84327,160,probe_cost,0.75
combined_micro_shift,conformal_risk_gate,9,0.82500,0.82903,0.85000,0.00000,0.00000,0.16875,0.51250,0.00000,1.13100,0.08010,0.30534,0.30026,0.14922,0.80666,160,probe_cost,0.75
combined_micro_shift,ensemble_uncertainty_gate,0,0.80625,0.80000,0.75000,0.01250,0.00000,0.16250,0.56875,0.00000,1.14956,0.08230,0.31283,0.27209,0.15487,0.77431,160,probe_cost,0.75
combined_micro_shift,ensemble_uncertainty_gate,1,0.85625,0.85484,0.92500,0.00000,0.00000,0.16875,0.52500,0.00000,1.13313,0.08305,0.28567,0.26934,0.15098,0.83761,160,probe_cost,0.75
combined_micro_shift,ensemble_uncertainty_gate,2,0.80625,0.80323,0.72500,0.01250,0.00000,0.16875,0.51875,0.00000,1.14269,0.09494,0.30241,0.26861,0.15114,0.77527,160,probe_cost,0.75
combined_micro_shift,ensemble_uncertainty_gate,3,0.79375,0.80000,0.80000,0.00625,0.00000,0.16875,0.55625,0.00000,1.14375,0.08923,0.31913,0.27266,0.15344,0.76812,160,probe_cost,0.75
combined_micro_shift,ensemble_uncertainty_gate,4,0.85625,0.85161,0.92500,0.00000,0.00000,0.16250,0.53750,0.00000,1.13362,0.10045,0.28311,0.27305,0.15487,0.83754,160,probe_cost,0.75
combined_micro_shift,ensemble_uncertainty_gate,5,0.85000,0.84839,0.77500,0.00000,0.00000,0.15625,0.55000,0.00000,1.13412,0.09698,0.29162,0.27125,0.15703,0.83122,160,probe_cost,0.75
combined_micro_shift,ensemble_uncertainty_gate,6,0.77500,0.77097,0.72500,0.01250,0.00000,0.17500,0.52500,0.00000,1.14538,0.08889,0.32738,0.27521,0.15621,0.74365,160,probe_cost,0.75
combined_micro_shift,ensemble_uncertainty_gate,7,0.82500,0.81935,0.70000,0.00000,0.00000,0.16875,0.54375,0.00000,1.13631,0.09609,0.30039,0.27307,0.15813,0.80592,160,probe_cost,0.75
combined_micro_shift,ensemble_uncertainty_gate,8,0.77500,0.76774,0.77500,0.00000,0.00000,0.18125,0.52500,0.00000,1.13637,0.09078,0.33085,0.27327,0.15441,0.75591,160,probe_cost,0.75
combined_micro_shift,ensemble_uncertainty_gate,9,0.80000,0.79677,0.80000,0.00625,0.00000,0.16875,0.53125,0.00000,1.13950,0.09029,0.31000,0.27139,0.15341,0.77497,160,probe_cost,0.75
combined_micro_shift,bayesian_skill_survival,0,0.83750,0.84516,0.87500,0.00625,0.00000,0.20000,0.58750,0.00000,1.15719,0.13828,0.29469,0.29074,0.15788,0.80999,160,probe_cost,0.75
combined_micro_shift,bayesian_skill_survival,1,0.82500,0.82258,0.87500,0.00000,0.00000,0.20000,0.59375,0.00000,1.15294,0.14681,0.29713,0.28866,0.15534,0.80359,160,probe_cost,0.75
combined_micro_shift,bayesian_skill_survival,2,0.81875,0.81290,0.82500,0.01875,0.00000,0.20000,0.59375,0.00000,1.16887,0.14567,0.30168,0.28930,0.15824,0.77861,160,probe_cost,0.75
combined_micro_shift,bayesian_skill_survival,3,0.80000,0.79355,0.80000,0.01250,0.00000,0.20625,0.60000,0.00000,1.16625,0.14517,0.31167,0.29132,0.15653,0.76572,160,probe_cost,0.75
combined_micro_shift,bayesian_skill_survival,4,0.80000,0.80000,0.82500,0.00625,0.00000,0.18750,0.60000,0.00000,1.15606,0.14146,0.31136,0.29126,0.15701,0.77265,160,probe_cost,0.75
combined_micro_shift,bayesian_skill_survival,5,0.85000,0.84839,0.82500,0.00000,0.00000,0.18750,0.61875,0.00000,1.15394,0.13780,0.28067,0.28763,0.15554,0.82845,160,probe_cost,0.75
combined_micro_shift,bayesian_skill_survival,6,0.75625,0.76129,0.67500,0.01875,0.00000,0.20625,0.59375,0.00000,1.17050,0.14545,0.34211,0.29381,0.15916,0.71588,160,probe_cost,0.75
combined_micro_shift,bayesian_skill_survival,7,0.83125,0.83871,0.80000,0.00625,0.00000,0.19375,0.59375,0.00000,1.15663,0.14478,0.29406,0.29105,0.15983,0.80382,160,probe_cost,0.75
combined_micro_shift,bayesian_skill_survival,8,0.79375,0.78710,0.92500,0.00000,0.00000,0.20000,0.59375,0.00000,1.15294,0.14737,0.32038,0.29310,0.15986,0.77234,160,probe_cost,0.75
combined_micro_shift,bayesian_skill_survival,9,0.80000,0.80323,0.82500,0.00000,0.00000,0.20625,0.58125,0.00000,1.15244,0.13347,0.31110,0.29083,0.15805,0.77866,160,probe_cost,0.75
combined_micro_shift,cvar_lifetime_guard,0,0.85000,0.84516,0.90000,0.00000,0.00000,0.48125,0.49375,0.00000,1.20906,0.10117,0.26197,0.33429,0.09489,0.82073,160,probe_cost,0.75
combined_micro_shift,cvar_lifetime_guard,1,0.85625,0.85484,0.97500,0.00000,0.00000,0.47500,0.50625,0.00000,1.20956,0.10007,0.25939,0.33509,0.09814,0.82691,160,probe_cost,0.75
combined_micro_shift,cvar_lifetime_guard,2,0.86875,0.87419,0.85000,0.00000,0.00000,0.46875,0.49375,0.00000,1.20581,0.10634,0.25827,0.33457,0.09866,0.83994,160,probe_cost,0.75
combined_micro_shift,cvar_lifetime_guard,3,0.82500,0.82258,0.90000,0.00000,0.00000,0.52500,0.44375,0.00000,1.21194,0.11346,0.27913,0.33618,0.09615,0.79533,160,probe_cost,0.75
combined_micro_shift,cvar_lifetime_guard,4,0.83125,0.83548,0.85000,0.00000,0.00000,0.47500,0.48750,0.00000,1.20637,0.11218,0.27870,0.33628,0.09697,0.80236,160,probe_cost,0.75
combined_micro_shift,cvar_lifetime_guard,5,0.83750,0.83871,0.82500,0.01250,0.00000,0.45625,0.53125,0.00000,1.21956,0.10342,0.27572,0.33375,0.09772,0.79576,160,probe_cost,0.75
combined_micro_shift,cvar_lifetime_guard,6,0.81875,0.81613,0.80000,0.00000,0.00000,0.48750,0.48125,0.00000,1.20856,0.10534,0.28420,0.33685,0.09519,0.78955,160,probe_cost,0.75
combined_micro_shift,cvar_lifetime_guard,7,0.86875,0.86452,0.82500,0.00000,0.00000,0.43125,0.55625,0.00000,1.20669,0.10891,0.25642,0.33609,0.09992,0.83981,160,probe_cost,0.75
combined_micro_shift,cvar_lifetime_guard,8,0.80000,0.80000,0.85000,0.00625,0.00000,0.45625,0.53125,0.00000,1.21425,0.10837,0.30325,0.33799,0.09959,0.76451,160,probe_cost,0.75
combined_micro_shift,cvar_lifetime_guard,9,0.85625,0.86129,0.87500,0.00000,0.00000,0.43750,0.55000,0.00000,1.20725,0.09746,0.26736,0.33739,0.10115,0.82723,160,probe_cost,0.75
combined_micro_shift,skill_half_life_scheduler_v5,0,0.81250,0.81613,0.80000,0.00000,0.00000,0.15000,0.59375,0.00000,1.13994,0.12972,0.31109,0.28088,0.15001,0.79291,160,probe_cost,0.75
combined_micro_shift,skill_half_life_scheduler_v5,1,0.83750,0.84194,0.80000,0.00000,0.00000,0.16250,0.51875,0.00000,1.13044,0.11962,0.28019,0.27892,0.14819,0.81924,160,probe_cost,0.75
combined_micro_shift,skill_half_life_scheduler_v5,2,0.82500,0.81935,0.87500,0.00000,0.00000,0.15625,0.55000,0.00000,1.13412,0.11528,0.29344,0.27798,0.14801,0.80622,160,probe_cost,0.75
combined_micro_shift,skill_half_life_scheduler_v5,3,0.80000,0.80323,0.77500,0.00625,0.00000,0.16250,0.52500,0.00000,1.13681,0.11238,0.30160,0.28204,0.15000,0.77535,160,probe_cost,0.75
combined_micro_shift,skill_half_life_scheduler_v5,4,0.78125,0.77742,0.80000,0.00000,0.00000,0.15000,0.56875,0.00000,1.13569,0.12949,0.31801,0.28212,0.15075,0.76225,160,probe_cost,0.75
combined_micro_shift,skill_half_life_scheduler_v5,5,0.76875,0.76774,0.77500,0.00000,0.00000,0.15625,0.55000,0.00000,1.13413,0.13531,0.32453,0.27779,0.14814,0.74997,160,probe_cost,0.75
combined_micro_shift,skill_half_life_scheduler_v5,6,0.83125,0.83226,0.80000,0.00000,0.00000,0.16250,0.52500,0.00000,1.13150,0.12484,0.29417,0.28408,0.15148,0.81284,160,probe_cost,0.75
combined_micro_shift,skill_half_life_scheduler_v5,7,0.78750,0.78065,0.77500,0.00000,0.00000,0.16250,0.53125,0.00000,1.13256,0.12998,0.30846,0.27795,0.14596,0.76894,160,probe_cost,0.75
combined_micro_shift,skill_half_life_scheduler_v5,8,0.86875,0.87097,0.80000,0.01250,0.00000,0.15625,0.53125,0.00000,1.14156,0.11786,0.26451,0.28244,0.15081,0.83793,160,probe_cost,0.75
combined_micro_shift,skill_half_life_scheduler_v5,9,0.81875,0.81613,0.77500,0.00000,0.00000,0.15000,0.57500,0.00000,1.13675,0.12881,0.29355,0.28125,0.15016,0.79961,160,probe_cost,0.75
combined_micro_shift,oracle_shift_aware_scheduler,0,0.83125,0.82903,0.82500,0.00000,0.00000,0.19375,0.53750,0.00000,1.14175,0.00000,0.27976,0.17952,0.14335,0.81141,160,probe_cost,0.75
combined_micro_shift,oracle_shift_aware_scheduler,1,0.89375,0.89355,0.90000,0.00000,0.00000,0.19375,0.51875,0.00000,1.13856,0.00000,0.24322,0.17710,0.14365,0.87435,160,probe_cost,0.75
combined_micro_shift,oracle_shift_aware_scheduler,2,0.78750,0.79032,0.80000,0.00625,0.00000,0.18750,0.55000,0.00000,1.14756,0.00000,0.30686,0.17634,0.14217,0.76134,160,probe_cost,0.75
combined_micro_shift,oracle_shift_aware_scheduler,3,0.86250,0.86774,0.85000,0.00625,0.00000,0.18750,0.53125,0.00000,1.14437,0.00000,0.25907,0.17685,0.14095,0.83679,160,probe_cost,0.75
combined_micro_shift,oracle_shift_aware_scheduler,4,0.78125,0.77419,0.90000,0.00000,0.00000,0.18750,0.53750,0.00000,1.14012,0.00000,0.31135,0.17888,0.14082,0.76163,160,probe_cost,0.75
combined_micro_shift,oracle_shift_aware_scheduler,5,0.84375,0.84516,0.90000,0.00000,0.00000,0.19375,0.53125,0.00000,1.14069,0.00000,0.27478,0.17642,0.13994,0.82405,160,probe_cost,0.75
combined_micro_shift,oracle_shift_aware_scheduler,6,0.81250,0.81290,0.77500,0.00000,0.00000,0.20625,0.48750,0.00000,1.13650,0.00000,0.29343,0.17934,0.14161,0.79339,160,probe_cost,0.75
combined_micro_shift,oracle_shift_aware_scheduler,7,0.83750,0.83871,0.80000,0.00625,0.00000,0.18750,0.55625,0.00000,1.14863,0.00000,0.27576,0.18214,0.14822,0.81119,160,probe_cost,0.75
combined_micro_shift,oracle_shift_aware_scheduler,8,0.81875,0.81290,0.90000,0.00000,0.00000,0.19375,0.52500,0.00000,1.13962,0.00000,0.28772,0.17981,0.14401,0.79920,160,probe_cost,0.75
combined_micro_shift,oracle_shift_aware_scheduler,9,0.84375,0.84516,0.87500,0.00000,0.00000,0.18750,0.53750,0.00000,1.14012,0.00000,0.27305,0.18076,0.14418,0.82413,160,probe_cost,0.75
combined_micro_shift,domain_randomized_clone,0,0.53125,0.53226,0.30000,0.18750,0.55625,0.00000,0.00000,0.00000,1.15937,0.65483,0.42047,0.31012,0.39638,0.15481,160,probe_cost,1.00
combined_micro_shift,domain_randomized_clone,1,0.58125,0.57742,0.40000,0.20000,0.56250,0.00000,0.00000,0.00000,1.17000,0.63799,0.43101,0.30913,0.39570,0.19020,160,probe_cost,1.00
combined_micro_shift,domain_randomized_clone,2,0.53125,0.52903,0.30000,0.20000,0.56875,0.00000,0.00000,0.00000,1.17000,0.65404,0.43186,0.31011,0.39546,0.13807,160,probe_cost,1.00
combined_micro_shift,domain_randomized_clone,3,0.46875,0.46774,0.20000,0.24375,0.58125,0.00000,0.00000,0.00000,1.20719,0.65013,0.41029,0.31654,0.40012,0.02762,160,probe_cost,1.00
combined_micro_shift,domain_randomized_clone,4,0.52500,0.52581,0.27500,0.21250,0.60000,0.00000,0.00000,0.00000,1.18062,0.64661,0.42058,0.31086,0.39659,0.10871,160,probe_cost,1.00
combined_micro_shift,domain_randomized_clone,5,0.51250,0.51290,0.25000,0.21250,0.58750,0.00000,0.00000,0.00000,1.18062,0.64891,0.42233,0.30875,0.39510,0.10046,160,probe_cost,1.00
combined_micro_shift,domain_randomized_clone,6,0.47500,0.47097,0.30000,0.19375,0.58125,0.00000,0.00000,0.00000,1.16469,0.64913,0.41861,0.30973,0.39632,0.08382,160,probe_cost,1.00
combined_micro_shift,domain_randomized_clone,7,0.52500,0.52258,0.32500,0.16250,0.56250,0.00000,0.00000,0.00000,1.13812,0.66641,0.42103,0.30673,0.39319,0.17141,160,probe_cost,1.00
combined_micro_shift,domain_randomized_clone,8,0.47500,0.47419,0.12500,0.22500,0.55625,0.00000,0.00000,0.00000,1.19125,0.65540,0.42048,0.30964,0.39448,0.06110,160,probe_cost,1.00
combined_micro_shift,domain_randomized_clone,9,0.54375,0.54194,0.15000,0.19375,0.55625,0.00000,0.00000,0.00000,1.16469,0.64758,0.41020,0.31020,0.39641,0.16107,160,probe_cost,1.00
combined_micro_shift,conformal_risk_gate,0,0.78125,0.78065,0.80000,0.00625,0.00000,0.16875,0.53750,0.00000,1.16475,0.08439,0.32841,0.30439,0.15352,0.75269,160,probe_cost,1.00
combined_micro_shift,conformal_risk_gate,1,0.79375,0.80323,0.72500,0.00625,0.00000,0.18125,0.50625,0.00000,1.16128,0.08315,0.32836,0.30157,0.14921,0.76567,160,probe_cost,1.00
combined_micro_shift,conformal_risk_gate,2,0.80000,0.79677,0.80000,0.00000,0.00000,0.16250,0.52500,0.00000,1.15512,0.08608,0.31549,0.30509,0.15405,0.77828,160,probe_cost,1.00
combined_micro_shift,conformal_risk_gate,3,0.74375,0.73871,0.67500,0.00000,0.00000,0.18125,0.51875,0.00000,1.15866,0.08515,0.34088,0.30837,0.15232,0.72154,160,probe_cost,1.00
combined_micro_shift,conformal_risk_gate,4,0.84375,0.84516,0.75000,0.00000,0.00000,0.17500,0.50625,0.00000,1.15434,0.07813,0.29218,0.30518,0.15382,0.82214,160,probe_cost,1.00
combined_micro_shift,conformal_risk_gate,5,0.82500,0.82258,0.77500,0.00000,0.00000,0.16250,0.53125,0.00000,1.15647,0.08293,0.30860,0.30479,0.15579,0.80309,160,probe_cost,1.00
combined_micro_shift,conformal_risk_gate,6,0.76250,0.75806,0.65000,0.00000,0.00000,0.18125,0.48750,0.00000,1.15194,0.07781,0.33770,0.30186,0.14916,0.74123,160,probe_cost,1.00
combined_micro_shift,conformal_risk_gate,7,0.79375,0.79355,0.77500,0.00625,0.00000,0.15625,0.55000,0.00000,1.16419,0.08588,0.32156,0.30373,0.15580,0.76526,160,probe_cost,1.00
combined_micro_shift,conformal_risk_gate,8,0.83125,0.83226,0.82500,0.00000,0.00000,0.17500,0.50625,0.00000,1.15434,0.08417,0.29440,0.30077,0.14533,0.80964,160,probe_cost,1.00
combined_micro_shift,conformal_risk_gate,9,0.82500,0.82581,0.87500,0.00625,0.00000,0.16875,0.55000,0.00000,1.16744,0.08031,0.30269,0.30439,0.15343,0.79606,160,probe_cost,1.00
combined_micro_shift,ensemble_uncertainty_gate,0,0.71250,0.70645,0.72500,0.01250,0.00000,0.16875,0.53750,0.00000,1.17006,0.09932,0.37009,0.27380,0.15479,0.67769,160,probe_cost,1.00
combined_micro_shift,ensemble_uncertainty_gate,1,0.85000,0.84516,0.85000,0.01250,0.00000,0.18125,0.52500,0.00000,1.17063,0.08861,0.28052,0.27221,0.15291,0.81511,160,probe_cost,1.00
combined_micro_shift,ensemble_uncertainty_gate,2,0.85000,0.84516,0.87500,0.00625,0.00000,0.16250,0.55625,0.00000,1.16716,0.09364,0.28672,0.27367,0.15366,0.82110,160,probe_cost,1.00
combined_micro_shift,ensemble_uncertainty_gate,3,0.78125,0.78065,0.72500,0.00000,0.00000,0.16875,0.55625,0.00000,1.16347,0.09835,0.32338,0.27754,0.15317,0.75836,160,probe_cost,1.00
combined_micro_shift,ensemble_uncertainty_gate,4,0.78750,0.79032,0.67500,0.00000,0.00000,0.16875,0.53125,0.00000,1.15809,0.09313,0.33237,0.27646,0.15882,0.76537,160,probe_cost,1.00
combined_micro_shift,ensemble_uncertainty_gate,5,0.79375,0.79677,0.75000,0.00625,0.00000,0.16250,0.53125,0.00000,1.16178,0.09263,0.31733,0.27491,0.15848,0.76560,160,probe_cost,1.00
combined_micro_shift,ensemble_uncertainty_gate,6,0.81250,0.80645,0.75000,0.00000,0.00000,0.16875,0.51875,0.00000,1.15541,0.09166,0.30914,0.27353,0.15497,0.79074,160,probe_cost,1.00
combined_micro_shift,ensemble_uncertainty_gate,7,0.78750,0.79032,0.65000,0.00000,0.00000,0.16250,0.55625,0.00000,1.16184,0.09813,0.32484,0.27372,0.15822,0.76484,160,probe_cost,1.00
combined_micro_shift,ensemble_uncertainty_gate,8,0.85000,0.84516,0.87500,0.00000,0.00000,0.16875,0.51875,0.00000,1.15541,0.09242,0.28196,0.27372,0.15369,0.82824,160,probe_cost,1.00
combined_micro_shift,ensemble_uncertainty_gate,9,0.77500,0.77742,0.75000,0.00000,0.00000,0.16875,0.56250,0.00000,1.16481,0.09991,0.32759,0.27415,0.15540,0.75193,160,probe_cost,1.00
combined_micro_shift,bayesian_skill_survival,0,0.81875,0.81613,0.80000,0.00000,0.00000,0.20000,0.58125,0.00000,1.17697,0.14568,0.30685,0.29235,0.15720,0.79397,160,probe_cost,1.00
combined_micro_shift,bayesian_skill_survival,1,0.84375,0.83871,0.77500,0.00000,0.00000,0.21250,0.55625,0.00000,1.17484,0.15041,0.28470,0.28970,0.15324,0.81927,160,probe_cost,1.00
combined_micro_shift,bayesian_skill_survival,2,0.81250,0.81290,0.90000,0.00000,0.00000,0.21250,0.56875,0.00000,1.17753,0.14532,0.30336,0.28933,0.15030,0.78765,160,probe_cost,1.00
combined_micro_shift,bayesian_skill_survival,3,0.81875,0.81613,0.80000,0.00000,0.00000,0.22500,0.54375,0.00000,1.17541,0.14573,0.30153,0.29576,0.15492,0.79419,160,probe_cost,1.00
combined_micro_shift,bayesian_skill_survival,4,0.80625,0.80000,0.75000,0.00000,0.00000,0.20000,0.60625,0.00000,1.18234,0.15063,0.30517,0.29297,0.15719,0.78072,160,probe_cost,1.00
combined_micro_shift,bayesian_skill_survival,5,0.80625,0.80323,0.87500,0.00000,0.00000,0.19375,0.60000,0.00000,1.17937,0.14539,0.30603,0.29287,0.15976,0.78114,160,probe_cost,1.00
combined_micro_shift,bayesian_skill_survival,6,0.85000,0.84839,0.92500,0.00000,0.00000,0.20625,0.56875,0.00000,1.17591,0.15088,0.27930,0.29061,0.15444,0.82537,160,probe_cost,1.00
combined_micro_shift,bayesian_skill_survival,7,0.85625,0.85161,0.92500,0.00000,0.00000,0.21250,0.55625,0.00000,1.17484,0.14199,0.27914,0.28909,0.15430,0.83177,160,probe_cost,1.00
combined_micro_shift,bayesian_skill_survival,8,0.81250,0.81613,0.70000,0.00000,0.00000,0.20625,0.60625,0.00000,1.18397,0.14799,0.30974,0.29219,0.15591,0.78674,160,probe_cost,1.00
combined_micro_shift,bayesian_skill_survival,9,0.80625,0.80323,0.80000,0.00000,0.00000,0.21875,0.59375,0.00000,1.18453,0.15296,0.30202,0.28945,0.15133,0.78042,160,probe_cost,1.00
combined_micro_shift,cvar_lifetime_guard,0,0.81875,0.81613,0.90000,0.00000,0.00000,0.51250,0.46875,0.00000,1.23403,0.10647,0.28507,0.33626,0.09393,0.78599,160,probe_cost,1.00
combined_micro_shift,cvar_lifetime_guard,1,0.85625,0.85806,0.87500,0.00625,0.00000,0.48125,0.51250,0.00000,1.24063,0.10916,0.26448,0.33760,0.09800,0.81706,160,probe_cost,1.00
combined_micro_shift,cvar_lifetime_guard,2,0.86875,0.86452,0.95000,0.00000,0.00000,0.49375,0.48750,0.00000,1.23319,0.10634,0.25266,0.33899,0.09853,0.83610,160,probe_cost,1.00
combined_micro_shift,cvar_lifetime_guard,3,0.85000,0.84839,0.87500,0.00000,0.00000,0.51875,0.45000,0.00000,1.23162,0.11622,0.26392,0.34075,0.09380,0.81757,160,probe_cost,1.00
combined_micro_shift,cvar_lifetime_guard,4,0.83125,0.82903,0.97500,0.00000,0.00000,0.50000,0.47500,0.00000,1.23212,0.11240,0.27689,0.33706,0.09426,0.79875,160,probe_cost,1.00
combined_micro_shift,cvar_lifetime_guard,5,0.81875,0.81935,0.80000,0.00625,0.00000,0.47500,0.51250,0.00000,1.23900,0.10748,0.28356,0.33680,0.09650,0.77979,160,probe_cost,1.00
combined_micro_shift,cvar_lifetime_guard,6,0.87500,0.87742,0.87500,0.00000,0.00000,0.48750,0.48125,0.00000,1.23022,0.10980,0.25143,0.33714,0.09640,0.84277,160,probe_cost,1.00
combined_micro_shift,cvar_lifetime_guard,7,0.84375,0.84839,0.87500,0.00000,0.00000,0.45000,0.54375,0.00000,1.23391,0.10163,0.27352,0.33711,0.09928,0.81100,160,probe_cost,1.00
combined_micro_shift,cvar_lifetime_guard,8,0.80000,0.79677,0.82500,0.00000,0.00000,0.46250,0.51875,0.00000,1.23178,0.10885,0.29755,0.33880,0.09811,0.76755,160,probe_cost,1.00
combined_micro_shift,cvar_lifetime_guard,9,0.90625,0.90323,0.90000,0.00000,0.00000,0.49375,0.48750,0.00000,1.23319,0.11372,0.23003,0.33674,0.09479,0.87360,160,probe_cost,1.00
combined_micro_shift,skill_half_life_scheduler_v5,0,0.75625,0.75161,0.82500,0.00000,0.00000,0.15625,0.50625,0.00000,1.14947,0.12681,0.33613,0.28330,0.15155,0.73532,160,probe_cost,1.00
combined_micro_shift,skill_half_life_scheduler_v5,1,0.76875,0.76129,0.77500,0.00625,0.00000,0.15625,0.52500,0.00000,1.15881,0.12544,0.32726,0.28193,0.15012,0.74102,160,probe_cost,1.00
combined_micro_shift,skill_half_life_scheduler_v5,2,0.82500,0.81935,0.85000,0.00000,0.00000,0.15625,0.55625,0.00000,1.16022,0.12252,0.29342,0.28345,0.15032,0.80257,160,probe_cost,1.00
combined_micro_shift,skill_half_life_scheduler_v5,3,0.77500,0.76774,0.72500,0.00000,0.00000,0.15625,0.54375,0.00000,1.15753,0.12792,0.31623,0.28680,0.14845,0.75295,160,probe_cost,1.00
combined_micro_shift,skill_half_life_scheduler_v5,4,0.83125,0.82903,0.70000,0.00625,0.00000,0.15625,0.55625,0.00000,1.16553,0.12312,0.28843,0.28310,0.14959,0.80258,160,probe_cost,1.00
combined_micro_shift,skill_half_life_scheduler_v5,5,0.79375,0.78710,0.80000,0.00000,0.00000,0.15000,0.56250,0.00000,1.15994,0.12613,0.30655,0.28166,0.14974,0.77136,160,probe_cost,1.00
combined_micro_shift,skill_half_life_scheduler_v5,6,0.80625,0.80000,0.72500,0.00000,0.00000,0.16250,0.52500,0.00000,1.15512,0.12245,0.30462,0.28145,0.14895,0.78453,160,probe_cost,1.00
combined_micro_shift,skill_half_life_scheduler_v5,7,0.80625,0.81290,0.75000,0.00000,0.00000,0.15000,0.57500,0.00000,1.16262,0.13157,0.30172,0.28193,0.15268,0.78348,160,probe_cost,1.00
combined_micro_shift,skill_half_life_scheduler_v5,8,0.78750,0.78065,0.77500,0.00625,0.00000,0.16250,0.53750,0.00000,1.16312,0.13548,0.31001,0.28301,0.14981,0.75916,160,probe_cost,1.00
combined_micro_shift,skill_half_life_scheduler_v5,9,0.83750,0.83548,0.77500,0.00625,0.00000,0.15625,0.58125,0.00000,1.17091,0.12067,0.28628,0.28247,0.15006,0.80807,160,probe_cost,1.00
combined_micro_shift,oracle_shift_aware_scheduler,0,0.84375,0.84194,0.87500,0.00000,0.00000,0.20000,0.53750,0.00000,1.16756,0.00000,0.27075,0.18051,0.14443,0.82029,160,probe_cost,1.00
combined_micro_shift,oracle_shift_aware_scheduler,1,0.81875,0.81613,0.82500,0.00000,0.00000,0.18750,0.53750,0.00000,1.16431,0.00000,0.28894,0.17786,0.14414,0.79575,160,probe_cost,1.00
combined_micro_shift,oracle_shift_aware_scheduler,2,0.83750,0.84194,0.80000,0.00625,0.00000,0.19375,0.53125,0.00000,1.16991,0.00000,0.26765,0.17858,0.14119,0.80821,160,probe_cost,1.00
combined_micro_shift,oracle_shift_aware_scheduler,3,0.85000,0.84839,0.77500,0.00000,0.00000,0.19375,0.51250,0.00000,1.16056,0.00000,0.26500,0.18156,0.14165,0.82752,160,probe_cost,1.00
combined_micro_shift,oracle_shift_aware_scheduler,4,0.86250,0.85806,0.92500,0.00000,0.00000,0.19375,0.50625,0.00000,1.15922,0.00000,0.25973,0.17763,0.14060,0.84021,160,probe_cost,1.00
combined_micro_shift,oracle_shift_aware_scheduler,5,0.86875,0.87097,0.82500,0.00000,0.00000,0.18750,0.52500,0.00000,1.16163,0.00000,0.25446,0.17824,0.14316,0.84612,160,probe_cost,1.00
combined_micro_shift,oracle_shift_aware_scheduler,6,0.81250,0.81613,0.80000,0.00000,0.00000,0.18750,0.52500,0.00000,1.16162,0.00000,0.29231,0.17914,0.14358,0.78987,160,probe_cost,1.00
combined_micro_shift,oracle_shift_aware_scheduler,7,0.80000,0.80645,0.77500,0.00000,0.00000,0.18750,0.55000,0.00000,1.16700,0.00000,0.30725,0.18143,0.14677,0.77662,160,probe_cost,1.00
combined_micro_shift,oracle_shift_aware_scheduler,8,0.83750,0.83226,0.85000,0.00000,0.00000,0.19375,0.55000,0.00000,1.16863,0.00000,0.27412,0.18041,0.14467,0.81389,160,probe_cost,1.00
combined_micro_shift,oracle_shift_aware_scheduler,9,0.81875,0.81613,0.77500,0.01250,0.00000,0.18750,0.53750,0.00000,1.17494,0.00000,0.28772,0.18136,0.14582,0.78326,160,probe_cost,1.00
combined_micro_shift,domain_randomized_clone,0,0.51875,0.51935,0.27500,0.21250,0.56875,0.00000,0.00000,0.00000,1.18062,0.63237,0.42228,0.31447,0.39763,0.11309,160,probe_cost,1.25
combined_micro_shift,domain_randomized_clone,1,0.56875,0.56774,0.20000,0.22500,0.56875,0.00000,0.00000,0.00000,1.19125,0.65092,0.40865,0.31138,0.39594,0.15060,160,probe_cost,1.25
combined_micro_shift,domain_randomized_clone,2,0.48125,0.47419,0.15000,0.23750,0.58750,0.00000,0.00000,0.00000,1.20187,0.64729,0.42115,0.31770,0.39881,0.04424,160,probe_cost,1.25
combined_micro_shift,domain_randomized_clone,3,0.50625,0.50000,0.20000,0.25000,0.57500,0.00000,0.00000,0.00000,1.21250,0.65942,0.41297,0.31352,0.39683,0.06100,160,probe_cost,1.25
combined_micro_shift,domain_randomized_clone,4,0.46875,0.47097,0.27500,0.18125,0.57500,0.00000,0.00000,0.00000,1.15406,0.65611,0.42770,0.30803,0.39429,0.09218,160,probe_cost,1.25
combined_micro_shift,domain_randomized_clone,5,0.53125,0.53226,0.22500,0.21250,0.57500,0.00000,0.00000,0.00000,1.18063,0.65068,0.42650,0.30757,0.39432,0.12346,160,probe_cost,1.25
combined_micro_shift,domain_randomized_clone,6,0.47500,0.47419,0.22500,0.20000,0.58125,0.00000,0.00000,0.00000,1.17000,0.65839,0.43775,0.31266,0.39674,0.07757,160,probe_cost,1.25
combined_micro_shift,domain_randomized_clone,7,0.51875,0.51935,0.20000,0.22500,0.55625,0.00000,0.00000,0.00000,1.19125,0.65173,0.42697,0.31125,0.39502,0.10485,160,probe_cost,1.25
combined_micro_shift,domain_randomized_clone,8,0.50625,0.50645,0.20000,0.19375,0.56250,0.00000,0.00000,0.00000,1.16469,0.64288,0.41520,0.31027,0.39548,0.12144,160,probe_cost,1.25
combined_micro_shift,domain_randomized_clone,9,0.48125,0.48065,0.22500,0.23125,0.56250,0.00000,0.00000,0.00000,1.19656,0.64286,0.43639,0.31055,0.39525,0.05898,160,probe_cost,1.25
combined_micro_shift,conformal_risk_gate,0,0.80625,0.80323,0.77500,0.00000,0.00000,0.17500,0.55625,0.00000,1.19012,0.07990,0.31927,0.30913,0.15303,0.77963,160,probe_cost,1.25
combined_micro_shift,conformal_risk_gate,1,0.82500,0.82581,0.82500,0.00000,0.00000,0.17500,0.50000,0.00000,1.17550,0.08609,0.29938,0.30465,0.14861,0.80043,160,probe_cost,1.25
combined_micro_shift,conformal_risk_gate,2,0.80625,0.80323,0.72500,0.00625,0.00000,0.18125,0.54375,0.00000,1.19381,0.08558,0.30760,0.30961,0.14873,0.77362,160,probe_cost,1.25
combined_micro_shift,conformal_risk_gate,3,0.86250,0.85806,0.92500,0.00000,0.00000,0.17500,0.53750,0.00000,1.18525,0.09075,0.28109,0.30849,0.15290,0.83657,160,probe_cost,1.25
combined_micro_shift,conformal_risk_gate,4,0.81875,0.81613,0.80000,0.01250,0.00000,0.16875,0.52500,0.00000,1.19100,0.08284,0.30968,0.30333,0.15096,0.78101,160,probe_cost,1.25
combined_micro_shift,conformal_risk_gate,5,0.79375,0.78710,0.77500,0.00000,0.00000,0.16250,0.54375,0.00000,1.18362,0.08360,0.31757,0.30490,0.15506,0.76804,160,probe_cost,1.25
combined_micro_shift,conformal_risk_gate,6,0.78750,0.79677,0.70000,0.00625,0.00000,0.18125,0.51250,0.00000,1.18569,0.08774,0.31942,0.30721,0.15192,0.75600,160,probe_cost,1.25
combined_micro_shift,conformal_risk_gate,7,0.80000,0.80000,0.85000,0.00000,0.00000,0.17500,0.53750,0.00000,1.18525,0.08515,0.31824,0.30663,0.15183,0.77407,160,probe_cost,1.25
combined_micro_shift,conformal_risk_gate,8,0.85625,0.85806,0.85000,0.00625,0.00000,0.18125,0.51250,0.00000,1.18569,0.08419,0.28986,0.30501,0.15099,0.82475,160,probe_cost,1.25
combined_micro_shift,conformal_risk_gate,9,0.79375,0.79355,0.80000,0.00000,0.00000,0.17500,0.52500,0.00000,1.18200,0.07819,0.32949,0.30523,0.15071,0.76827,160,probe_cost,1.25
combined_micro_shift,ensemble_uncertainty_gate,0,0.81875,0.81290,0.77500,0.00625,0.00000,0.16875,0.57500,0.00000,1.19869,0.09452,0.30454,0.28033,0.15843,0.78543,160,probe_cost,1.25
combined_micro_shift,ensemble_uncertainty_gate,1,0.82500,0.82258,0.77500,0.00000,0.00000,0.16250,0.55625,0.00000,1.18687,0.09463,0.29554,0.27527,0.15283,0.79884,160,probe_cost,1.25
combined_micro_shift,ensemble_uncertainty_gate,2,0.81250,0.81613,0.85000,0.00000,0.00000,0.16875,0.56250,0.00000,1.19012,0.09287,0.31770,0.28326,0.15895,0.78588,160,probe_cost,1.25
combined_micro_shift,ensemble_uncertainty_gate,3,0.82500,0.81935,0.80000,0.00000,0.00000,0.16875,0.55625,0.00000,1.18850,0.09744,0.29702,0.27680,0.15246,0.79861,160,probe_cost,1.25
combined_micro_shift,ensemble_uncertainty_gate,4,0.80000,0.79677,0.87500,0.00000,0.00000,0.15625,0.56875,0.00000,1.18850,0.09060,0.31436,0.27310,0.15347,0.77361,160,probe_cost,1.25
combined_micro_shift,ensemble_uncertainty_gate,5,0.78125,0.78387,0.82500,0.00625,0.00000,0.16250,0.56250,0.00000,1.19381,0.09468,0.32788,0.27340,0.15500,0.74862,160,probe_cost,1.25
combined_micro_shift,ensemble_uncertainty_gate,6,0.81250,0.80645,0.80000,0.00625,0.00000,0.18125,0.53750,0.00000,1.19219,0.10012,0.30536,0.27631,0.15305,0.78009,160,probe_cost,1.25
combined_micro_shift,ensemble_uncertainty_gate,7,0.76875,0.77419,0.80000,0.00000,0.00000,0.18125,0.53750,0.00000,1.18687,0.09949,0.33274,0.27611,0.15374,0.74259,160,probe_cost,1.25
combined_micro_shift,ensemble_uncertainty_gate,8,0.87500,0.87419,0.90000,0.00625,0.00000,0.17500,0.53750,0.00000,1.19056,0.10157,0.27038,0.27612,0.15620,0.84282,160,probe_cost,1.25
combined_micro_shift,ensemble_uncertainty_gate,9,0.77500,0.77097,0.87500,0.00625,0.00000,0.17500,0.55625,0.00000,1.19544,0.08738,0.32683,0.27643,0.15605,0.74214,160,probe_cost,1.25
combined_micro_shift,bayesian_skill_survival,0,0.80000,0.79677,0.75000,0.00000,0.00000,0.21875,0.58125,0.00000,1.20800,0.16678,0.31090,0.29627,0.15522,0.77088,160,probe_cost,1.25
combined_micro_shift,bayesian_skill_survival,1,0.86875,0.87419,0.75000,0.00000,0.00000,0.22500,0.58750,0.00000,1.21125,0.15128,0.27223,0.29209,0.15135,0.83918,160,probe_cost,1.25
combined_micro_shift,bayesian_skill_survival,2,0.83750,0.83548,0.82500,0.00000,0.00000,0.21875,0.60625,0.00000,1.21450,0.16012,0.28490,0.29975,0.15691,0.80747,160,probe_cost,1.25
combined_micro_shift,bayesian_skill_survival,3,0.78750,0.78710,0.82500,0.01250,0.00000,0.20000,0.61875,0.00000,1.22350,0.15024,0.32053,0.29512,0.15401,0.74521,160,probe_cost,1.25
combined_micro_shift,bayesian_skill_survival,4,0.83125,0.82903,0.82500,0.01250,0.00000,0.19375,0.65000,0.00000,1.23000,0.14471,0.29502,0.29189,0.15602,0.78805,160,probe_cost,1.25
combined_micro_shift,bayesian_skill_survival,5,0.81250,0.81935,0.77500,0.00000,0.00000,0.20000,0.61250,0.00000,1.21125,0.15475,0.30593,0.29087,0.15490,0.78292,160,probe_cost,1.25
combined_micro_shift,bayesian_skill_survival,6,0.85000,0.84839,0.82500,0.00000,0.00000,0.21875,0.55625,0.00000,1.20150,0.15190,0.28382,0.29695,0.15925,0.82179,160,probe_cost,1.25
combined_micro_shift,bayesian_skill_survival,7,0.85000,0.84839,0.87500,0.00000,0.00000,0.20625,0.58750,0.00000,1.20637,0.15598,0.28073,0.29555,0.15759,0.82111,160,probe_cost,1.25
combined_micro_shift,bayesian_skill_survival,8,0.83750,0.84194,0.77500,0.00000,0.00000,0.21875,0.54375,0.00000,1.19825,0.15488,0.29584,0.29158,0.15210,0.80975,160,probe_cost,1.25
combined_micro_shift,bayesian_skill_survival,9,0.84375,0.84516,0.85000,0.00625,0.00000,0.21250,0.55625,0.00000,1.20519,0.15471,0.29042,0.29304,0.15426,0.80952,160,probe_cost,1.25
combined_micro_shift,cvar_lifetime_guard,0,0.81875,0.81935,0.87500,0.00000,0.00000,0.51875,0.46250,0.00000,1.25513,0.12447,0.28699,0.34190,0.09436,0.78303,160,probe_cost,1.25
combined_micro_shift,cvar_lifetime_guard,1,0.83750,0.83871,0.85000,0.00625,0.00000,0.48125,0.50000,0.00000,1.26044,0.10978,0.27490,0.34130,0.09770,0.79554,160,probe_cost,1.25
combined_micro_shift,cvar_lifetime_guard,2,0.83750,0.83548,0.90000,0.00000,0.00000,0.53125,0.45000,0.00000,1.25513,0.11725,0.27152,0.34524,0.09578,0.80178,160,probe_cost,1.25
combined_micro_shift,cvar_lifetime_guard,3,0.80625,0.80323,0.92500,0.00625,0.00000,0.48125,0.48750,0.00000,1.25719,0.11887,0.29505,0.34364,0.09898,0.76474,160,probe_cost,1.25
combined_micro_shift,cvar_lifetime_guard,4,0.84375,0.84516,0.82500,0.00000,0.00000,0.50000,0.45625,0.00000,1.24863,0.10617,0.26831,0.33734,0.09480,0.80894,160,probe_cost,1.25
combined_micro_shift,cvar_lifetime_guard,5,0.78750,0.78387,0.80000,0.00000,0.00000,0.47500,0.49375,0.00000,1.25187,0.11502,0.30532,0.33737,0.09580,0.75224,160,probe_cost,1.25
combined_micro_shift,cvar_lifetime_guard,6,0.83125,0.83226,0.82500,0.00625,0.00000,0.49375,0.48750,0.00000,1.26044,0.10967,0.27996,0.34233,0.09793,0.78929,160,probe_cost,1.25
combined_micro_shift,cvar_lifetime_guard,7,0.88750,0.88710,0.80000,0.00000,0.00000,0.50625,0.48750,0.00000,1.25837,0.10910,0.23914,0.33911,0.09258,0.85133,160,probe_cost,1.25
combined_micro_shift,cvar_lifetime_guard,8,0.85000,0.84839,0.82500,0.00000,0.00000,0.47500,0.51875,0.00000,1.25837,0.12256,0.26660,0.34016,0.09718,0.81383,160,probe_cost,1.25
combined_micro_shift,cvar_lifetime_guard,9,0.84375,0.85161,0.87500,0.00000,0.00000,0.49375,0.49375,0.00000,1.25675,0.11241,0.27164,0.34025,0.09655,0.80780,160,probe_cost,1.25
combined_micro_shift,skill_half_life_scheduler_v5,0,0.75625,0.75161,0.67500,0.00000,0.00000,0.15625,0.58125,0.00000,1.19175,0.11938,0.33864,0.28846,0.15172,0.72940,160,probe_cost,1.25
combined_micro_shift,skill_half_life_scheduler_v5,1,0.80000,0.80000,0.75000,0.00625,0.00000,0.14375,0.58125,0.00000,1.19381,0.13073,0.30751,0.28537,0.15008,0.76737,160,probe_cost,1.25
combined_micro_shift,skill_half_life_scheduler_v5,2,0.85625,0.85484,0.85000,0.00000,0.00000,0.16250,0.53750,0.00000,1.18200,0.12318,0.27235,0.29091,0.15003,0.83077,160,probe_cost,1.25
combined_micro_shift,skill_half_life_scheduler_v5,3,0.85625,0.85161,0.82500,0.00625,0.00000,0.15625,0.57500,0.00000,1.19544,0.13203,0.27181,0.28670,0.14889,0.82339,160,probe_cost,1.25
combined_micro_shift,skill_half_life_scheduler_v5,4,0.78750,0.78387,0.80000,0.00000,0.00000,0.15000,0.58125,0.00000,1.19012,0.13073,0.31628,0.28338,0.15124,0.76088,160,probe_cost,1.25
combined_micro_shift,skill_half_life_scheduler_v5,5,0.79375,0.79677,0.77500,0.01250,0.00000,0.15625,0.54375,0.00000,1.19263,0.12939,0.31309,0.28305,0.15207,0.75578,160,probe_cost,1.25
combined_micro_shift,skill_half_life_scheduler_v5,6,0.81250,0.80968,0.85000,0.00625,0.00000,0.16875,0.53125,0.00000,1.18731,0.12466,0.29671,0.28529,0.14814,0.78078,160,probe_cost,1.25
combined_micro_shift,skill_half_life_scheduler_v5,7,0.83750,0.83871,0.82500,0.00000,0.00000,0.16250,0.54375,0.00000,1.18362,0.12470,0.28180,0.28536,0.14942,0.81179,160,probe_cost,1.25
combined_micro_shift,skill_half_life_scheduler_v5,8,0.80625,0.80000,0.85000,0.00000,0.00000,0.15625,0.55000,0.00000,1.18362,0.11645,0.30530,0.28459,0.15094,0.78054,160,probe_cost,1.25
combined_micro_shift,skill_half_life_scheduler_v5,9,0.82500,0.82258,0.80000,0.00000,0.00000,0.15625,0.56875,0.00000,1.18850,0.12052,0.30287,0.28452,0.14974,0.79861,160,probe_cost,1.25
combined_micro_shift,oracle_shift_aware_scheduler,0,0.81250,0.80968,0.95000,0.00000,0.00000,0.18750,0.53125,0.00000,1.18687,0.00000,0.29738,0.17892,0.14333,0.78634,160,probe_cost,1.25
combined_micro_shift,oracle_shift_aware_scheduler,1,0.86250,0.86129,0.87500,0.00000,0.00000,0.19375,0.53125,0.00000,1.18850,0.00000,0.26053,0.18109,0.14473,0.83611,160,probe_cost,1.25
combined_micro_shift,oracle_shift_aware_scheduler,2,0.86875,0.86774,0.82500,0.00000,0.00000,0.20000,0.53125,0.00000,1.19012,0.00000,0.25420,0.18253,0.14413,0.84213,160,probe_cost,1.25
combined_micro_shift,oracle_shift_aware_scheduler,3,0.81875,0.81613,0.75000,0.00625,0.00000,0.19375,0.53125,0.00000,1.19381,0.00000,0.28883,0.18039,0.14006,0.78612,160,probe_cost,1.25
combined_micro_shift,oracle_shift_aware_scheduler,4,0.86250,0.86129,0.82500,0.00000,0.00000,0.18750,0.53125,0.00000,1.18687,0.00000,0.26216,0.17748,0.14195,0.83634,160,probe_cost,1.25
combined_micro_shift,oracle_shift_aware_scheduler,5,0.82500,0.82581,0.80000,0.00000,0.00000,0.18750,0.52500,0.00000,1.18525,0.00000,0.28280,0.17690,0.14267,0.79906,160,probe_cost,1.25
combined_micro_shift,oracle_shift_aware_scheduler,6,0.82500,0.82258,0.82500,0.00000,0.00000,0.19375,0.51875,0.00000,1.18525,0.00000,0.28684,0.18243,0.14557,0.79906,160,probe_cost,1.25
combined_micro_shift,oracle_shift_aware_scheduler,7,0.81250,0.81935,0.72500,0.00625,0.00000,0.18750,0.53750,0.00000,1.19381,0.00000,0.29825,0.17975,0.14373,0.77987,160,probe_cost,1.25
combined_micro_shift,oracle_shift_aware_scheduler,8,0.84375,0.84839,0.82500,0.00000,0.00000,0.19375,0.52500,0.00000,1.18687,0.00000,0.26679,0.17742,0.14133,0.81759,160,probe_cost,1.25
combined_micro_shift,oracle_shift_aware_scheduler,9,0.86875,0.86452,0.82500,0.00000,0.00000,0.19375,0.51250,0.00000,1.18362,0.00000,0.25803,0.17809,0.14200,0.84304,160,probe_cost,1.25
combined_micro_shift,domain_randomized_clone,0,0.54375,0.55484,0.42500,0.15000,0.55625,0.00000,0.00000,0.00000,1.12750,0.65586,0.45112,0.31517,0.39725,0.20477,160,probe_cost,1.50
combined_micro_shift,domain_randomized_clone,1,0.45625,0.45806,0.17500,0.21875,0.58750,0.00000,0.00000,0.00000,1.18594,0.64509,0.42713,0.31850,0.40022,0.03797,160,probe_cost,1.50
combined_micro_shift,domain_randomized_clone,2,0.58125,0.58065,0.37500,0.17500,0.56875,0.00000,0.00000,0.00000,1.14875,0.63457,0.43735,0.31153,0.39706,0.21305,160,probe_cost,1.50
combined_micro_shift,domain_randomized_clone,3,0.48125,0.47742,0.17500,0.17500,0.57500,0.00000,0.00000,0.00000,1.14875,0.62796,0.43021,0.31550,0.39955,0.11093,160,probe_cost,1.50
combined_micro_shift,domain_randomized_clone,4,0.50000,0.50323,0.22500,0.17500,0.58125,0.00000,0.00000,0.00000,1.14875,0.64047,0.43312,0.31159,0.39691,0.12755,160,probe_cost,1.50
combined_micro_shift,domain_randomized_clone,5,0.49375,0.49677,0.30000,0.20625,0.59375,0.00000,0.00000,0.00000,1.17531,0.66401,0.44527,0.30970,0.39465,0.08583,160,probe_cost,1.50
combined_micro_shift,domain_randomized_clone,6,0.53125,0.52903,0.37500,0.19375,0.57500,0.00000,0.00000,0.00000,1.16469,0.65920,0.43369,0.31485,0.39625,0.14219,160,probe_cost,1.50
combined_micro_shift,domain_randomized_clone,7,0.54375,0.53871,0.32500,0.15625,0.56250,0.00000,0.00000,0.00000,1.13281,0.64669,0.44312,0.31084,0.39389,0.19641,160,probe_cost,1.50
combined_micro_shift,domain_randomized_clone,8,0.48125,0.48065,0.27500,0.16250,0.56250,0.00000,0.00000,0.00000,1.13813,0.65158,0.44548,0.30840,0.39331,0.12766,160,probe_cost,1.50
combined_micro_shift,domain_randomized_clone,9,0.45000,0.45161,0.15000,0.25000,0.55625,0.00000,0.00000,0.00000,1.21250,0.66170,0.43736,0.31401,0.39569,0.01113,160,probe_cost,1.50
combined_micro_shift,conformal_risk_gate,0,0.76875,0.76774,0.90000,0.01250,0.00000,0.17500,0.49375,0.00000,1.20672,0.07928,0.33812,0.30888,0.14827,0.72881,160,probe_cost,1.50
combined_micro_shift,conformal_risk_gate,1,0.72500,0.72903,0.52500,0.00625,0.00000,0.18125,0.50625,0.00000,1.20684,0.08346,0.36677,0.31089,0.14856,0.69054,160,probe_cost,1.50
combined_micro_shift,conformal_risk_gate,2,0.75625,0.75161,0.70000,0.00000,0.00000,0.17500,0.52500,0.00000,1.20562,0.08065,0.34392,0.30561,0.14883,0.72746,160,probe_cost,1.50
combined_micro_shift,conformal_risk_gate,3,0.83125,0.82903,0.80000,0.00625,0.00000,0.17500,0.54375,0.00000,1.21666,0.08216,0.29788,0.31047,0.15304,0.79542,160,probe_cost,1.50
combined_micro_shift,conformal_risk_gate,4,0.75625,0.75806,0.70000,0.00000,0.00000,0.18125,0.48125,0.00000,1.19391,0.09125,0.33349,0.30678,0.15085,0.72910,160,probe_cost,1.50
combined_micro_shift,conformal_risk_gate,5,0.77500,0.77097,0.75000,0.00000,0.00000,0.18750,0.49375,0.00000,1.19934,0.08912,0.32802,0.30538,0.14957,0.74709,160,probe_cost,1.50
combined_micro_shift,conformal_risk_gate,6,0.80625,0.80323,0.80000,0.01250,0.00000,0.18125,0.51875,0.00000,1.21597,0.09196,0.31160,0.31099,0.15213,0.76501,160,probe_cost,1.50
combined_micro_shift,conformal_risk_gate,7,0.80000,0.80323,0.70000,0.01250,0.00000,0.17500,0.51250,0.00000,1.21244,0.09447,0.32063,0.30739,0.15063,0.75926,160,probe_cost,1.50
combined_micro_shift,conformal_risk_gate,8,0.80625,0.80323,0.72500,0.00000,0.00000,0.17500,0.52500,0.00000,1.20562,0.08582,0.31649,0.30755,0.15521,0.77746,160,probe_cost,1.50
combined_micro_shift,conformal_risk_gate,9,0.73125,0.72903,0.75000,0.00000,0.00000,0.18750,0.52500,0.00000,1.20887,0.09560,0.36333,0.31046,0.15214,0.70201,160,probe_cost,1.50
combined_micro_shift,ensemble_uncertainty_gate,0,0.76250,0.76129,0.72500,0.00000,0.00000,0.16875,0.55625,0.00000,1.21353,0.09100,0.33380,0.27858,0.15112,0.73261,160,probe_cost,1.50
combined_micro_shift,ensemble_uncertainty_gate,1,0.80000,0.80000,0.75000,0.01250,0.00000,0.17500,0.51875,0.00000,1.21434,0.08980,0.31613,0.28084,0.15193,0.75899,160,probe_cost,1.50
combined_micro_shift,ensemble_uncertainty_gate,2,0.80000,0.79677,0.77500,0.00000,0.00000,0.16250,0.55625,0.00000,1.21191,0.09315,0.31772,0.27684,0.15476,0.77033,160,probe_cost,1.50
combined_micro_shift,ensemble_uncertainty_gate,3,0.75000,0.75161,0.70000,0.00625,0.00000,0.18125,0.53125,0.00000,1.21447,0.09224,0.34467,0.27948,0.15450,0.71447,160,probe_cost,1.50
combined_micro_shift,ensemble_uncertainty_gate,4,0.76875,0.76774,0.72500,0.00625,0.00000,0.16875,0.51875,0.00000,1.20741,0.10228,0.32469,0.27650,0.15376,0.73421,160,probe_cost,1.50
combined_micro_shift,ensemble_uncertainty_gate,5,0.80000,0.80000,0.82500,0.00000,0.00000,0.16250,0.53750,0.00000,1.20619,0.09832,0.30933,0.27618,0.15468,0.77113,160,probe_cost,1.50
combined_micro_shift,ensemble_uncertainty_gate,6,0.79375,0.79032,0.80000,0.00625,0.00000,0.18125,0.54375,0.00000,1.21828,0.11176,0.31360,0.27979,0.15316,0.75769,160,probe_cost,1.50
combined_micro_shift,ensemble_uncertainty_gate,7,0.79375,0.79677,0.65000,0.01875,0.00000,0.15625,0.56250,0.00000,1.22812,0.11756,0.32199,0.27776,0.15483,0.74531,160,probe_cost,1.50
combined_micro_shift,ensemble_uncertainty_gate,8,0.82500,0.82903,0.82500,0.00000,0.00000,0.16875,0.56250,0.00000,1.21544,0.09837,0.30719,0.27803,0.15960,0.79484,160,probe_cost,1.50
combined_micro_shift,ensemble_uncertainty_gate,9,0.80000,0.80323,0.85000,0.00000,0.00000,0.18750,0.51875,0.00000,1.20697,0.10526,0.31785,0.27994,0.15457,0.77102,160,probe_cost,1.50
combined_micro_shift,bayesian_skill_survival,0,0.88125,0.87742,0.95000,0.00000,0.00000,0.23125,0.51875,0.00000,1.21834,0.15912,0.25854,0.29812,0.15478,0.85068,160,probe_cost,1.50
combined_micro_shift,bayesian_skill_survival,1,0.85000,0.84839,0.85000,0.00000,0.00000,0.22500,0.59375,0.00000,1.23959,0.16810,0.27655,0.30004,0.15481,0.81646,160,probe_cost,1.50
combined_micro_shift,bayesian_skill_survival,2,0.80625,0.80645,0.82500,0.00625,0.00000,0.21250,0.58125,0.00000,1.23784,0.15835,0.30680,0.29381,0.15322,0.76745,160,probe_cost,1.50
combined_micro_shift,bayesian_skill_survival,3,0.79375,0.79355,0.77500,0.00000,0.00000,0.21875,0.58125,0.00000,1.23416,0.16975,0.31080,0.29806,0.15618,0.76097,160,probe_cost,1.50
combined_micro_shift,bayesian_skill_survival,4,0.85625,0.85484,0.92500,0.00000,0.00000,0.20625,0.64375,0.00000,1.24997,0.16415,0.27900,0.29561,0.15649,0.82125,160,probe_cost,1.50
combined_micro_shift,bayesian_skill_survival,5,0.81250,0.80968,0.80000,0.00625,0.00000,0.21250,0.56875,0.00000,1.23403,0.15374,0.29697,0.29198,0.15078,0.77424,160,probe_cost,1.50
combined_micro_shift,bayesian_skill_survival,6,0.80625,0.80323,0.75000,0.02500,0.00000,0.20625,0.62500,0.00000,1.26550,0.16157,0.30784,0.30146,0.16103,0.74708,160,probe_cost,1.50
combined_micro_shift,bayesian_skill_survival,7,0.84375,0.83871,0.72500,0.00000,0.00000,0.21250,0.62500,0.00000,1.24587,0.16660,0.28881,0.29633,0.15647,0.80933,160,probe_cost,1.50
combined_micro_shift,bayesian_skill_survival,8,0.83125,0.82903,0.82500,0.00625,0.00000,0.20000,0.58750,0.00000,1.23650,0.15400,0.29776,0.29562,0.15933,0.79264,160,probe_cost,1.50
combined_micro_shift,bayesian_skill_survival,9,0.84375,0.84194,0.85000,0.00000,0.00000,0.21875,0.60000,0.00000,1.23988,0.15695,0.28510,0.29856,0.15633,0.81017,160,probe_cost,1.50
combined_micro_shift,cvar_lifetime_guard,0,0.84375,0.84194,0.85000,0.00000,0.00000,0.50000,0.49375,0.00000,1.28059,0.10992,0.26906,0.34616,0.09771,0.80447,160,probe_cost,1.50
combined_micro_shift,cvar_lifetime_guard,1,0.81875,0.81613,0.80000,0.00000,0.00000,0.53125,0.45625,0.00000,1.27728,0.12096,0.28359,0.34679,0.09524,0.77993,160,probe_cost,1.50
combined_micro_shift,cvar_lifetime_guard,2,0.86250,0.86129,0.90000,0.00000,0.00000,0.55625,0.41875,0.00000,1.27234,0.10999,0.25344,0.33938,0.09119,0.82437,160,probe_cost,1.50
combined_micro_shift,cvar_lifetime_guard,3,0.85000,0.84839,0.90000,0.00000,0.00000,0.55625,0.43750,0.00000,1.27806,0.12748,0.26190,0.34373,0.09442,0.81107,160,probe_cost,1.50
combined_micro_shift,cvar_lifetime_guard,4,0.86250,0.85806,0.87500,0.00000,0.00000,0.53125,0.45000,0.00000,1.27537,0.12700,0.25451,0.34004,0.09227,0.82395,160,probe_cost,1.50
combined_micro_shift,cvar_lifetime_guard,5,0.83125,0.82581,0.82500,0.00625,0.00000,0.49375,0.48125,0.00000,1.28047,0.11781,0.27489,0.34057,0.09487,0.78648,160,probe_cost,1.50
combined_micro_shift,cvar_lifetime_guard,6,0.80000,0.79677,0.77500,0.00000,0.00000,0.51250,0.46875,0.00000,1.27622,0.11448,0.29502,0.34457,0.09419,0.76133,160,probe_cost,1.50
combined_micro_shift,cvar_lifetime_guard,7,0.86250,0.86129,0.82500,0.00000,0.00000,0.48750,0.50625,0.00000,1.28116,0.12500,0.25663,0.34255,0.09587,0.82314,160,probe_cost,1.50
combined_micro_shift,cvar_lifetime_guard,8,0.86250,0.86452,0.85000,0.00625,0.00000,0.51250,0.47500,0.00000,1.28344,0.10877,0.25693,0.33978,0.09456,0.81732,160,probe_cost,1.50
combined_micro_shift,cvar_lifetime_guard,9,0.77500,0.78065,0.77500,0.00000,0.00000,0.49375,0.50000,0.00000,1.28087,0.11581,0.31494,0.34484,0.09582,0.73568,160,probe_cost,1.50
combined_micro_shift,skill_half_life_scheduler_v5,0,0.88750,0.88387,0.90000,0.00625,0.00000,0.15625,0.52500,0.00000,1.20606,0.13277,0.25029,0.29029,0.15073,0.85315,160,probe_cost,1.50
combined_micro_shift,skill_half_life_scheduler_v5,1,0.76875,0.76774,0.77500,0.00625,0.00000,0.16875,0.54375,0.00000,1.21503,0.11781,0.32679,0.29203,0.15049,0.73315,160,probe_cost,1.50
combined_micro_shift,skill_half_life_scheduler_v5,2,0.76250,0.76129,0.65000,0.00625,0.00000,0.15625,0.54375,0.00000,1.21178,0.11835,0.32701,0.28747,0.15317,0.72735,160,probe_cost,1.50
combined_micro_shift,skill_half_life_scheduler_v5,3,0.82500,0.81935,0.85000,0.00000,0.00000,0.16250,0.53750,0.00000,1.20619,0.11717,0.29230,0.28805,0.14869,0.79613,160,probe_cost,1.50
combined_micro_shift,skill_half_life_scheduler_v5,4,0.83750,0.83548,0.72500,0.00000,0.00000,0.15625,0.54375,0.00000,1.20647,0.13222,0.29278,0.28612,0.15044,0.80859,160,probe_cost,1.50
combined_micro_shift,skill_half_life_scheduler_v5,5,0.83750,0.83226,0.87500,0.00000,0.00000,0.15625,0.56875,0.00000,1.21409,0.13574,0.28917,0.28585,0.15105,0.80753,160,probe_cost,1.50
combined_micro_shift,skill_half_life_scheduler_v5,6,0.82500,0.82258,0.82500,0.00000,0.00000,0.16250,0.54375,0.00000,1.20809,0.12419,0.29367,0.28984,0.14949,0.79587,160,probe_cost,1.50
combined_micro_shift,skill_half_life_scheduler_v5,7,0.81250,0.80645,0.85000,0.01250,0.00000,0.15000,0.56875,0.00000,1.22309,0.13010,0.30381,0.28771,0.15161,0.77027,160,probe_cost,1.50
combined_micro_shift,skill_half_life_scheduler_v5,8,0.79375,0.79032,0.77500,0.00625,0.00000,0.16875,0.52500,0.00000,1.20931,0.13047,0.30917,0.28356,0.14790,0.75895,160,probe_cost,1.50
combined_micro_shift,skill_half_life_scheduler_v5,9,0.73750,0.73548,0.70000,0.00000,0.00000,0.16250,0.55625,0.00000,1.21191,0.12727,0.35061,0.28944,0.14989,0.70783,160,probe_cost,1.50
combined_micro_shift,oracle_shift_aware_scheduler,0,0.86875,0.86774,0.85000,0.00000,0.00000,0.20625,0.51250,0.00000,1.20994,0.00000,0.25675,0.18135,0.14197,0.83936,160,probe_cost,1.50
combined_micro_shift,oracle_shift_aware_scheduler,1,0.79375,0.79355,0.70000,0.00000,0.00000,0.19375,0.50625,0.00000,1.20478,0.00000,0.30489,0.18130,0.14222,0.76508,160,probe_cost,1.50
combined_micro_shift,oracle_shift_aware_scheduler,2,0.85000,0.85161,0.87500,0.00000,0.00000,0.18750,0.51250,0.00000,1.20506,0.00000,0.26151,0.17580,0.14040,0.82129,160,probe_cost,1.50
combined_micro_shift,oracle_shift_aware_scheduler,3,0.84375,0.84194,0.82500,0.00000,0.00000,0.18750,0.53125,0.00000,1.21078,0.00000,0.27213,0.17785,0.14206,0.81424,160,probe_cost,1.50
combined_micro_shift,oracle_shift_aware_scheduler,4,0.80625,0.80000,0.80000,0.00625,0.00000,0.18750,0.52500,0.00000,1.21419,0.00000,0.29287,0.17740,0.14205,0.77076,160,probe_cost,1.50
combined_micro_shift,oracle_shift_aware_scheduler,5,0.78750,0.78387,0.77500,0.00625,0.00000,0.18750,0.55625,0.00000,1.22372,0.00000,0.30728,0.17858,0.14088,0.75068,160,probe_cost,1.50
combined_micro_shift,oracle_shift_aware_scheduler,6,0.87500,0.87742,0.87500,0.00000,0.00000,0.19375,0.55000,0.00000,1.21812,0.00000,0.25415,0.18144,0.14320,0.84446,160,probe_cost,1.50
combined_micro_shift,oracle_shift_aware_scheduler,7,0.85000,0.84516,0.87500,0.00000,0.00000,0.18750,0.55000,0.00000,1.21650,0.00000,0.26574,0.17791,0.14244,0.81969,160,probe_cost,1.50
combined_micro_shift,oracle_shift_aware_scheduler,8,0.86875,0.86452,0.87500,0.00000,0.00000,0.19375,0.53750,0.00000,1.21431,0.00000,0.25400,0.17802,0.14403,0.83875,160,probe_cost,1.50
combined_micro_shift,oracle_shift_aware_scheduler,9,0.86250,0.86774,0.87500,0.00000,0.00000,0.19375,0.53125,0.00000,1.21241,0.00000,0.26662,0.18329,0.14540,0.83276,160,probe_cost,1.50
combined_micro_shift,domain_randomized_clone,0,0.62500,0.62258,0.42500,0.04375,0.38125,0.00000,0.00000,0.00000,1.03719,0.34270,0.41251,0.20662,0.32623,0.45167,160,combined,0.00
combined_micro_shift,domain_randomized_clone,1,0.59375,0.58710,0.37500,0.04375,0.38750,0.00000,0.00000,0.00000,1.03719,0.33386,0.42478,0.20383,0.32514,0.41829,160,combined,0.00
combined_micro_shift,domain_randomized_clone,2,0.66250,0.66452,0.55000,0.03750,0.41250,0.00000,0.00000,0.00000,1.03188,0.33568,0.41548,0.20611,0.32654,0.48479,160,combined,0.00
combined_micro_shift,domain_randomized_clone,3,0.55000,0.54839,0.32500,0.06875,0.41250,0.00000,0.00000,0.00000,1.05844,0.33904,0.43762,0.20623,0.32609,0.34107,160,combined,0.00
combined_micro_shift,domain_randomized_clone,4,0.60625,0.60645,0.50000,0.02500,0.40000,0.00000,0.00000,0.00000,1.02125,0.33917,0.44372,0.20558,0.32543,0.44527,160,combined,0.00
combined_micro_shift,domain_randomized_clone,5,0.55000,0.55161,0.32500,0.06250,0.36875,0.00000,0.00000,0.00000,1.05313,0.32582,0.43718,0.20415,0.32423,0.36219,160,combined,0.00
combined_micro_shift,domain_randomized_clone,6,0.62500,0.62903,0.47500,0.04375,0.36250,0.00000,0.00000,0.00000,1.03719,0.33775,0.43471,0.20412,0.32377,0.45804,160,combined,0.00
combined_micro_shift,domain_randomized_clone,7,0.63125,0.63871,0.47500,0.03750,0.36250,0.00000,0.00000,0.00000,1.03188,0.33666,0.42365,0.20397,0.32347,0.47054,160,combined,0.00
combined_micro_shift,domain_randomized_clone,8,0.56250,0.56774,0.27500,0.03750,0.35625,0.00000,0.00000,0.00000,1.03187,0.33332,0.44138,0.20412,0.32432,0.40391,160,combined,0.00
combined_micro_shift,domain_randomized_clone,9,0.61875,0.61613,0.55000,0.08125,0.38125,0.00000,0.00000,0.00000,1.06906,0.34756,0.43513,0.20731,0.32612,0.40796,160,combined,0.00
combined_micro_shift,conformal_risk_gate,0,0.80000,0.80645,0.75000,0.00000,0.00000,0.09375,0.50625,0.00000,1.04716,0.03273,0.31825,0.21321,0.14694,0.79340,160,combined,0.00
combined_micro_shift,conformal_risk_gate,1,0.85000,0.84516,0.92500,0.00625,0.00000,0.10000,0.46250,0.00000,1.05212,0.03336,0.28723,0.20995,0.14493,0.83720,160,combined,0.00
combined_micro_shift,conformal_risk_gate,2,0.77500,0.77097,0.82500,0.01250,0.00000,0.10000,0.47500,0.00000,1.05800,0.03147,0.32298,0.21178,0.14541,0.75588,160,combined,0.00
combined_micro_shift,conformal_risk_gate,3,0.74375,0.73548,0.82500,0.00000,0.00000,0.09375,0.48750,0.00000,1.04631,0.03315,0.34841,0.21226,0.14566,0.73727,160,combined,0.00
combined_micro_shift,conformal_risk_gate,4,0.78750,0.78387,0.82500,0.00000,0.00000,0.10000,0.48125,0.00000,1.04766,0.03623,0.32089,0.21279,0.14735,0.78083,160,combined,0.00
combined_micro_shift,conformal_risk_gate,5,0.79375,0.79355,0.82500,0.00000,0.00000,0.10000,0.49375,0.00000,1.04822,0.02483,0.31662,0.21264,0.14876,0.78700,160,combined,0.00
combined_micro_shift,conformal_risk_gate,6,0.80000,0.79355,0.80000,0.00625,0.00000,0.10000,0.49375,0.00000,1.05353,0.02642,0.30997,0.21247,0.14804,0.78701,160,combined,0.00
combined_micro_shift,conformal_risk_gate,7,0.80625,0.80645,0.70000,0.00000,0.00000,0.10000,0.50625,0.00000,1.04878,0.02838,0.31413,0.21464,0.15238,0.79942,160,combined,0.00
combined_micro_shift,conformal_risk_gate,8,0.85000,0.85161,0.82500,0.00000,0.00000,0.09375,0.50625,0.00000,1.04716,0.02742,0.28712,0.21289,0.14944,0.84340,160,combined,0.00
combined_micro_shift,conformal_risk_gate,9,0.81875,0.81935,0.75000,0.00000,0.00000,0.10000,0.45625,0.00000,1.04653,0.03484,0.30486,0.21326,0.14556,0.81224,160,combined,0.00
combined_micro_shift,ensemble_uncertainty_gate,0,0.83125,0.83226,0.90000,0.00625,0.00000,0.09375,0.51875,0.00000,1.05303,0.05448,0.29707,0.18836,0.15198,0.81833,160,combined,0.00
combined_micro_shift,ensemble_uncertainty_gate,1,0.80000,0.80323,0.72500,0.00000,0.00000,0.10000,0.50625,0.00000,1.04878,0.05671,0.31834,0.18532,0.15042,0.79317,160,combined,0.00
combined_micro_shift,ensemble_uncertainty_gate,2,0.79375,0.78710,0.75000,0.00000,0.00000,0.09375,0.51875,0.00000,1.04772,0.05437,0.31443,0.18685,0.15032,0.78707,160,combined,0.00
combined_micro_shift,ensemble_uncertainty_gate,3,0.78750,0.78387,0.77500,0.00000,0.00000,0.08750,0.50625,0.00000,1.04553,0.05445,0.31940,0.18556,0.14708,0.78113,160,combined,0.00
combined_micro_shift,ensemble_uncertainty_gate,4,0.76875,0.76452,0.85000,0.00000,0.00000,0.09375,0.51875,0.00000,1.04772,0.05864,0.33581,0.18607,0.14869,0.76207,160,combined,0.00
combined_micro_shift,ensemble_uncertainty_gate,5,0.85000,0.85161,0.72500,0.00000,0.00000,0.09375,0.53125,0.00000,1.04828,0.05083,0.28319,0.18604,0.15033,0.84324,160,combined,0.00
combined_micro_shift,ensemble_uncertainty_gate,6,0.88125,0.87742,0.95000,0.00625,0.00000,0.08750,0.53125,0.00000,1.05197,0.05401,0.26868,0.18752,0.15284,0.86847,160,combined,0.00
combined_micro_shift,ensemble_uncertainty_gate,7,0.77500,0.77742,0.72500,0.00000,0.00000,0.09375,0.51875,0.00000,1.04772,0.05285,0.33135,0.18539,0.14861,0.76832,160,combined,0.00
combined_micro_shift,ensemble_uncertainty_gate,8,0.80000,0.80000,0.77500,0.00625,0.00000,0.09375,0.53125,0.00000,1.05359,0.05555,0.31258,0.18740,0.15319,0.78700,160,combined,0.00
combined_micro_shift,ensemble_uncertainty_gate,9,0.80000,0.79355,0.87500,0.00000,0.00000,0.08750,0.53750,0.00000,1.04694,0.05895,0.31665,0.18901,0.15183,0.79343,160,combined,0.00
combined_micro_shift,bayesian_skill_survival,0,0.83125,0.82581,0.82500,0.00000,0.00000,0.10000,0.54375,0.00000,1.05047,0.07628,0.29377,0.20128,0.14934,0.82418,160,combined,0.00
combined_micro_shift,bayesian_skill_survival,1,0.81875,0.82258,0.85000,0.00000,0.00000,0.10000,0.53750,0.00000,1.05019,0.07324,0.30499,0.19697,0.14523,0.81172,160,combined,0.00
combined_micro_shift,bayesian_skill_survival,2,0.77500,0.77097,0.82500,0.00625,0.00000,0.10000,0.52500,0.00000,1.05494,0.07622,0.32582,0.19831,0.14473,0.76181,160,combined,0.00
combined_micro_shift,bayesian_skill_survival,3,0.82500,0.82258,0.77500,0.00000,0.00000,0.10625,0.54375,0.00000,1.05209,0.07386,0.29262,0.19758,0.14258,0.81771,160,combined,0.00
combined_micro_shift,bayesian_skill_survival,4,0.81875,0.81613,0.85000,0.00000,0.00000,0.10000,0.54375,0.00000,1.05047,0.07807,0.29537,0.19974,0.14755,0.81168,160,combined,0.00
combined_micro_shift,bayesian_skill_survival,5,0.89375,0.89032,0.90000,0.00000,0.00000,0.10000,0.55000,0.00000,1.05075,0.07754,0.25676,0.19865,0.14702,0.88665,160,combined,0.00
combined_micro_shift,bayesian_skill_survival,6,0.80000,0.79677,0.75000,0.00000,0.00000,0.10000,0.53750,0.00000,1.05019,0.07522,0.31550,0.19993,0.14914,0.79297,160,combined,0.00
combined_micro_shift,bayesian_skill_survival,7,0.83750,0.83871,0.87500,0.00000,0.00000,0.10000,0.54375,0.00000,1.05047,0.07821,0.29203,0.19935,0.14802,0.83043,160,combined,0.00
combined_micro_shift,bayesian_skill_survival,8,0.81875,0.81290,0.82500,0.00000,0.00000,0.10000,0.55000,0.00000,1.05075,0.07292,0.29478,0.19836,0.14662,0.81164,160,combined,0.00
combined_micro_shift,bayesian_skill_survival,9,0.85000,0.84839,0.77500,0.00000,0.00000,0.10625,0.53750,0.00000,1.05181,0.07565,0.28284,0.20070,0.14668,0.84275,160,combined,0.00
combined_micro_shift,cvar_lifetime_guard,0,0.81875,0.81613,0.77500,0.00000,0.00000,0.13750,0.48750,0.00000,1.05769,0.05457,0.30680,0.25452,0.12031,0.81067,160,combined,0.00
combined_micro_shift,cvar_lifetime_guard,1,0.78125,0.78387,0.80000,0.00625,0.00000,0.13125,0.48125,0.00000,1.06109,0.04859,0.32724,0.25205,0.11985,0.76720,160,combined,0.00
combined_micro_shift,cvar_lifetime_guard,2,0.85625,0.86129,0.82500,0.00000,0.00000,0.13750,0.50000,0.00000,1.05825,0.05173,0.27837,0.25418,0.12090,0.84809,160,combined,0.00
combined_micro_shift,cvar_lifetime_guard,3,0.78125,0.78387,0.85000,0.00000,0.00000,0.13750,0.52500,0.00000,1.05937,0.05660,0.32547,0.25567,0.12323,0.77294,160,combined,0.00
combined_micro_shift,cvar_lifetime_guard,4,0.80000,0.79677,0.72500,0.00000,0.00000,0.13750,0.48750,0.00000,1.05769,0.05794,0.31608,0.25392,0.12036,0.79192,160,combined,0.00
combined_micro_shift,cvar_lifetime_guard,5,0.74375,0.73871,0.75000,0.00625,0.00000,0.13750,0.51250,0.00000,1.06412,0.05597,0.34615,0.25488,0.12397,0.72927,160,combined,0.00
combined_micro_shift,cvar_lifetime_guard,6,0.86250,0.86129,0.92500,0.00000,0.00000,0.13750,0.53750,0.00000,1.05994,0.04995,0.27514,0.25402,0.12183,0.85411,160,combined,0.00
combined_micro_shift,cvar_lifetime_guard,7,0.82500,0.82258,0.87500,0.00000,0.00000,0.12500,0.52500,0.00000,1.05612,0.04960,0.29761,0.25423,0.12228,0.81714,160,combined,0.00
combined_micro_shift,cvar_lifetime_guard,8,0.81875,0.81935,0.72500,0.00625,0.00000,0.13750,0.51250,0.00000,1.06412,0.04669,0.29932,0.25415,0.12266,0.80427,160,combined,0.00
combined_micro_shift,cvar_lifetime_guard,9,0.83125,0.82903,0.82500,0.00000,0.00000,0.13750,0.51250,0.00000,1.05881,0.05838,0.29648,0.25509,0.11995,0.82302,160,combined,0.00
combined_micro_shift,skill_half_life_scheduler_v5,0,0.80000,0.80000,0.70000,0.00000,0.00000,0.09375,0.55625,0.00000,1.04941,0.06858,0.30522,0.19493,0.14860,0.79308,160,combined,0.00
combined_micro_shift,skill_half_life_scheduler_v5,1,0.82500,0.82581,0.90000,0.01250,0.00000,0.08125,0.53750,0.00000,1.05594,0.07121,0.29539,0.19235,0.14833,0.80617,160,combined,0.00
combined_micro_shift,skill_half_life_scheduler_v5,2,0.88125,0.88065,0.95000,0.00625,0.00000,0.09375,0.52500,0.00000,1.05331,0.05918,0.25392,0.19215,0.14449,0.86829,160,combined,0.00
combined_micro_shift,skill_half_life_scheduler_v5,3,0.83125,0.82903,0.87500,0.00625,0.00000,0.08750,0.53125,0.00000,1.05197,0.06363,0.28170,0.19156,0.14253,0.81847,160,combined,0.00
combined_micro_shift,skill_half_life_scheduler_v5,4,0.83750,0.83226,0.82500,0.00000,0.00000,0.09375,0.50625,0.00000,1.04716,0.06640,0.28260,0.19238,0.14481,0.83090,160,combined,0.00
combined_micro_shift,skill_half_life_scheduler_v5,5,0.81875,0.81613,0.75000,0.00000,0.00000,0.09375,0.53750,0.00000,1.04856,0.05501,0.29345,0.19265,0.14725,0.81195,160,combined,0.00
combined_micro_shift,skill_half_life_scheduler_v5,6,0.81250,0.80968,0.77500,0.00000,0.00000,0.10000,0.53125,0.00000,1.04991,0.06012,0.29728,0.19424,0.14988,0.80551,160,combined,0.00
combined_micro_shift,skill_half_life_scheduler_v5,7,0.84375,0.83871,0.87500,0.00000,0.00000,0.08750,0.55000,0.00000,1.04750,0.06229,0.28276,0.19334,0.14825,0.83710,160,combined,0.00
combined_micro_shift,skill_half_life_scheduler_v5,8,0.78750,0.79032,0.85000,0.00000,0.00000,0.08750,0.53750,0.00000,1.04694,0.06299,0.31322,0.19361,0.14937,0.78093,160,combined,0.00
combined_micro_shift,skill_half_life_scheduler_v5,9,0.83125,0.82903,0.75000,0.00000,0.00000,0.09375,0.53750,0.00000,1.04856,0.07118,0.29038,0.19376,0.14459,0.82445,160,combined,0.00
combined_micro_shift,oracle_shift_aware_scheduler,0,0.88125,0.88387,0.85000,0.00000,0.00000,0.10000,0.51250,0.00000,1.04906,0.00000,0.25539,0.10824,0.13609,0.87438,160,combined,0.00
combined_micro_shift,oracle_shift_aware_scheduler,1,0.84375,0.83871,0.92500,0.00625,0.00000,0.10000,0.51250,0.00000,1.05437,0.00000,0.26733,0.10592,0.13586,0.83064,160,combined,0.00
combined_micro_shift,oracle_shift_aware_scheduler,2,0.86250,0.86129,0.87500,0.00000,0.00000,0.10000,0.52500,0.00000,1.04963,0.00000,0.25832,0.10692,0.13602,0.85555,160,combined,0.00
combined_micro_shift,oracle_shift_aware_scheduler,3,0.84375,0.84194,0.85000,0.00625,0.00000,0.10625,0.51875,0.00000,1.05628,0.00000,0.26492,0.10692,0.13514,0.83037,160,combined,0.00
combined_micro_shift,oracle_shift_aware_scheduler,4,0.89375,0.89032,0.90000,0.00000,0.00000,0.10000,0.51250,0.00000,1.04906,0.00000,0.23945,0.10726,0.13597,0.88688,160,combined,0.00
combined_micro_shift,oracle_shift_aware_scheduler,5,0.84375,0.83871,0.87500,0.00000,0.00000,0.10000,0.49375,0.00000,1.04822,0.00000,0.26916,0.10505,0.13492,0.83700,160,combined,0.00
combined_micro_shift,oracle_shift_aware_scheduler,6,0.84375,0.84194,0.82500,0.00625,0.00000,0.10000,0.50625,0.00000,1.05409,0.00000,0.26852,0.10663,0.13630,0.83068,160,combined,0.00
combined_micro_shift,oracle_shift_aware_scheduler,7,0.87500,0.87742,0.92500,0.00625,0.00000,0.10000,0.51250,0.00000,1.05437,0.00000,0.24963,0.10657,0.13578,0.86189,160,combined,0.00
combined_micro_shift,oracle_shift_aware_scheduler,8,0.82500,0.82258,0.90000,0.00000,0.00000,0.10000,0.51250,0.00000,1.04906,0.00000,0.28109,0.10590,0.13536,0.81813,160,combined,0.00
combined_micro_shift,oracle_shift_aware_scheduler,9,0.82500,0.82258,0.85000,0.00000,0.00000,0.10625,0.51250,0.00000,1.05069,0.00000,0.29103,0.10941,0.13680,0.81790,160,combined,0.00
combined_micro_shift,domain_randomized_clone,0,0.60625,0.60968,0.42500,0.08125,0.46250,0.00000,0.00000,0.00000,1.06906,0.48053,0.42149,0.24658,0.35238,0.36783,160,combined,0.25
combined_micro_shift,domain_randomized_clone,1,0.54375,0.54839,0.30000,0.07500,0.47500,0.00000,0.00000,0.00000,1.06375,0.46003,0.43693,0.24551,0.35382,0.30732,160,combined,0.25
combined_micro_shift,domain_randomized_clone,2,0.64375,0.64194,0.32500,0.09375,0.50000,0.00000,0.00000,0.00000,1.07969,0.47968,0.40370,0.24856,0.35468,0.38009,160,combined,0.25
combined_micro_shift,domain_randomized_clone,3,0.60000,0.60323,0.50000,0.10625,0.48750,0.00000,0.00000,0.00000,1.09031,0.46322,0.43264,0.24759,0.35415,0.32811,160,combined,0.25
combined_micro_shift,domain_randomized_clone,4,0.58750,0.58387,0.25000,0.08125,0.50000,0.00000,0.00000,0.00000,1.06906,0.46209,0.41562,0.24403,0.35300,0.33633,160,combined,0.25
combined_micro_shift,domain_randomized_clone,5,0.56875,0.56774,0.35000,0.12500,0.48750,0.00000,0.00000,0.00000,1.10625,0.47405,0.43192,0.24319,0.35132,0.27813,160,combined,0.25
combined_micro_shift,domain_randomized_clone,6,0.58750,0.57742,0.42500,0.03125,0.46875,0.00000,0.00000,0.00000,1.02656,0.46612,0.44372,0.24319,0.35148,0.39691,160,combined,0.25
combined_micro_shift,domain_randomized_clone,7,0.55625,0.55484,0.30000,0.12500,0.46250,0.00000,0.00000,0.00000,1.10625,0.47508,0.43187,0.24646,0.35258,0.27413,160,combined,0.25
combined_micro_shift,domain_randomized_clone,8,0.66250,0.66129,0.52500,0.07500,0.45625,0.00000,0.00000,0.00000,1.06375,0.47751,0.41597,0.24397,0.35177,0.43245,160,combined,0.25
combined_micro_shift,domain_randomized_clone,9,0.61250,0.61290,0.32500,0.11875,0.46875,0.00000,0.00000,0.00000,1.10094,0.47652,0.40571,0.24792,0.35384,0.33449,160,combined,0.25
combined_micro_shift,conformal_risk_gate,0,0.83750,0.83871,0.80000,0.00000,0.00000,0.12500,0.48750,0.00000,1.07028,0.06002,0.29724,0.24900,0.14829,0.82766,160,combined,0.25
combined_micro_shift,conformal_risk_gate,1,0.79375,0.79032,0.82500,0.00000,0.00000,0.13125,0.49375,0.00000,1.07239,0.05019,0.31829,0.24766,0.14919,0.78362,160,combined,0.25
combined_micro_shift,conformal_risk_gate,2,0.81250,0.81290,0.80000,0.00625,0.00000,0.12500,0.51250,0.00000,1.07753,0.06811,0.31587,0.25201,0.15271,0.79615,160,combined,0.25
combined_micro_shift,conformal_risk_gate,3,0.78750,0.79355,0.72500,0.00000,0.00000,0.12500,0.50000,0.00000,1.07125,0.06353,0.32517,0.24964,0.14933,0.77753,160,combined,0.25
combined_micro_shift,conformal_risk_gate,4,0.78125,0.78065,0.85000,0.00000,0.00000,0.11875,0.50000,0.00000,1.06962,0.05577,0.33364,0.24826,0.15253,0.77150,160,combined,0.25
combined_micro_shift,conformal_risk_gate,5,0.82500,0.82581,0.80000,0.01250,0.00000,0.11875,0.50000,0.00000,1.08025,0.05423,0.30039,0.24722,0.15051,0.80276,160,combined,0.25
combined_micro_shift,conformal_risk_gate,6,0.81250,0.80645,0.80000,0.00000,0.00000,0.12500,0.48750,0.00000,1.07028,0.05609,0.30921,0.24670,0.14957,0.80266,160,combined,0.25
combined_micro_shift,conformal_risk_gate,7,0.83125,0.82581,0.87500,0.00000,0.00000,0.12500,0.48750,0.00000,1.07028,0.05911,0.30157,0.24924,0.14927,0.82141,160,combined,0.25
combined_micro_shift,conformal_risk_gate,8,0.76875,0.76452,0.72500,0.00000,0.00000,0.12500,0.50625,0.00000,1.07173,0.05635,0.33171,0.24799,0.15094,0.75871,160,combined,0.25
combined_micro_shift,conformal_risk_gate,9,0.85000,0.85161,0.82500,0.00000,0.00000,0.12500,0.48750,0.00000,1.07028,0.06161,0.29050,0.24970,0.14851,0.84016,160,combined,0.25
combined_micro_shift,ensemble_uncertainty_gate,0,0.81875,0.81290,0.75000,0.00000,0.00000,0.12500,0.51875,0.00000,1.07270,0.07531,0.29978,0.22161,0.15153,0.80857,160,combined,0.25
combined_micro_shift,ensemble_uncertainty_gate,1,0.80000,0.80323,0.80000,0.00000,0.00000,0.12500,0.54375,0.00000,1.07464,0.06500,0.31694,0.21968,0.15122,0.78955,160,combined,0.25
combined_micro_shift,ensemble_uncertainty_gate,2,0.83125,0.83226,0.82500,0.00000,0.00000,0.12500,0.55000,0.00000,1.07512,0.08351,0.29649,0.22454,0.15576,0.82073,160,combined,0.25
combined_micro_shift,ensemble_uncertainty_gate,3,0.85000,0.84839,0.97500,0.00625,0.00000,0.12500,0.54375,0.00000,1.07995,0.07507,0.28914,0.22170,0.15147,0.83331,160,combined,0.25
combined_micro_shift,ensemble_uncertainty_gate,4,0.85625,0.85484,0.90000,0.00625,0.00000,0.12500,0.51250,0.00000,1.07753,0.06906,0.28574,0.21938,0.15280,0.83990,160,combined,0.25
combined_micro_shift,ensemble_uncertainty_gate,5,0.82500,0.82581,0.80000,0.00000,0.00000,0.11875,0.51875,0.00000,1.07108,0.06923,0.30192,0.21905,0.15214,0.81505,160,combined,0.25
combined_micro_shift,ensemble_uncertainty_gate,6,0.78750,0.78387,0.82500,0.00625,0.00000,0.12500,0.52500,0.00000,1.07850,0.08027,0.31294,0.21912,0.15241,0.77101,160,combined,0.25
combined_micro_shift,ensemble_uncertainty_gate,7,0.75625,0.75161,0.82500,0.00000,0.00000,0.12500,0.53125,0.00000,1.07367,0.07617,0.34059,0.22230,0.15333,0.74594,160,combined,0.25
combined_micro_shift,ensemble_uncertainty_gate,8,0.77500,0.77419,0.70000,0.00625,0.00000,0.11250,0.53750,0.00000,1.07622,0.07194,0.32957,0.22000,0.15296,0.75883,160,combined,0.25
combined_micro_shift,ensemble_uncertainty_gate,9,0.85625,0.85484,0.87500,0.00000,0.00000,0.11875,0.55625,0.00000,1.07398,0.08360,0.28272,0.22528,0.15769,0.84589,160,combined,0.25
combined_micro_shift,bayesian_skill_survival,0,0.83750,0.83226,0.95000,0.00000,0.00000,0.13750,0.53750,0.00000,1.07741,0.11499,0.29506,0.23755,0.15236,0.82666,160,combined,0.25
combined_micro_shift,bayesian_skill_survival,1,0.86250,0.87097,0.85000,0.00000,0.00000,0.13750,0.52500,0.00000,1.07644,0.11275,0.27973,0.23354,0.14788,0.85180,160,combined,0.25
combined_micro_shift,bayesian_skill_survival,2,0.82500,0.82581,0.82500,0.00000,0.00000,0.13750,0.56250,0.00000,1.07934,0.11351,0.29707,0.23812,0.15184,0.81389,160,combined,0.25
combined_micro_shift,bayesian_skill_survival,3,0.78125,0.78065,0.80000,0.00000,0.00000,0.14375,0.51875,0.00000,1.07758,0.11847,0.32483,0.23656,0.15009,0.77039,160,combined,0.25
combined_micro_shift,bayesian_skill_survival,4,0.78750,0.78710,0.65000,0.00000,0.00000,0.13125,0.55000,0.00000,1.07675,0.11401,0.31436,0.23357,0.15010,0.77675,160,combined,0.25
combined_micro_shift,bayesian_skill_survival,5,0.83125,0.83226,0.87500,0.00000,0.00000,0.13125,0.55000,0.00000,1.07675,0.10490,0.29554,0.23502,0.15300,0.82051,160,combined,0.25
combined_micro_shift,bayesian_skill_survival,6,0.75625,0.75484,0.72500,0.00000,0.00000,0.13750,0.53125,0.00000,1.07692,0.11241,0.33347,0.23274,0.14858,0.74548,160,combined,0.25
combined_micro_shift,bayesian_skill_survival,7,0.82500,0.82258,0.72500,0.00000,0.00000,0.13750,0.54375,0.00000,1.07789,0.11568,0.29496,0.23681,0.15129,0.81410,160,combined,0.25
combined_micro_shift,bayesian_skill_survival,8,0.84375,0.83871,0.95000,0.00000,0.00000,0.13750,0.55625,0.00000,1.07886,0.10761,0.29043,0.23647,0.15472,0.83271,160,combined,0.25
combined_micro_shift,bayesian_skill_survival,9,0.80000,0.80000,0.70000,0.01250,0.00000,0.15000,0.53125,0.00000,1.09080,0.11433,0.30705,0.23604,0.14810,0.77629,160,combined,0.25
combined_micro_shift,cvar_lifetime_guard,0,0.81250,0.80968,0.90000,0.00000,0.00000,0.19375,0.70625,0.00000,1.10511,0.07927,0.30211,0.29197,0.11914,0.79778,160,combined,0.25
combined_micro_shift,cvar_lifetime_guard,1,0.81250,0.81290,0.85000,0.00000,0.00000,0.19375,0.66875,0.00000,1.10220,0.07909,0.30623,0.29093,0.12064,0.79819,160,combined,0.25
combined_micro_shift,cvar_lifetime_guard,2,0.77500,0.77097,0.75000,0.00000,0.00000,0.19375,0.69375,0.00000,1.10414,0.09054,0.32519,0.29264,0.11887,0.76042,160,combined,0.25
combined_micro_shift,cvar_lifetime_guard,3,0.80000,0.80000,0.72500,0.00000,0.00000,0.17500,0.71250,0.00000,1.10072,0.09469,0.31045,0.29201,0.11897,0.78590,160,combined,0.25
combined_micro_shift,cvar_lifetime_guard,4,0.80625,0.80000,0.82500,0.00000,0.00000,0.18750,0.71250,0.00000,1.10397,0.08905,0.30830,0.28995,0.12081,0.79169,160,combined,0.25
combined_micro_shift,cvar_lifetime_guard,5,0.84375,0.84516,0.82500,0.00625,0.00000,0.17500,0.72500,0.00000,1.10700,0.07758,0.28755,0.29051,0.12195,0.82327,160,combined,0.25
combined_micro_shift,cvar_lifetime_guard,6,0.80625,0.80000,0.77500,0.00000,0.00000,0.18125,0.72500,0.00000,1.10331,0.08665,0.30955,0.29012,0.12134,0.79179,160,combined,0.25
combined_micro_shift,cvar_lifetime_guard,7,0.85000,0.85161,0.87500,0.01250,0.00000,0.17500,0.71875,0.00000,1.11183,0.08709,0.28310,0.29331,0.12229,0.82334,160,combined,0.25
combined_micro_shift,cvar_lifetime_guard,8,0.80000,0.80000,0.70000,0.00000,0.00000,0.18750,0.70625,0.00000,1.10348,0.07615,0.31391,0.29085,0.12154,0.78551,160,combined,0.25
combined_micro_shift,cvar_lifetime_guard,9,0.81250,0.80968,0.85000,0.00000,0.00000,0.21250,0.68750,0.00000,1.10853,0.08402,0.30307,0.29258,0.11916,0.79731,160,combined,0.25
combined_micro_shift,skill_half_life_scheduler_v5,0,0.81250,0.80968,0.85000,0.00000,0.00000,0.12500,0.51875,0.00000,1.07270,0.09744,0.30144,0.22885,0.14634,0.80232,160,combined,0.25
combined_micro_shift,skill_half_life_scheduler_v5,1,0.77500,0.77097,0.70000,0.01250,0.00000,0.11250,0.55625,0.00000,1.08298,0.09120,0.31690,0.22856,0.15004,0.75238,160,combined,0.25
combined_micro_shift,skill_half_life_scheduler_v5,2,0.89375,0.89677,0.85000,0.00000,0.00000,0.11250,0.56875,0.00000,1.07333,0.09537,0.25310,0.23091,0.14899,0.88348,160,combined,0.25
combined_micro_shift,skill_half_life_scheduler_v5,3,0.78125,0.77742,0.75000,0.00625,0.00000,0.11250,0.56875,0.00000,1.07864,0.09140,0.31500,0.23002,0.14891,0.76474,160,combined,0.25
combined_micro_shift,skill_half_life_scheduler_v5,4,0.87500,0.87097,0.80000,0.00000,0.00000,0.11250,0.54375,0.00000,1.07139,0.08621,0.26194,0.22590,0.14719,0.86501,160,combined,0.25
combined_micro_shift,skill_half_life_scheduler_v5,5,0.81250,0.82258,0.82500,0.00000,0.00000,0.11250,0.54375,0.00000,1.07139,0.09505,0.29612,0.22538,0.14592,0.80251,160,combined,0.25
combined_micro_shift,skill_half_life_scheduler_v5,6,0.80625,0.80968,0.75000,0.00000,0.00000,0.11875,0.52500,0.00000,1.07156,0.08845,0.30374,0.22544,0.14652,0.79623,160,combined,0.25
combined_micro_shift,skill_half_life_scheduler_v5,7,0.85625,0.85484,0.77500,0.00000,0.00000,0.11250,0.54375,0.00000,1.07139,0.09319,0.27269,0.22927,0.14817,0.84626,160,combined,0.25
combined_micro_shift,skill_half_life_scheduler_v5,8,0.91250,0.91290,0.95000,0.00625,0.00000,0.11250,0.55000,0.00000,1.07719,0.09153,0.23572,0.22588,0.14585,0.89619,160,combined,0.25
combined_micro_shift,skill_half_life_scheduler_v5,9,0.82500,0.81935,0.77500,0.00000,0.00000,0.11875,0.55625,0.00000,1.07398,0.09170,0.28925,0.23112,0.14976,0.81464,160,combined,0.25
combined_micro_shift,oracle_shift_aware_scheduler,0,0.92500,0.92903,0.87500,0.00000,0.00000,0.14375,0.50000,0.00000,1.07612,0.00000,0.22018,0.13592,0.14075,0.91434,160,combined,0.25
combined_micro_shift,oracle_shift_aware_scheduler,1,0.84375,0.84194,0.87500,0.00000,0.00000,0.13750,0.50625,0.00000,1.07498,0.00000,0.26812,0.13221,0.13811,0.83325,160,combined,0.25
combined_micro_shift,oracle_shift_aware_scheduler,2,0.87500,0.87419,0.87500,0.00000,0.00000,0.14375,0.51875,0.00000,1.07758,0.00000,0.25204,0.13536,0.13685,0.86414,160,combined,0.25
combined_micro_shift,oracle_shift_aware_scheduler,3,0.81875,0.81613,0.80000,0.00000,0.00000,0.13125,0.51875,0.00000,1.07433,0.00000,0.28701,0.13377,0.13857,0.80834,160,combined,0.25
combined_micro_shift,oracle_shift_aware_scheduler,4,0.83125,0.82581,0.85000,0.00000,0.00000,0.13125,0.50625,0.00000,1.07336,0.00000,0.27728,0.13084,0.13721,0.82098,160,combined,0.25
combined_micro_shift,oracle_shift_aware_scheduler,5,0.81875,0.81290,0.85000,0.00000,0.00000,0.13125,0.52500,0.00000,1.07481,0.00000,0.28606,0.13290,0.13875,0.80828,160,combined,0.25
combined_micro_shift,oracle_shift_aware_scheduler,6,0.78125,0.78710,0.77500,0.00000,0.00000,0.13750,0.51250,0.00000,1.07547,0.00000,0.31217,0.13179,0.13782,0.77068,160,combined,0.25
combined_micro_shift,oracle_shift_aware_scheduler,7,0.83750,0.83548,0.90000,0.00000,0.00000,0.13750,0.50000,0.00000,1.07450,0.00000,0.27073,0.13457,0.13893,0.82707,160,combined,0.25
combined_micro_shift,oracle_shift_aware_scheduler,8,0.79375,0.79355,0.77500,0.00000,0.00000,0.14375,0.49375,0.00000,1.07564,0.00000,0.29969,0.13377,0.13926,0.78316,160,combined,0.25
combined_micro_shift,oracle_shift_aware_scheduler,9,0.86250,0.86774,0.85000,0.00625,0.00000,0.13750,0.51250,0.00000,1.08078,0.00000,0.25686,0.13602,0.13905,0.84569,160,combined,0.25
combined_micro_shift,domain_randomized_clone,0,0.49375,0.49677,0.15000,0.17500,0.53125,0.00000,0.00000,0.00000,1.14875,0.59010,0.43095,0.28311,0.37721,0.13830,160,combined,0.50
combined_micro_shift,domain_randomized_clone,1,0.55625,0.55161,0.40000,0.15625,0.55000,0.00000,0.00000,0.00000,1.13281,0.59388,0.43931,0.28863,0.38072,0.21316,160,combined,0.50
combined_micro_shift,domain_randomized_clone,2,0.54375,0.54194,0.30000,0.14375,0.53750,0.00000,0.00000,0.00000,1.12219,0.56310,0.43351,0.28412,0.38059,0.21739,160,combined,0.50
combined_micro_shift,domain_randomized_clone,3,0.52500,0.52581,0.22500,0.13750,0.54375,0.00000,0.00000,0.00000,1.11687,0.58517,0.41365,0.28553,0.37953,0.20276,160,combined,0.50
combined_micro_shift,domain_randomized_clone,4,0.53125,0.52903,0.27500,0.19375,0.54375,0.00000,0.00000,0.00000,1.16469,0.56218,0.42597,0.28639,0.38005,0.15282,160,combined,0.50
combined_micro_shift,domain_randomized_clone,5,0.45000,0.43871,0.27500,0.13750,0.54375,0.00000,0.00000,0.00000,1.11687,0.58792,0.45957,0.28203,0.37718,0.12776,160,combined,0.50
combined_micro_shift,domain_randomized_clone,6,0.53125,0.52903,0.25000,0.17500,0.53750,0.00000,0.00000,0.00000,1.14875,0.58854,0.43547,0.28515,0.37805,0.17367,160,combined,0.50
combined_micro_shift,domain_randomized_clone,7,0.53750,0.54194,0.15000,0.19375,0.52500,0.00000,0.00000,0.00000,1.16469,0.58938,0.41845,0.28677,0.37849,0.16544,160,combined,0.50
combined_micro_shift,domain_randomized_clone,8,0.47500,0.47097,0.20000,0.23125,0.53750,0.00000,0.00000,0.00000,1.19656,0.58539,0.43226,0.28716,0.37931,0.06123,160,combined,0.50
combined_micro_shift,domain_randomized_clone,9,0.48125,0.48387,0.22500,0.18125,0.53750,0.00000,0.00000,0.00000,1.15406,0.58456,0.44315,0.28703,0.37923,0.11743,160,combined,0.50
combined_micro_shift,conformal_risk_gate,0,0.83125,0.83226,0.82500,0.00625,0.00000,0.15000,0.49375,0.00000,1.09862,0.07668,0.29623,0.28159,0.14885,0.81194,160,combined,0.50
combined_micro_shift,conformal_risk_gate,1,0.78125,0.78387,0.75000,0.00000,0.00000,0.15000,0.51250,0.00000,1.09537,0.08073,0.32795,0.28659,0.15138,0.76790,160,combined,0.50
combined_micro_shift,conformal_risk_gate,2,0.81875,0.81613,0.95000,0.00000,0.00000,0.14375,0.49375,0.00000,1.09169,0.07099,0.30690,0.28382,0.15471,0.80591,160,combined,0.50
combined_micro_shift,conformal_risk_gate,3,0.80000,0.79677,0.70000,0.00000,0.00000,0.13750,0.52500,0.00000,1.09350,0.08259,0.31574,0.28557,0.15437,0.78691,160,combined,0.50
combined_micro_shift,conformal_risk_gate,4,0.83125,0.83548,0.80000,0.00625,0.00000,0.14375,0.52500,0.00000,1.10044,0.07689,0.29877,0.28584,0.15366,0.81169,160,combined,0.50
combined_micro_shift,conformal_risk_gate,5,0.82500,0.82581,0.72500,0.00625,0.00000,0.15000,0.48125,0.00000,1.09725,0.08022,0.29948,0.28097,0.14980,0.80588,160,combined,0.50
combined_micro_shift,conformal_risk_gate,6,0.76250,0.76774,0.72500,0.00625,0.00000,0.15000,0.53125,0.00000,1.10275,0.07673,0.34099,0.28435,0.15117,0.74262,160,combined,0.50
combined_micro_shift,conformal_risk_gate,7,0.80000,0.80000,0.87500,0.00000,0.00000,0.15625,0.49375,0.00000,1.09494,0.08169,0.32316,0.28531,0.15025,0.78671,160,combined,0.50
combined_micro_shift,conformal_risk_gate,8,0.79375,0.79355,0.77500,0.00625,0.00000,0.15625,0.48750,0.00000,1.09956,0.07945,0.31817,0.28651,0.15271,0.77431,160,combined,0.50
combined_micro_shift,conformal_risk_gate,9,0.80000,0.79355,0.77500,0.00000,0.00000,0.15000,0.49375,0.00000,1.09331,0.07694,0.32178,0.28687,0.15361,0.78694,160,combined,0.50
combined_micro_shift,ensemble_uncertainty_gate,0,0.82500,0.82903,0.85000,0.00625,0.00000,0.14375,0.53750,0.00000,1.10181,0.09123,0.30025,0.25342,0.15377,0.80525,160,combined,0.50
combined_micro_shift,ensemble_uncertainty_gate,1,0.81875,0.81290,0.75000,0.01250,0.00000,0.14375,0.55000,0.00000,1.10850,0.08850,0.29994,0.25763,0.15469,0.79256,160,combined,0.50
combined_micro_shift,ensemble_uncertainty_gate,2,0.81250,0.80645,0.82500,0.00000,0.00000,0.14375,0.51875,0.00000,1.09444,0.08979,0.30514,0.25243,0.15315,0.79928,160,combined,0.50
combined_micro_shift,ensemble_uncertainty_gate,3,0.76250,0.75806,0.80000,0.00625,0.00000,0.13125,0.55625,0.00000,1.10062,0.08198,0.33444,0.25527,0.15500,0.74291,160,combined,0.50
combined_micro_shift,ensemble_uncertainty_gate,4,0.81250,0.81613,0.77500,0.00625,0.00000,0.15000,0.51250,0.00000,1.10069,0.08900,0.30443,0.25563,0.15447,0.79290,160,combined,0.50
combined_micro_shift,ensemble_uncertainty_gate,5,0.76875,0.76129,0.82500,0.00000,0.00000,0.15000,0.50625,0.00000,1.09469,0.08414,0.33384,0.25138,0.15184,0.75549,160,combined,0.50
combined_micro_shift,ensemble_uncertainty_gate,6,0.77500,0.77742,0.70000,0.00000,0.00000,0.14375,0.55625,0.00000,1.09856,0.08372,0.33384,0.25547,0.15469,0.76120,160,combined,0.50
combined_micro_shift,ensemble_uncertainty_gate,7,0.81250,0.80968,0.85000,0.00625,0.00000,0.14375,0.55000,0.00000,1.10319,0.09542,0.30716,0.25588,0.15264,0.79255,160,combined,0.50
combined_micro_shift,ensemble_uncertainty_gate,8,0.81875,0.81613,0.85000,0.00625,0.00000,0.14375,0.56875,0.00000,1.10525,0.08600,0.30642,0.25757,0.15605,0.79851,160,combined,0.50
combined_micro_shift,ensemble_uncertainty_gate,9,0.81250,0.80968,0.72500,0.01250,0.00000,0.15000,0.53125,0.00000,1.10806,0.09183,0.30980,0.25658,0.15430,0.78637,160,combined,0.50
combined_micro_shift,bayesian_skill_survival,0,0.81875,0.81613,0.82500,0.00000,0.00000,0.17500,0.55625,0.00000,1.10669,0.13329,0.30030,0.26910,0.15148,0.80381,160,combined,0.50
combined_micro_shift,bayesian_skill_survival,1,0.83125,0.83548,0.90000,0.00000,0.00000,0.18125,0.58125,0.00000,1.11106,0.14244,0.29853,0.27688,0.15946,0.81570,160,combined,0.50
combined_micro_shift,bayesian_skill_survival,2,0.80000,0.79355,0.85000,0.00000,0.00000,0.18125,0.58125,0.00000,1.11106,0.14762,0.30815,0.26965,0.15390,0.78445,160,combined,0.50
combined_micro_shift,bayesian_skill_survival,3,0.79375,0.79355,0.72500,0.00000,0.00000,0.17500,0.53750,0.00000,1.10462,0.13875,0.31787,0.27078,0.15230,0.77910,160,combined,0.50
combined_micro_shift,bayesian_skill_survival,4,0.82500,0.82258,0.70000,0.00000,0.00000,0.17500,0.58125,0.00000,1.10944,0.15435,0.29908,0.27248,0.15445,0.80968,160,combined,0.50
combined_micro_shift,bayesian_skill_survival,5,0.81875,0.81613,0.82500,0.00000,0.00000,0.17500,0.53750,0.00000,1.10462,0.13908,0.29843,0.26956,0.15450,0.80410,160,combined,0.50
combined_micro_shift,bayesian_skill_survival,6,0.81250,0.81290,0.87500,0.00000,0.00000,0.18125,0.56250,0.00000,1.10900,0.14289,0.30611,0.27281,0.15566,0.79724,160,combined,0.50
combined_micro_shift,bayesian_skill_survival,7,0.82500,0.81935,0.75000,0.00000,0.00000,0.18125,0.55625,0.00000,1.10831,0.14167,0.29825,0.27276,0.15268,0.80984,160,combined,0.50
combined_micro_shift,bayesian_skill_survival,8,0.83750,0.83548,0.85000,0.00000,0.00000,0.18750,0.54375,0.00000,1.10856,0.14403,0.28762,0.27517,0.15761,0.82230,160,combined,0.50
combined_micro_shift,bayesian_skill_survival,9,0.84375,0.83871,0.82500,0.00000,0.00000,0.17500,0.57500,0.00000,1.10875,0.14163,0.28619,0.27314,0.15373,0.82852,160,combined,0.50
combined_micro_shift,cvar_lifetime_guard,0,0.81250,0.81290,0.82500,0.00000,0.00000,0.31875,0.65000,0.00000,1.15437,0.09061,0.29530,0.32067,0.10598,0.79089,160,combined,0.50
combined_micro_shift,cvar_lifetime_guard,1,0.86875,0.86774,0.87500,0.00000,0.00000,0.36250,0.59375,0.00000,1.15956,0.10815,0.25844,0.32312,0.10332,0.84641,160,combined,0.50
combined_micro_shift,cvar_lifetime_guard,2,0.86250,0.86129,0.77500,0.00000,0.00000,0.35625,0.59375,0.00000,1.15794,0.10927,0.26005,0.31868,0.10330,0.84039,160,combined,0.50
combined_micro_shift,cvar_lifetime_guard,3,0.76250,0.76452,0.75000,0.00000,0.00000,0.34375,0.61875,0.00000,1.15744,0.11407,0.32941,0.32264,0.10736,0.74046,160,combined,0.50
combined_micro_shift,cvar_lifetime_guard,4,0.85625,0.85484,0.80000,0.00000,0.00000,0.32500,0.63750,0.00000,1.15462,0.11533,0.27038,0.32146,0.10381,0.83460,160,combined,0.50
combined_micro_shift,cvar_lifetime_guard,5,0.84375,0.84194,0.85000,0.01250,0.00000,0.30625,0.66250,0.00000,1.16312,0.10834,0.27531,0.32052,0.10788,0.80991,160,combined,0.50
combined_micro_shift,cvar_lifetime_guard,6,0.83750,0.83226,0.85000,0.00000,0.00000,0.30625,0.64375,0.00000,1.15044,0.10353,0.27938,0.32299,0.10744,0.81644,160,combined,0.50
combined_micro_shift,cvar_lifetime_guard,7,0.82500,0.82581,0.80000,0.00000,0.00000,0.31875,0.66250,0.00000,1.15575,0.10247,0.28868,0.32403,0.10665,0.80319,160,combined,0.50
combined_micro_shift,cvar_lifetime_guard,8,0.77500,0.77742,0.72500,0.00000,0.00000,0.33750,0.61875,0.00000,1.15581,0.11043,0.31826,0.32258,0.10376,0.75319,160,combined,0.50
combined_micro_shift,cvar_lifetime_guard,9,0.85625,0.85484,0.82500,0.00000,0.00000,0.33750,0.63750,0.00000,1.15787,0.10341,0.27018,0.32395,0.10675,0.83415,160,combined,0.50
combined_micro_shift,skill_half_life_scheduler_v5,0,0.75625,0.75484,0.67500,0.00000,0.00000,0.13750,0.53125,0.00000,1.09419,0.11943,0.33367,0.26142,0.14824,0.74306,160,combined,0.50
combined_micro_shift,skill_half_life_scheduler_v5,1,0.83125,0.82903,0.82500,0.00625,0.00000,0.13750,0.55000,0.00000,1.10156,0.11914,0.29217,0.26660,0.15048,0.81153,160,combined,0.50
combined_micro_shift,skill_half_life_scheduler_v5,2,0.81250,0.80645,0.82500,0.00625,0.00000,0.13750,0.51875,0.00000,1.09813,0.10310,0.29541,0.25975,0.14704,0.79326,160,combined,0.50
combined_micro_shift,skill_half_life_scheduler_v5,3,0.79375,0.79355,0.80000,0.00000,0.00000,0.13125,0.53750,0.00000,1.09325,0.11804,0.31411,0.26303,0.14886,0.78069,160,combined,0.50
combined_micro_shift,skill_half_life_scheduler_v5,4,0.80625,0.80645,0.72500,0.00000,0.00000,0.13750,0.53750,0.00000,1.09488,0.11679,0.30657,0.26286,0.14733,0.79297,160,combined,0.50
combined_micro_shift,skill_half_life_scheduler_v5,5,0.81875,0.82258,0.82500,0.01250,0.00000,0.13750,0.51250,0.00000,1.10275,0.11371,0.29633,0.25942,0.14674,0.79336,160,combined,0.50
combined_micro_shift,skill_half_life_scheduler_v5,6,0.81875,0.81613,0.82500,0.01250,0.00000,0.13750,0.58750,0.00000,1.11100,0.11991,0.29386,0.26350,0.14890,0.79221,160,combined,0.50
combined_micro_shift,skill_half_life_scheduler_v5,7,0.82500,0.82258,0.80000,0.00000,0.00000,0.14375,0.54375,0.00000,1.09719,0.10999,0.29048,0.26493,0.14874,0.81139,160,combined,0.50
combined_micro_shift,skill_half_life_scheduler_v5,8,0.81875,0.81290,0.82500,0.00625,0.00000,0.13750,0.59375,0.00000,1.10637,0.11848,0.29688,0.26532,0.14970,0.79836,160,combined,0.50
combined_micro_shift,skill_half_life_scheduler_v5,9,0.80625,0.80645,0.75000,0.00625,0.00000,0.13750,0.53750,0.00000,1.10019,0.10525,0.30857,0.26696,0.15307,0.78672,160,combined,0.50
combined_micro_shift,oracle_shift_aware_scheduler,0,0.85625,0.85161,0.92500,0.00000,0.00000,0.16875,0.51875,0.00000,1.10094,0.00000,0.26604,0.16215,0.14342,0.84212,160,combined,0.50
combined_micro_shift,oracle_shift_aware_scheduler,1,0.82500,0.82581,0.77500,0.00000,0.00000,0.16875,0.54375,0.00000,1.10369,0.00000,0.28572,0.16554,0.14478,0.81048,160,combined,0.50
combined_micro_shift,oracle_shift_aware_scheduler,2,0.82500,0.82258,0.82500,0.00000,0.00000,0.16875,0.54375,0.00000,1.10369,0.00000,0.28442,0.15869,0.14213,0.81048,160,combined,0.50
combined_micro_shift,oracle_shift_aware_scheduler,3,0.81875,0.82581,0.72500,0.00000,0.00000,0.16250,0.53125,0.00000,1.10069,0.00000,0.28622,0.16310,0.14445,0.80465,160,combined,0.50
combined_micro_shift,oracle_shift_aware_scheduler,4,0.88125,0.88065,0.90000,0.00000,0.00000,0.16250,0.50625,0.00000,1.09794,0.00000,0.25425,0.15959,0.14230,0.86754,160,combined,0.50
combined_micro_shift,oracle_shift_aware_scheduler,5,0.83750,0.83548,0.90000,0.00000,0.00000,0.17500,0.49375,0.00000,1.09981,0.00000,0.27226,0.15991,0.14123,0.82353,160,combined,0.50
combined_micro_shift,oracle_shift_aware_scheduler,6,0.84375,0.84516,0.87500,0.00625,0.00000,0.16875,0.53125,0.00000,1.10763,0.00000,0.27191,0.16319,0.14465,0.82318,160,combined,0.50
combined_micro_shift,oracle_shift_aware_scheduler,7,0.83750,0.83871,0.85000,0.00000,0.00000,0.16875,0.52500,0.00000,1.10162,0.00000,0.27420,0.16191,0.14014,0.82327,160,combined,0.50
combined_micro_shift,oracle_shift_aware_scheduler,8,0.82500,0.83226,0.77500,0.00000,0.00000,0.17500,0.50625,0.00000,1.10119,0.00000,0.28498,0.16307,0.14316,0.81083,160,combined,0.50
combined_micro_shift,oracle_shift_aware_scheduler,9,0.85000,0.84516,0.92500,0.00000,0.00000,0.17500,0.51875,0.00000,1.10256,0.00000,0.27064,0.16228,0.14037,0.83564,160,combined,0.50
combined_micro_shift,domain_randomized_clone,0,0.51875,0.51290,0.35000,0.21250,0.56875,0.00000,0.00000,0.00000,1.18062,0.66645,0.42921,0.32532,0.40402,0.11309,160,combined,0.75
combined_micro_shift,domain_randomized_clone,1,0.48750,0.48065,0.22500,0.24375,0.57500,0.00000,0.00000,0.00000,1.20719,0.67113,0.42230,0.32337,0.40214,0.04849,160,combined,0.75
combined_micro_shift,domain_randomized_clone,2,0.58125,0.58710,0.30000,0.17500,0.58750,0.00000,0.00000,0.00000,1.14875,0.67265,0.41753,0.32385,0.40365,0.20668,160,combined,0.75
combined_micro_shift,domain_randomized_clone,3,0.50625,0.50645,0.30000,0.21250,0.58750,0.00000,0.00000,0.00000,1.18062,0.67586,0.43417,0.32608,0.40390,0.09421,160,combined,0.75
combined_micro_shift,domain_randomized_clone,4,0.53125,0.53226,0.20000,0.25625,0.60000,0.00000,0.00000,0.00000,1.21781,0.67331,0.40026,0.32125,0.40097,0.07126,160,combined,0.75
combined_micro_shift,domain_randomized_clone,5,0.48125,0.47419,0.20000,0.23750,0.60625,0.00000,0.00000,0.00000,1.20188,0.67771,0.42643,0.32962,0.40489,0.03786,160,combined,0.75
combined_micro_shift,domain_randomized_clone,6,0.53750,0.53871,0.32500,0.22500,0.58750,0.00000,0.00000,0.00000,1.19125,0.67439,0.42491,0.32449,0.40257,0.11297,160,combined,0.75
combined_micro_shift,domain_randomized_clone,7,0.40625,0.40000,0.20000,0.25000,0.58125,0.00000,0.00000,0.00000,1.21250,0.69179,0.44184,0.31943,0.39883,-0.04113,160,combined,0.75
combined_micro_shift,domain_randomized_clone,8,0.45625,0.44839,0.17500,0.30625,0.58750,0.00000,0.00000,0.00000,1.26031,0.67844,0.40916,0.31992,0.39911,-0.04944,160,combined,0.75
combined_micro_shift,domain_randomized_clone,9,0.50625,0.49677,0.30000,0.21250,0.58750,0.00000,0.00000,0.00000,1.18062,0.69743,0.44303,0.32773,0.40289,0.09421,160,combined,0.75
combined_micro_shift,conformal_risk_gate,0,0.76875,0.76452,0.87500,0.00000,0.00000,0.18750,0.53125,0.00000,1.12445,0.08710,0.33496,0.31922,0.15015,0.75133,160,combined,0.75
combined_micro_shift,conformal_risk_gate,1,0.78125,0.78710,0.70000,0.00000,0.00000,0.18125,0.56875,0.00000,1.12817,0.09263,0.32563,0.31935,0.15243,0.76331,160,combined,0.75
combined_micro_shift,conformal_risk_gate,2,0.83125,0.83226,0.75000,0.00000,0.00000,0.17500,0.56875,0.00000,1.12655,0.09331,0.30253,0.31921,0.15265,0.81353,160,combined,0.75
combined_micro_shift,conformal_risk_gate,3,0.78750,0.78065,0.72500,0.00000,0.00000,0.18125,0.56875,0.00000,1.12817,0.09885,0.31948,0.31859,0.14725,0.76956,160,combined,0.75
combined_micro_shift,conformal_risk_gate,4,0.81250,0.81935,0.72500,0.00000,0.00000,0.19375,0.51875,0.00000,1.12430,0.09840,0.31342,0.31579,0.14834,0.79510,160,combined,0.75
combined_micro_shift,conformal_risk_gate,5,0.81875,0.81935,0.80000,0.00000,0.00000,0.19375,0.54375,0.00000,1.12786,0.10092,0.30469,0.32451,0.15290,0.80085,160,combined,0.75
combined_micro_shift,conformal_risk_gate,6,0.83125,0.82581,0.80000,0.00000,0.00000,0.17500,0.55625,0.00000,1.12477,0.09383,0.30196,0.31877,0.14946,0.81378,160,combined,0.75
combined_micro_shift,conformal_risk_gate,7,0.78750,0.78387,0.82500,0.00625,0.00000,0.18125,0.55000,0.00000,1.13081,0.10653,0.32469,0.31634,0.15098,0.76369,160,combined,0.75
combined_micro_shift,conformal_risk_gate,8,0.76875,0.77097,0.60000,0.01250,0.00000,0.17500,0.51250,0.00000,1.12916,0.09620,0.33867,0.31740,0.15235,0.73967,160,combined,0.75
combined_micro_shift,conformal_risk_gate,9,0.78750,0.78387,0.80000,0.00000,0.00000,0.20000,0.53750,0.00000,1.12859,0.09131,0.32405,0.32211,0.14998,0.76950,160,combined,0.75
combined_micro_shift,ensemble_uncertainty_gate,0,0.79375,0.79355,0.77500,0.01250,0.00000,0.18125,0.55000,0.00000,1.13613,0.10088,0.31827,0.28802,0.15227,0.76369,160,combined,0.75
combined_micro_shift,ensemble_uncertainty_gate,1,0.79375,0.79355,0.85000,0.00000,0.00000,0.18125,0.57500,0.00000,1.12906,0.09995,0.31586,0.29007,0.15835,0.77568,160,combined,0.75
combined_micro_shift,ensemble_uncertainty_gate,2,0.81250,0.81290,0.80000,0.00000,0.00000,0.18125,0.56250,0.00000,1.12728,0.09957,0.30504,0.28694,0.15261,0.79468,160,combined,0.75
combined_micro_shift,ensemble_uncertainty_gate,3,0.85625,0.85484,0.87500,0.00000,0.00000,0.18125,0.58750,0.00000,1.13084,0.11017,0.28083,0.28801,0.15064,0.83793,160,combined,0.75
combined_micro_shift,ensemble_uncertainty_gate,4,0.82500,0.82581,0.77500,0.01250,0.00000,0.18125,0.56250,0.00000,1.13791,0.11401,0.29828,0.28628,0.15378,0.79469,160,combined,0.75
combined_micro_shift,ensemble_uncertainty_gate,5,0.78125,0.77742,0.80000,0.00625,0.00000,0.20000,0.52500,0.00000,1.13212,0.10826,0.32521,0.29280,0.15396,0.75725,160,combined,0.75
combined_micro_shift,ensemble_uncertainty_gate,6,0.76875,0.76774,0.82500,0.00000,0.00000,0.16875,0.57500,0.00000,1.12581,0.11019,0.33690,0.28998,0.15636,0.75114,160,combined,0.75
combined_micro_shift,ensemble_uncertainty_gate,7,0.77500,0.77742,0.75000,0.00000,0.00000,0.16875,0.58750,0.00000,1.12759,0.10933,0.33551,0.28700,0.15678,0.75714,160,combined,0.75
combined_micro_shift,ensemble_uncertainty_gate,8,0.78750,0.78710,0.72500,0.01875,0.00000,0.17500,0.55000,0.00000,1.13981,0.10940,0.32155,0.28564,0.15335,0.75143,160,combined,0.75
combined_micro_shift,ensemble_uncertainty_gate,9,0.79375,0.79677,0.77500,0.00000,0.00000,0.20000,0.53125,0.00000,1.12770,0.10520,0.31930,0.29096,0.15220,0.77587,160,combined,0.75
combined_micro_shift,bayesian_skill_survival,0,0.80000,0.80323,0.70000,0.00000,0.00000,0.23750,0.60000,0.00000,1.14725,0.17447,0.30947,0.30697,0.15382,0.77938,160,combined,0.75
combined_micro_shift,bayesian_skill_survival,1,0.87500,0.87419,0.87500,0.00000,0.00000,0.22500,0.60625,0.00000,1.14489,0.16798,0.26333,0.30836,0.15866,0.85472,160,combined,0.75
combined_micro_shift,bayesian_skill_survival,2,0.85000,0.84839,0.82500,0.00000,0.00000,0.23750,0.55625,0.00000,1.14102,0.16475,0.27563,0.30524,0.15295,0.83026,160,combined,0.75
combined_micro_shift,bayesian_skill_survival,3,0.84375,0.84516,0.72500,0.00000,0.00000,0.23750,0.57500,0.00000,1.14369,0.16786,0.28153,0.30667,0.15166,0.82363,160,combined,0.75
combined_micro_shift,bayesian_skill_survival,4,0.85000,0.85161,0.82500,0.00000,0.00000,0.21875,0.60000,0.00000,1.14237,0.16931,0.27893,0.30792,0.16079,0.83007,160,combined,0.75
combined_micro_shift,bayesian_skill_survival,5,0.83125,0.82581,0.77500,0.00000,0.00000,0.24375,0.57500,0.00000,1.14531,0.17372,0.28980,0.31244,0.15698,0.81091,160,combined,0.75
combined_micro_shift,bayesian_skill_survival,6,0.80000,0.79355,0.82500,0.00000,0.00000,0.22500,0.59375,0.00000,1.14311,0.17617,0.31000,0.30642,0.15300,0.77996,160,combined,0.75
combined_micro_shift,bayesian_skill_survival,7,0.80000,0.79355,0.77500,0.00000,0.00000,0.21250,0.61875,0.00000,1.14342,0.16373,0.31129,0.30683,0.16017,0.77992,160,combined,0.75
combined_micro_shift,bayesian_skill_survival,8,0.83750,0.83226,0.90000,0.00000,0.00000,0.21250,0.63125,0.00000,1.14520,0.16496,0.28799,0.30539,0.15655,0.81717,160,combined,0.75
combined_micro_shift,bayesian_skill_survival,9,0.78750,0.78387,0.75000,0.00625,0.00000,0.25000,0.58750,0.00000,1.15403,0.16235,0.31004,0.31093,0.15586,0.76044,160,combined,0.75
combined_micro_shift,cvar_lifetime_guard,0,0.84375,0.84516,0.87500,0.00000,0.00000,0.57500,0.42500,0.00000,1.21006,0.12125,0.26785,0.35335,0.09134,0.81434,160,combined,0.75
combined_micro_shift,cvar_lifetime_guard,1,0.86250,0.86774,0.85000,0.00000,0.00000,0.56875,0.41875,0.00000,1.20755,0.11854,0.25283,0.35342,0.09356,0.83344,160,combined,0.75
combined_micro_shift,cvar_lifetime_guard,2,0.83125,0.82581,0.82500,0.00625,0.00000,0.59375,0.38750,0.00000,1.21491,0.12049,0.27285,0.35172,0.09065,0.79566,160,combined,0.75
combined_micro_shift,cvar_lifetime_guard,3,0.83750,0.83548,0.90000,0.00000,0.00000,0.61250,0.36875,0.00000,1.21180,0.12895,0.26699,0.35320,0.08944,0.80785,160,combined,0.75
combined_micro_shift,cvar_lifetime_guard,4,0.86250,0.86452,0.85000,0.00000,0.00000,0.58750,0.40625,0.00000,1.21064,0.11885,0.25338,0.34924,0.08813,0.83301,160,combined,0.75
combined_micro_shift,cvar_lifetime_guard,5,0.85625,0.85484,0.82500,0.00000,0.00000,0.60625,0.39375,0.00000,1.21373,0.13074,0.25843,0.35633,0.08952,0.82633,160,combined,0.75
combined_micro_shift,cvar_lifetime_guard,6,0.83750,0.83226,0.92500,0.00000,0.00000,0.56875,0.42500,0.00000,1.20844,0.12852,0.27134,0.35292,0.09073,0.80832,160,combined,0.75
combined_micro_shift,cvar_lifetime_guard,7,0.89375,0.89032,0.87500,0.00000,0.00000,0.55625,0.43750,0.00000,1.20697,0.11739,0.23403,0.34988,0.09101,0.86477,160,combined,0.75
combined_micro_shift,cvar_lifetime_guard,8,0.84375,0.83871,0.85000,0.00000,0.00000,0.53750,0.45625,0.00000,1.20477,0.12096,0.26698,0.35095,0.09248,0.81508,160,combined,0.75
combined_micro_shift,cvar_lifetime_guard,9,0.85625,0.85161,0.90000,0.00625,0.00000,0.57500,0.41875,0.00000,1.21448,0.11648,0.25851,0.35630,0.09136,0.82072,160,combined,0.75
combined_micro_shift,skill_half_life_scheduler_v5,0,0.82500,0.82258,0.75000,0.00000,0.00000,0.16875,0.54375,0.00000,1.12136,0.12846,0.29004,0.29866,0.14958,0.80801,160,combined,0.75
combined_micro_shift,skill_half_life_scheduler_v5,1,0.76250,0.76452,0.72500,0.01250,0.00000,0.17500,0.55625,0.00000,1.13539,0.13509,0.32903,0.29859,0.15109,0.73255,160,combined,0.75
combined_micro_shift,skill_half_life_scheduler_v5,2,0.79375,0.79032,0.82500,0.00000,0.00000,0.16250,0.55625,0.00000,1.12152,0.12960,0.31510,0.29788,0.15074,0.77674,160,combined,0.75
combined_micro_shift,skill_half_life_scheduler_v5,3,0.81875,0.81935,0.80000,0.00000,0.00000,0.15625,0.58125,0.00000,1.12345,0.13484,0.30173,0.29936,0.14857,0.80147,160,combined,0.75
combined_micro_shift,skill_half_life_scheduler_v5,4,0.79375,0.79677,0.62500,0.00000,0.00000,0.16250,0.56875,0.00000,1.12330,0.14165,0.31197,0.29791,0.15286,0.77649,160,combined,0.75
combined_micro_shift,skill_half_life_scheduler_v5,5,0.78125,0.78065,0.77500,0.00000,0.00000,0.15625,0.60000,0.00000,1.12613,0.13434,0.31982,0.30523,0.15379,0.76359,160,combined,0.75
combined_micro_shift,skill_half_life_scheduler_v5,6,0.78750,0.78065,0.80000,0.00000,0.00000,0.16250,0.55625,0.00000,1.12152,0.13566,0.31694,0.29825,0.14884,0.77049,160,combined,0.75
combined_micro_shift,skill_half_life_scheduler_v5,7,0.80625,0.80968,0.67500,0.00625,0.00000,0.16875,0.55000,0.00000,1.12756,0.15025,0.30596,0.29543,0.15000,0.78289,160,combined,0.75
combined_micro_shift,skill_half_life_scheduler_v5,8,0.80625,0.80645,0.72500,0.00000,0.00000,0.16250,0.53125,0.00000,1.11795,0.13330,0.30031,0.29469,0.14764,0.78974,160,combined,0.75
combined_micro_shift,skill_half_life_scheduler_v5,9,0.82500,0.82903,0.82500,0.00000,0.00000,0.17500,0.55000,0.00000,1.12387,0.13896,0.29288,0.30205,0.14883,0.80766,160,combined,0.75
combined_micro_shift,oracle_shift_aware_scheduler,0,0.85625,0.85161,0.77500,0.00000,0.00000,0.19375,0.55000,0.00000,1.12875,0.00000,0.26233,0.18817,0.14373,0.83822,160,combined,0.75
combined_micro_shift,oracle_shift_aware_scheduler,1,0.80000,0.79677,0.77500,0.00000,0.00000,0.20000,0.53125,0.00000,1.12770,0.00000,0.29994,0.18612,0.14199,0.78212,160,combined,0.75
combined_micro_shift,oracle_shift_aware_scheduler,2,0.92500,0.92258,0.97500,0.00000,0.00000,0.20625,0.51875,0.00000,1.12755,0.00000,0.22388,0.18746,0.14209,0.90714,160,combined,0.75
combined_micro_shift,oracle_shift_aware_scheduler,3,0.85000,0.85161,0.90000,0.00000,0.00000,0.20625,0.53125,0.00000,1.12933,0.00000,0.26792,0.18929,0.14194,0.83189,160,combined,0.75
combined_micro_shift,oracle_shift_aware_scheduler,4,0.84375,0.83871,0.87500,0.00000,0.00000,0.20000,0.51250,0.00000,1.12503,0.00000,0.27189,0.18743,0.14689,0.82625,160,combined,0.75
combined_micro_shift,oracle_shift_aware_scheduler,5,0.84375,0.84194,0.90000,0.00625,0.00000,0.21250,0.52500,0.00000,1.13538,0.00000,0.27171,0.19027,0.14283,0.81930,160,combined,0.75
combined_micro_shift,oracle_shift_aware_scheduler,6,0.77500,0.77419,0.77500,0.00000,0.00000,0.20625,0.53750,0.00000,1.13022,0.00000,0.31351,0.18873,0.14446,0.75677,160,combined,0.75
combined_micro_shift,oracle_shift_aware_scheduler,7,0.86875,0.86452,0.85000,0.00000,0.00000,0.20000,0.53750,0.00000,1.12859,0.00000,0.25971,0.18833,0.14493,0.85075,160,combined,0.75
combined_micro_shift,oracle_shift_aware_scheduler,8,0.86250,0.86129,0.90000,0.00000,0.00000,0.19375,0.53125,0.00000,1.12608,0.00000,0.26290,0.18661,0.14520,0.84485,160,combined,0.75
combined_micro_shift,oracle_shift_aware_scheduler,9,0.83125,0.82903,0.85000,0.00000,0.00000,0.21250,0.51875,0.00000,1.12917,0.00000,0.27643,0.19337,0.14515,0.81317,160,combined,0.75
combined_micro_shift,domain_randomized_clone,0,0.48125,0.48387,0.15000,0.25000,0.63125,0.00000,0.00000,0.00000,1.21250,0.74779,0.41228,0.36022,0.42392,0.01687,160,combined,1.00
combined_micro_shift,domain_randomized_clone,1,0.41250,0.40968,0.02500,0.31875,0.61875,0.00000,0.00000,0.00000,1.27094,0.73202,0.41449,0.36196,0.42450,-0.11631,160,combined,1.00
combined_micro_shift,domain_randomized_clone,2,0.45000,0.44516,0.22500,0.34375,0.61250,0.00000,0.00000,0.00000,1.29219,0.73636,0.41081,0.36298,0.42713,-0.10166,160,combined,1.00
combined_micro_shift,domain_randomized_clone,3,0.44375,0.44839,0.07500,0.28125,0.61875,0.00000,0.00000,0.00000,1.23906,0.74709,0.42092,0.36793,0.42880,-0.04759,160,combined,1.00
combined_micro_shift,domain_randomized_clone,4,0.44375,0.44194,0.20000,0.31250,0.62500,0.00000,0.00000,0.00000,1.26562,0.75853,0.41663,0.36026,0.42331,-0.08094,160,combined,1.00
combined_micro_shift,domain_randomized_clone,5,0.48125,0.47419,0.27500,0.26250,0.63125,0.00000,0.00000,0.00000,1.22313,0.77352,0.42963,0.35486,0.42143,0.00439,160,combined,1.00
combined_micro_shift,domain_randomized_clone,6,0.48125,0.47742,0.22500,0.30625,0.61250,0.00000,0.00000,0.00000,1.26031,0.76342,0.42417,0.35808,0.42167,-0.03294,160,combined,1.00
combined_micro_shift,domain_randomized_clone,7,0.50000,0.50000,0.25000,0.26250,0.60625,0.00000,0.00000,0.00000,1.22313,0.75265,0.41708,0.36428,0.42522,0.03164,160,combined,1.00
combined_micro_shift,domain_randomized_clone,8,0.47500,0.46774,0.22500,0.25000,0.62500,0.00000,0.00000,0.00000,1.21250,0.77254,0.42110,0.36272,0.42350,0.01275,160,combined,1.00
combined_micro_shift,domain_randomized_clone,9,0.53125,0.53226,0.30000,0.25625,0.61250,0.00000,0.00000,0.00000,1.21781,0.76235,0.42796,0.35629,0.42135,0.06701,160,combined,1.00
combined_micro_shift,conformal_risk_gate,0,0.80625,0.80645,0.67500,0.00000,0.00000,0.25000,0.55625,0.00000,1.16234,0.10037,0.31444,0.35269,0.15082,0.78352,160,combined,1.00
combined_micro_shift,conformal_risk_gate,1,0.72500,0.71935,0.77500,0.01875,0.00000,0.25000,0.55000,0.00000,1.17719,0.09805,0.36332,0.35176,0.14608,0.68369,160,combined,1.00
combined_micro_shift,conformal_risk_gate,2,0.79375,0.79355,0.72500,0.00625,0.00000,0.22500,0.59375,0.00000,1.16772,0.09072,0.32383,0.35391,0.15087,0.76477,160,combined,1.00
combined_micro_shift,conformal_risk_gate,3,0.79375,0.78710,0.80000,0.00000,0.00000,0.25000,0.56250,0.00000,1.16344,0.10863,0.31188,0.35407,0.14301,0.77087,160,combined,1.00
combined_micro_shift,conformal_risk_gate,4,0.83750,0.83226,0.82500,0.01250,0.00000,0.22500,0.58750,0.00000,1.17194,0.11116,0.29712,0.35237,0.14947,0.80243,160,combined,1.00
combined_micro_shift,conformal_risk_gate,5,0.76875,0.76129,0.72500,0.00000,0.00000,0.21875,0.59375,0.00000,1.16078,0.09456,0.33593,0.34961,0.15293,0.74624,160,combined,1.00
combined_micro_shift,conformal_risk_gate,6,0.80625,0.80645,0.85000,0.00000,0.00000,0.21250,0.61875,0.00000,1.16353,0.11203,0.31680,0.35223,0.15201,0.78336,160,combined,1.00
combined_micro_shift,conformal_risk_gate,7,0.85000,0.85161,0.87500,0.00000,0.00000,0.24375,0.55625,0.00000,1.16072,0.10003,0.28663,0.35359,0.14579,0.82750,160,combined,1.00
combined_micro_shift,conformal_risk_gate,8,0.77500,0.77097,0.77500,0.00000,0.00000,0.22500,0.58750,0.00000,1.16131,0.09921,0.33368,0.35541,0.15079,0.75242,160,combined,1.00
combined_micro_shift,conformal_risk_gate,9,0.81250,0.81935,0.82500,0.00000,0.00000,0.23750,0.55000,0.00000,1.15800,0.10482,0.30951,0.34788,0.14650,0.79038,160,combined,1.00
combined_micro_shift,ensemble_uncertainty_gate,0,0.80000,0.80000,0.77500,0.00000,0.00000,0.25000,0.53750,0.00000,1.15906,0.11726,0.31817,0.31743,0.14808,0.77773,160,combined,1.00
combined_micro_shift,ensemble_uncertainty_gate,1,0.73750,0.73226,0.77500,0.00000,0.00000,0.24375,0.54375,0.00000,1.15853,0.10487,0.34853,0.31945,0.14921,0.71531,160,combined,1.00
combined_micro_shift,ensemble_uncertainty_gate,2,0.77500,0.77742,0.70000,0.00625,0.00000,0.23125,0.59375,0.00000,1.16934,0.10543,0.32822,0.32003,0.15088,0.74579,160,combined,1.00
combined_micro_shift,ensemble_uncertainty_gate,3,0.76250,0.76129,0.77500,0.00625,0.00000,0.23750,0.59375,0.00000,1.17097,0.12071,0.33781,0.32339,0.14943,0.73306,160,combined,1.00
combined_micro_shift,ensemble_uncertainty_gate,4,0.81875,0.82258,0.90000,0.00625,0.00000,0.21875,0.63125,0.00000,1.17266,0.11909,0.31235,0.32165,0.15578,0.78908,160,combined,1.00
combined_micro_shift,ensemble_uncertainty_gate,5,0.71875,0.72581,0.62500,0.00000,0.00000,0.21875,0.58125,0.00000,1.15859,0.09910,0.36230,0.31621,0.15388,0.69655,160,combined,1.00
combined_micro_shift,ensemble_uncertainty_gate,6,0.77500,0.77097,0.75000,0.01250,0.00000,0.21250,0.63125,0.00000,1.17634,0.12127,0.32890,0.31933,0.15397,0.73931,160,combined,1.00
combined_micro_shift,ensemble_uncertainty_gate,7,0.81875,0.81613,0.80000,0.00000,0.00000,0.24375,0.55625,0.00000,1.16072,0.10787,0.29912,0.32035,0.14704,0.79625,160,combined,1.00
combined_micro_shift,ensemble_uncertainty_gate,8,0.81875,0.81935,0.82500,0.00625,0.00000,0.21875,0.58750,0.00000,1.16500,0.10667,0.30041,0.32295,0.15362,0.79015,160,combined,1.00
combined_micro_shift,ensemble_uncertainty_gate,9,0.81875,0.81290,0.85000,0.00000,0.00000,0.23125,0.56875,0.00000,1.15966,0.12337,0.29839,0.31529,0.14911,0.79640,160,combined,1.00
combined_micro_shift,bayesian_skill_survival,0,0.83750,0.83226,0.85000,0.00000,0.00000,0.31250,0.55625,0.00000,1.17859,0.19966,0.28361,0.34087,0.15606,0.81250,160,combined,1.00
combined_micro_shift,bayesian_skill_survival,1,0.84375,0.84194,0.77500,0.00625,0.00000,0.32500,0.57500,0.00000,1.19044,0.20259,0.28209,0.34259,0.15660,0.81159,160,combined,1.00
combined_micro_shift,bayesian_skill_survival,2,0.85625,0.85484,0.87500,0.01250,0.00000,0.32500,0.57500,0.00000,1.19575,0.19892,0.26542,0.34148,0.15489,0.81784,160,combined,1.00
combined_micro_shift,bayesian_skill_survival,3,0.82500,0.82258,0.80000,0.00000,0.00000,0.33750,0.53750,0.00000,1.18181,0.20108,0.29370,0.34335,0.15044,0.79955,160,combined,1.00
combined_micro_shift,bayesian_skill_survival,4,0.85000,0.84839,0.80000,0.00000,0.00000,0.30000,0.60000,0.00000,1.18300,0.19249,0.27873,0.34086,0.15533,0.82438,160,combined,1.00
combined_micro_shift,bayesian_skill_survival,5,0.82500,0.81935,0.77500,0.00625,0.00000,0.30000,0.58750,0.00000,1.18613,0.18201,0.29051,0.33490,0.15235,0.79344,160,combined,1.00
combined_micro_shift,bayesian_skill_survival,6,0.82500,0.82258,0.75000,0.00000,0.00000,0.30000,0.60000,0.00000,1.18300,0.19550,0.29502,0.34023,0.15684,0.79938,160,combined,1.00
combined_micro_shift,bayesian_skill_survival,7,0.81875,0.82258,0.77500,0.00000,0.00000,0.31250,0.55625,0.00000,1.17859,0.20024,0.29759,0.34428,0.15599,0.79375,160,combined,1.00
combined_micro_shift,bayesian_skill_survival,8,0.81875,0.81613,0.72500,0.00000,0.00000,0.33125,0.56875,0.00000,1.18566,0.19045,0.29237,0.34193,0.15274,0.79276,160,combined,1.00
combined_micro_shift,bayesian_skill_survival,9,0.91250,0.91613,0.85000,0.00000,0.00000,0.30000,0.58125,0.00000,1.17972,0.18809,0.24310,0.33831,0.15623,0.88734,160,combined,1.00
combined_micro_shift,cvar_lifetime_guard,0,0.88125,0.88710,0.80000,0.00000,0.00000,0.73750,0.26250,0.00000,1.23769,0.13836,0.23633,0.38715,0.08681,0.84797,160,combined,1.00
combined_micro_shift,cvar_lifetime_guard,1,0.83750,0.83871,0.80000,0.00000,0.00000,0.75000,0.25000,0.00000,1.23875,0.13481,0.26957,0.38816,0.08591,0.80407,160,combined,1.00
combined_micro_shift,cvar_lifetime_guard,2,0.84375,0.83871,0.82500,0.00000,0.00000,0.77500,0.22500,0.00000,1.24087,0.13475,0.26463,0.38778,0.08571,0.81003,160,combined,1.00
combined_micro_shift,cvar_lifetime_guard,3,0.85000,0.85161,0.90000,0.00625,0.00000,0.76875,0.22500,0.00000,1.24456,0.14760,0.25959,0.39260,0.08715,0.81026,160,combined,1.00
combined_micro_shift,cvar_lifetime_guard,4,0.87500,0.87742,0.87500,0.00000,0.00000,0.78125,0.21875,0.00000,1.24141,0.13951,0.24084,0.38611,0.08400,0.84120,160,combined,1.00
combined_micro_shift,cvar_lifetime_guard,5,0.86875,0.86774,0.82500,0.00000,0.00000,0.74375,0.25000,0.00000,1.23713,0.11797,0.24360,0.38211,0.08494,0.83555,160,combined,1.00
combined_micro_shift,cvar_lifetime_guard,6,0.85000,0.84839,0.85000,0.00000,0.00000,0.78125,0.21875,0.00000,1.24141,0.13667,0.25504,0.38404,0.08265,0.81620,160,combined,1.00
combined_micro_shift,cvar_lifetime_guard,7,0.88750,0.88710,0.85000,0.00625,0.00000,0.75625,0.24375,0.00000,1.24459,0.13343,0.23586,0.39008,0.08582,0.84776,160,combined,1.00
combined_micro_shift,cvar_lifetime_guard,8,0.86875,0.86774,0.92500,0.00000,0.00000,0.77500,0.22500,0.00000,1.24088,0.12812,0.24599,0.38827,0.08356,0.83503,160,combined,1.00
combined_micro_shift,cvar_lifetime_guard,9,0.80625,0.80323,0.80000,0.00000,0.00000,0.73125,0.26875,0.00000,1.23716,0.13163,0.28675,0.38354,0.08489,0.77305,160,combined,1.00
combined_micro_shift,skill_half_life_scheduler_v5,0,0.77500,0.77097,0.77500,0.00625,0.00000,0.18750,0.56250,0.00000,1.15250,0.15781,0.32663,0.33350,0.15389,0.74815,160,combined,1.00
combined_micro_shift,skill_half_life_scheduler_v5,1,0.80625,0.80000,0.72500,0.00625,0.00000,0.19375,0.58125,0.00000,1.15741,0.14289,0.29801,0.33404,0.15150,0.77871,160,combined,1.00
combined_micro_shift,skill_half_life_scheduler_v5,2,0.81875,0.81613,0.90000,0.00000,0.00000,0.19375,0.56875,0.00000,1.14991,0.13300,0.29669,0.33475,0.15424,0.79776,160,combined,1.00
combined_micro_shift,skill_half_life_scheduler_v5,3,0.78125,0.77742,0.85000,0.00625,0.00000,0.18125,0.60000,0.00000,1.15744,0.15670,0.31661,0.33864,0.15281,0.75371,160,combined,1.00
combined_micro_shift,skill_half_life_scheduler_v5,4,0.77500,0.77419,0.70000,0.00000,0.00000,0.18750,0.60000,0.00000,1.15375,0.15943,0.31954,0.33215,0.14965,0.75348,160,combined,1.00
combined_micro_shift,skill_half_life_scheduler_v5,5,0.80625,0.81290,0.72500,0.00625,0.00000,0.18750,0.56875,0.00000,1.15359,0.15048,0.30595,0.32808,0.15127,0.77925,160,combined,1.00
combined_micro_shift,skill_half_life_scheduler_v5,6,0.87500,0.88065,0.77500,0.00000,0.00000,0.19375,0.56250,0.00000,1.14881,0.15928,0.26483,0.33058,0.15003,0.85417,160,combined,1.00
combined_micro_shift,skill_half_life_scheduler_v5,7,0.80625,0.80323,0.77500,0.01250,0.00000,0.18750,0.56875,0.00000,1.15891,0.14206,0.30468,0.33629,0.15169,0.77300,160,combined,1.00
combined_micro_shift,skill_half_life_scheduler_v5,8,0.77500,0.77097,0.77500,0.00000,0.00000,0.18125,0.61250,0.00000,1.15431,0.15073,0.32323,0.33622,0.15255,0.75340,160,combined,1.00
combined_micro_shift,skill_half_life_scheduler_v5,9,0.82500,0.81935,0.82500,0.00000,0.00000,0.18125,0.58750,0.00000,1.14994,0.15103,0.29106,0.33159,0.15525,0.80401,160,combined,1.00
combined_micro_shift,oracle_shift_aware_scheduler,0,0.84375,0.85161,0.75000,0.00000,0.00000,0.22500,0.55000,0.00000,1.15475,0.00000,0.27495,0.21465,0.14923,0.82208,160,combined,1.00
combined_micro_shift,oracle_shift_aware_scheduler,1,0.75625,0.76129,0.67500,0.00000,0.00000,0.23750,0.50625,0.00000,1.15034,0.00000,0.32950,0.21039,0.14427,0.73520,160,combined,1.00
combined_micro_shift,oracle_shift_aware_scheduler,2,0.82500,0.82903,0.77500,0.00625,0.00000,0.24375,0.53125,0.00000,1.16166,0.00000,0.28529,0.21351,0.14319,0.79687,160,combined,1.00
combined_micro_shift,oracle_shift_aware_scheduler,3,0.78125,0.77742,0.75000,0.00000,0.00000,0.21250,0.57500,0.00000,1.15588,0.00000,0.31653,0.22053,0.14931,0.75943,160,combined,1.00
combined_micro_shift,oracle_shift_aware_scheduler,4,0.81250,0.80645,0.85000,0.00000,0.00000,0.23125,0.55000,0.00000,1.15637,0.00000,0.29220,0.21224,0.14441,0.79061,160,combined,1.00
combined_micro_shift,oracle_shift_aware_scheduler,5,0.82500,0.82258,0.75000,0.00000,0.00000,0.23750,0.53125,0.00000,1.15472,0.00000,0.28322,0.21332,0.14525,0.80334,160,combined,1.00
combined_micro_shift,oracle_shift_aware_scheduler,6,0.88125,0.87742,0.95000,0.00625,0.00000,0.21875,0.55625,0.00000,1.15953,0.00000,0.25312,0.21489,0.14744,0.85342,160,combined,1.00
combined_micro_shift,oracle_shift_aware_scheduler,7,0.88750,0.88710,0.92500,0.00000,0.00000,0.23125,0.51875,0.00000,1.15091,0.00000,0.24452,0.21463,0.14438,0.86637,160,combined,1.00
combined_micro_shift,oracle_shift_aware_scheduler,8,0.83125,0.83548,0.90000,0.00000,0.00000,0.23125,0.54375,0.00000,1.15528,0.00000,0.28131,0.21724,0.14704,0.80951,160,combined,1.00
combined_micro_shift,oracle_shift_aware_scheduler,9,0.80625,0.80968,0.75000,0.00000,0.00000,0.22500,0.53125,0.00000,1.15147,0.00000,0.30462,0.21268,0.14686,0.78504,160,combined,1.00
combined_micro_shift,domain_randomized_clone,0,0.46875,0.47097,0.17500,0.33125,0.65625,0.00000,0.00000,0.00000,1.28156,0.82697,0.41880,0.39853,0.44508,-0.08529,160,combined,1.25
combined_micro_shift,domain_randomized_clone,1,0.42500,0.41290,0.22500,0.28750,0.63750,0.00000,0.00000,0.00000,1.24437,0.84180,0.43781,0.40019,0.44491,-0.07896,160,combined,1.25
combined_micro_shift,domain_randomized_clone,2,0.46875,0.46774,0.22500,0.33750,0.65000,0.00000,0.00000,0.00000,1.28687,0.83495,0.42742,0.39713,0.44438,-0.08941,160,combined,1.25
combined_micro_shift,domain_randomized_clone,3,0.45000,0.44839,0.20000,0.31250,0.64375,0.00000,0.00000,0.00000,1.26562,0.81217,0.41256,0.39591,0.44392,-0.08106,160,combined,1.25
combined_micro_shift,domain_randomized_clone,4,0.43125,0.42581,0.15000,0.33125,0.66875,0.00000,0.00000,0.00000,1.28156,0.82317,0.42214,0.40212,0.44674,-0.12704,160,combined,1.25
combined_micro_shift,domain_randomized_clone,5,0.43750,0.43226,0.10000,0.36250,0.65625,0.00000,0.00000,0.00000,1.30812,0.81676,0.39277,0.40242,0.44658,-0.14776,160,combined,1.25
combined_micro_shift,domain_randomized_clone,6,0.43750,0.43871,0.10000,0.31250,0.64375,0.00000,0.00000,0.00000,1.26562,0.82043,0.40938,0.39228,0.44286,-0.09356,160,combined,1.25
combined_micro_shift,domain_randomized_clone,7,0.45625,0.45484,0.17500,0.31250,0.64375,0.00000,0.00000,0.00000,1.26562,0.80926,0.40046,0.40434,0.44649,-0.07481,160,combined,1.25
combined_micro_shift,domain_randomized_clone,8,0.46250,0.46129,0.22500,0.28750,0.65000,0.00000,0.00000,0.00000,1.24437,0.83665,0.40873,0.40016,0.44447,-0.04571,160,combined,1.25
combined_micro_shift,domain_randomized_clone,9,0.45625,0.45484,0.17500,0.35625,0.62500,0.00000,0.00000,0.00000,1.30281,0.82832,0.40702,0.39897,0.44477,-0.11214,160,combined,1.25
combined_micro_shift,conformal_risk_gate,0,0.76250,0.76774,0.80000,0.00625,0.00000,0.34375,0.51250,0.00000,1.20103,0.11413,0.33263,0.38307,0.13968,0.72886,160,combined,1.25
combined_micro_shift,conformal_risk_gate,1,0.77500,0.78065,0.72500,0.00000,0.00000,0.34375,0.56250,0.00000,1.20609,0.11680,0.32593,0.38591,0.14189,0.74615,160,combined,1.25
combined_micro_shift,conformal_risk_gate,2,0.79375,0.78710,0.75000,0.00000,0.00000,0.31875,0.54375,0.00000,1.19570,0.10723,0.31834,0.38221,0.14003,0.76635,160,combined,1.25
combined_micro_shift,conformal_risk_gate,3,0.83750,0.83226,0.80000,0.00000,0.00000,0.31250,0.57500,0.00000,1.20056,0.11723,0.29558,0.38469,0.14698,0.80942,160,combined,1.25
combined_micro_shift,conformal_risk_gate,4,0.79375,0.79677,0.80000,0.00625,0.00000,0.34375,0.53750,0.00000,1.20622,0.10793,0.31825,0.38543,0.13885,0.75938,160,combined,1.25
combined_micro_shift,conformal_risk_gate,5,0.78750,0.78710,0.77500,0.00625,0.00000,0.34375,0.53125,0.00000,1.20492,0.12194,0.31878,0.38563,0.13855,0.75331,160,combined,1.25
combined_micro_shift,conformal_risk_gate,6,0.79375,0.79355,0.70000,0.00625,0.00000,0.32500,0.53125,0.00000,1.20005,0.11938,0.31762,0.37958,0.14307,0.76024,160,combined,1.25
combined_micro_shift,conformal_risk_gate,7,0.75625,0.75484,0.75000,0.00625,0.00000,0.33125,0.52500,0.00000,1.20037,0.10748,0.33822,0.39221,0.14782,0.72270,160,combined,1.25
combined_micro_shift,conformal_risk_gate,8,0.80000,0.79355,0.85000,0.00000,0.00000,0.33125,0.54375,0.00000,1.19895,0.11044,0.31334,0.38673,0.14322,0.77215,160,combined,1.25
combined_micro_shift,conformal_risk_gate,9,0.85000,0.84839,0.90000,0.00625,0.00000,0.33125,0.55000,0.00000,1.20556,0.11298,0.27936,0.38344,0.13924,0.81572,160,combined,1.25
combined_micro_shift,ensemble_uncertainty_gate,0,0.84375,0.84194,0.95000,0.00000,0.00000,0.32500,0.53750,0.00000,1.19603,0.11934,0.28121,0.35002,0.14460,0.81631,160,combined,1.25
combined_micro_shift,ensemble_uncertainty_gate,1,0.80625,0.80323,0.85000,0.00000,0.00000,0.33125,0.57500,0.00000,1.20544,0.11680,0.30348,0.35178,0.14463,0.77749,160,combined,1.25
combined_micro_shift,ensemble_uncertainty_gate,2,0.75625,0.75161,0.82500,0.00000,0.00000,0.30000,0.57500,0.00000,1.19731,0.11468,0.33914,0.34959,0.14584,0.72863,160,combined,1.25
combined_micro_shift,ensemble_uncertainty_gate,3,0.85000,0.84516,0.77500,0.00625,0.00000,0.31250,0.56250,0.00000,1.20328,0.12858,0.28492,0.35029,0.14920,0.81604,160,combined,1.25
combined_micro_shift,ensemble_uncertainty_gate,4,0.83125,0.82903,0.80000,0.00000,0.00000,0.33125,0.54375,0.00000,1.19895,0.11870,0.28739,0.35247,0.14396,0.80340,160,combined,1.25
combined_micro_shift,ensemble_uncertainty_gate,5,0.79375,0.79355,0.77500,0.00625,0.00000,0.34375,0.53125,0.00000,1.20492,0.13374,0.31711,0.35058,0.13947,0.75956,160,combined,1.25
combined_micro_shift,ensemble_uncertainty_gate,6,0.80000,0.79355,0.80000,0.01250,0.00000,0.30625,0.56250,0.00000,1.20697,0.13379,0.30926,0.34705,0.14907,0.76002,160,combined,1.25
combined_micro_shift,ensemble_uncertainty_gate,7,0.84375,0.83871,0.85000,0.00625,0.00000,0.33125,0.51250,0.00000,1.19778,0.11935,0.28052,0.35714,0.14863,0.81056,160,combined,1.25
combined_micro_shift,ensemble_uncertainty_gate,8,0.81250,0.81613,0.77500,0.00000,0.00000,0.32500,0.53750,0.00000,1.19603,0.12259,0.30930,0.35225,0.14526,0.78506,160,combined,1.25
combined_micro_shift,ensemble_uncertainty_gate,9,0.81250,0.80968,0.82500,0.00000,0.00000,0.31250,0.57500,0.00000,1.20056,0.11878,0.29997,0.35050,0.14441,0.78442,160,combined,1.25
combined_micro_shift,bayesian_skill_survival,0,0.86250,0.86129,0.90000,0.00000,0.00000,0.45000,0.48125,0.00000,1.21686,0.20443,0.26343,0.37046,0.14407,0.83214,160,combined,1.25
combined_micro_shift,bayesian_skill_survival,1,0.81250,0.81290,0.87500,0.00000,0.00000,0.45000,0.45625,0.00000,1.21167,0.19627,0.29089,0.37359,0.14681,0.78287,160,combined,1.25
combined_micro_shift,bayesian_skill_survival,2,0.79375,0.79355,0.82500,0.00000,0.00000,0.47500,0.45625,0.00000,1.21817,0.19377,0.29801,0.36761,0.14044,0.76321,160,combined,1.25
combined_micro_shift,bayesian_skill_survival,3,0.85625,0.85161,0.77500,0.00000,0.00000,0.41875,0.50625,0.00000,1.21392,0.20433,0.26751,0.37103,0.14927,0.82630,160,combined,1.25
combined_micro_shift,bayesian_skill_survival,4,0.83750,0.83871,0.72500,0.00000,0.00000,0.45625,0.46250,0.00000,1.21459,0.20244,0.28346,0.37478,0.14712,0.80746,160,combined,1.25
combined_micro_shift,bayesian_skill_survival,5,0.84375,0.83871,0.90000,0.00000,0.00000,0.47500,0.43125,0.00000,1.21298,0.21494,0.26887,0.37344,0.14373,0.81393,160,combined,1.25
combined_micro_shift,bayesian_skill_survival,6,0.83125,0.82581,0.87500,0.00000,0.00000,0.41250,0.51875,0.00000,1.21489,0.20778,0.28584,0.36854,0.15053,0.80117,160,combined,1.25
combined_micro_shift,bayesian_skill_survival,7,0.78750,0.78387,0.80000,0.00000,0.00000,0.45000,0.46875,0.00000,1.21427,0.21501,0.30390,0.37623,0.14541,0.75750,160,combined,1.25
combined_micro_shift,bayesian_skill_survival,8,0.86250,0.85806,0.95000,0.00000,0.00000,0.45625,0.46875,0.00000,1.21589,0.19978,0.25916,0.37359,0.14640,0.83228,160,combined,1.25
combined_micro_shift,bayesian_skill_survival,9,0.82500,0.81935,0.82500,0.00625,0.00000,0.44375,0.48750,0.00000,1.22184,0.20535,0.28682,0.37328,0.14848,0.78844,160,combined,1.25
combined_micro_shift,cvar_lifetime_guard,0,0.86250,0.86129,0.80000,0.00000,0.00000,0.86875,0.13125,0.00000,1.25311,0.14343,0.25024,0.42631,0.08741,0.82706,160,combined,1.25
combined_micro_shift,cvar_lifetime_guard,1,0.78750,0.79032,0.77500,0.00625,0.00000,0.86875,0.13125,0.00000,1.25842,0.14007,0.30165,0.42790,0.08714,0.74582,160,combined,1.25
combined_micro_shift,cvar_lifetime_guard,2,0.88125,0.87742,0.87500,0.00000,0.00000,0.85000,0.15000,0.00000,1.25212,0.13659,0.23595,0.42530,0.08752,0.84595,160,combined,1.25
combined_micro_shift,cvar_lifetime_guard,3,0.82500,0.81935,0.82500,0.00000,0.00000,0.86250,0.13750,0.00000,1.25278,0.14883,0.27236,0.42404,0.08701,0.78961,160,combined,1.25
combined_micro_shift,cvar_lifetime_guard,4,0.86875,0.86774,0.85000,0.00000,0.00000,0.84375,0.15625,0.00000,1.25180,0.14562,0.24539,0.43059,0.09052,0.83350,160,combined,1.25
combined_micro_shift,cvar_lifetime_guard,5,0.84375,0.84516,0.77500,0.00000,0.00000,0.85625,0.14375,0.00000,1.25245,0.15772,0.26219,0.42996,0.08846,0.80841,160,combined,1.25
combined_micro_shift,cvar_lifetime_guard,6,0.81250,0.80968,0.75000,0.00000,0.00000,0.86875,0.13125,0.00000,1.25311,0.15103,0.28193,0.42032,0.08578,0.77706,160,combined,1.25
combined_micro_shift,cvar_lifetime_guard,7,0.84375,0.84194,0.80000,0.00000,0.00000,0.86875,0.13125,0.00000,1.25311,0.15169,0.26146,0.43189,0.08839,0.80831,160,combined,1.25
combined_micro_shift,cvar_lifetime_guard,8,0.83125,0.83226,0.85000,0.00625,0.00000,0.88125,0.11875,0.00000,1.25908,0.13968,0.27015,0.42760,0.08615,0.78948,160,combined,1.25
combined_micro_shift,cvar_lifetime_guard,9,0.78125,0.78065,0.77500,0.00000,0.00000,0.86875,0.13125,0.00000,1.25311,0.14977,0.30152,0.42676,0.08715,0.74581,160,combined,1.25
combined_micro_shift,skill_half_life_scheduler_v5,0,0.76250,0.76774,0.67500,0.00625,0.00000,0.21875,0.53125,0.00000,1.17242,0.17143,0.32830,0.36788,0.15146,0.73286,160,combined,1.25
combined_micro_shift,skill_half_life_scheduler_v5,1,0.78750,0.78065,0.77500,0.01250,0.00000,0.21250,0.60625,0.00000,1.19167,0.16954,0.32186,0.37234,0.15603,0.74967,160,combined,1.25
combined_micro_shift,skill_half_life_scheduler_v5,2,0.75000,0.74839,0.77500,0.01250,0.00000,0.20625,0.61250,0.00000,1.19134,0.15601,0.34005,0.36849,0.15435,0.71221,160,combined,1.25
combined_micro_shift,skill_half_life_scheduler_v5,3,0.78750,0.78387,0.80000,0.00625,0.00000,0.21875,0.57500,0.00000,1.18150,0.16640,0.31752,0.36607,0.15193,0.75659,160,combined,1.25
combined_micro_shift,skill_half_life_scheduler_v5,4,0.80000,0.80000,0.77500,0.00625,0.00000,0.21875,0.55625,0.00000,1.17761,0.16463,0.30682,0.37178,0.15286,0.76963,160,combined,1.25
combined_micro_shift,skill_half_life_scheduler_v5,5,0.80625,0.80323,0.77500,0.00625,0.00000,0.22500,0.60625,0.00000,1.18961,0.16762,0.30206,0.37127,0.15094,0.77420,160,combined,1.25
combined_micro_shift,skill_half_life_scheduler_v5,6,0.71250,0.71290,0.72500,0.00000,0.00000,0.21250,0.61250,0.00000,1.18234,0.16586,0.36353,0.36386,0.15500,0.68697,160,combined,1.25
combined_micro_shift,skill_half_life_scheduler_v5,7,0.85625,0.85161,0.85000,0.01250,0.00000,0.21250,0.57500,0.00000,1.18519,0.16285,0.28374,0.37620,0.15668,0.81932,160,combined,1.25
combined_micro_shift,skill_half_life_scheduler_v5,8,0.83750,0.83548,0.77500,0.00000,0.00000,0.21250,0.59375,0.00000,1.17845,0.15891,0.28620,0.37133,0.15349,0.81252,160,combined,1.25
combined_micro_shift,skill_half_life_scheduler_v5,9,0.76250,0.75484,0.77500,0.00000,0.00000,0.21875,0.64375,0.00000,1.19045,0.16466,0.32852,0.37028,0.15452,0.73584,160,combined,1.25
combined_micro_shift,oracle_shift_aware_scheduler,0,0.83750,0.84194,0.82500,0.00000,0.00000,0.26875,0.55000,0.00000,1.18400,0.00000,0.27958,0.24379,0.14858,0.81174,160,combined,1.25
combined_micro_shift,oracle_shift_aware_scheduler,1,0.83125,0.83548,0.72500,0.00000,0.00000,0.26250,0.56875,0.00000,1.18627,0.00000,0.28385,0.24588,0.14921,0.80517,160,combined,1.25
combined_micro_shift,oracle_shift_aware_scheduler,2,0.82500,0.82581,0.77500,0.00000,0.00000,0.26875,0.53750,0.00000,1.18141,0.00000,0.28394,0.24242,0.14758,0.79960,160,combined,1.25
combined_micro_shift,oracle_shift_aware_scheduler,3,0.83750,0.84194,0.75000,0.00000,0.00000,0.26875,0.53750,0.00000,1.18141,0.00000,0.27710,0.23881,0.14713,0.81210,160,combined,1.25
combined_micro_shift,oracle_shift_aware_scheduler,4,0.80000,0.79355,0.72500,0.00000,0.00000,0.26875,0.55625,0.00000,1.18530,0.00000,0.30217,0.24553,0.15042,0.77406,160,combined,1.25
combined_micro_shift,oracle_shift_aware_scheduler,5,0.88750,0.88710,0.82500,0.00000,0.00000,0.26250,0.54375,0.00000,1.18108,0.00000,0.24642,0.24169,0.14869,0.86215,160,combined,1.25
combined_micro_shift,oracle_shift_aware_scheduler,6,0.80625,0.81290,0.72500,0.00000,0.00000,0.26875,0.53125,0.00000,1.18011,0.00000,0.29753,0.23734,0.14614,0.78103,160,combined,1.25
combined_micro_shift,oracle_shift_aware_scheduler,7,0.82500,0.82258,0.82500,0.00000,0.00000,0.25625,0.55625,0.00000,1.18205,0.00000,0.29004,0.24258,0.14952,0.79951,160,combined,1.25
combined_micro_shift,oracle_shift_aware_scheduler,8,0.81875,0.81935,0.80000,0.00000,0.00000,0.25625,0.56250,0.00000,1.18334,0.00000,0.29361,0.24539,0.15120,0.79308,160,combined,1.25
combined_micro_shift,oracle_shift_aware_scheduler,9,0.82500,0.81935,0.87500,0.00000,0.00000,0.26875,0.53125,0.00000,1.18011,0.00000,0.28412,0.24208,0.14711,0.79978,160,combined,1.25
combined_micro_shift,domain_randomized_clone,0,0.38125,0.38065,0.10000,0.36875,0.65625,0.00000,0.00000,0.00000,1.31344,0.87698,0.41109,0.44333,0.46673,-0.21026,160,combined,1.50
combined_micro_shift,domain_randomized_clone,1,0.39375,0.39032,0.12500,0.38125,0.65625,0.00000,0.00000,0.00000,1.32406,0.90513,0.41236,0.42841,0.45947,-0.21024,160,combined,1.50
combined_micro_shift,domain_randomized_clone,2,0.37500,0.36774,0.20000,0.34375,0.65625,0.00000,0.00000,0.00000,1.29219,0.87483,0.41072,0.43842,0.46725,-0.19153,160,combined,1.50
combined_micro_shift,domain_randomized_clone,3,0.40000,0.39677,0.12500,0.38750,0.66250,0.00000,0.00000,0.00000,1.32937,0.87428,0.39958,0.43066,0.46151,-0.21236,160,combined,1.50
combined_micro_shift,domain_randomized_clone,4,0.38750,0.38710,0.10000,0.40000,0.67500,0.00000,0.00000,0.00000,1.34000,0.84654,0.39974,0.43910,0.46768,-0.24160,160,combined,1.50
combined_micro_shift,domain_randomized_clone,5,0.41250,0.40323,0.12500,0.35000,0.66875,0.00000,0.00000,0.00000,1.29750,0.89736,0.40990,0.42864,0.45998,-0.16453,160,combined,1.50
combined_micro_shift,domain_randomized_clone,6,0.45000,0.45161,0.12500,0.34375,0.66250,0.00000,0.00000,0.00000,1.29219,0.86748,0.40452,0.43541,0.46386,-0.11866,160,combined,1.50
combined_micro_shift,domain_randomized_clone,7,0.46250,0.46129,0.17500,0.39375,0.66875,0.00000,0.00000,0.00000,1.33469,0.88594,0.39851,0.43695,0.46368,-0.15823,160,combined,1.50
combined_micro_shift,domain_randomized_clone,8,0.33750,0.33548,0.10000,0.40625,0.68125,0.00000,0.00000,0.00000,1.34531,0.86166,0.42400,0.43817,0.46624,-0.29997,160,combined,1.50
combined_micro_shift,domain_randomized_clone,9,0.37500,0.37419,0.07500,0.40000,0.65000,0.00000,0.00000,0.00000,1.34000,0.86023,0.40573,0.43090,0.46218,-0.24560,160,combined,1.50
combined_micro_shift,conformal_risk_gate,0,0.80625,0.80968,0.72500,0.00000,0.00000,0.48125,0.43125,0.00000,1.22862,0.11110,0.30559,0.41984,0.12894,0.77424,160,combined,1.50
combined_micro_shift,conformal_risk_gate,1,0.81875,0.81935,0.77500,0.00625,0.00000,0.41875,0.46250,0.00000,1.22519,0.12555,0.29993,0.41464,0.14116,0.78172,160,combined,1.50
combined_micro_shift,conformal_risk_gate,2,0.85000,0.84516,0.85000,0.00000,0.00000,0.50000,0.40000,0.00000,1.22600,0.12223,0.26803,0.41323,0.12599,0.81836,160,combined,1.50
combined_micro_shift,conformal_risk_gate,3,0.77500,0.78065,0.77500,0.00000,0.00000,0.46250,0.43750,0.00000,1.22525,0.12333,0.32728,0.41119,0.13181,0.74347,160,combined,1.50
combined_micro_shift,conformal_risk_gate,4,0.81250,0.80968,0.82500,0.00000,0.00000,0.46250,0.45625,0.00000,1.22975,0.11485,0.29628,0.41614,0.13086,0.78034,160,combined,1.50
combined_micro_shift,conformal_risk_gate,5,0.83750,0.83871,0.90000,0.00000,0.00000,0.43125,0.46250,0.00000,1.22313,0.11989,0.27959,0.40860,0.12914,0.80626,160,combined,1.50
combined_micro_shift,conformal_risk_gate,6,0.79375,0.79355,0.82500,0.00625,0.00000,0.43750,0.49375,0.00000,1.23756,0.11749,0.31194,0.41492,0.13208,0.75499,160,combined,1.50
combined_micro_shift,conformal_risk_gate,7,0.83750,0.84194,0.90000,0.00625,0.00000,0.44375,0.45000,0.00000,1.22869,0.10366,0.28369,0.41963,0.13812,0.79998,160,combined,1.50
combined_micro_shift,conformal_risk_gate,8,0.81250,0.81290,0.72500,0.00625,0.00000,0.44375,0.47500,0.00000,1.23469,0.10966,0.30334,0.41815,0.13549,0.77414,160,combined,1.50
combined_micro_shift,conformal_risk_gate,9,0.78125,0.78065,0.67500,0.00625,0.00000,0.43750,0.48750,0.00000,1.23606,0.11498,0.32415,0.41267,0.13494,0.74270,160,combined,1.50
combined_micro_shift,ensemble_uncertainty_gate,0,0.81250,0.81290,0.80000,0.00000,0.00000,0.46875,0.43125,0.00000,1.22538,0.11923,0.29975,0.38490,0.13335,0.78095,160,combined,1.50
combined_micro_shift,ensemble_uncertainty_gate,1,0.79375,0.79032,0.85000,0.00000,0.00000,0.40625,0.46875,0.00000,1.21813,0.13359,0.31268,0.37786,0.14186,0.76321,160,combined,1.50
combined_micro_shift,ensemble_uncertainty_gate,2,0.80625,0.80323,0.72500,0.00000,0.00000,0.45000,0.46875,0.00000,1.22950,0.12880,0.30677,0.38177,0.13736,0.77412,160,combined,1.50
combined_micro_shift,ensemble_uncertainty_gate,3,0.78750,0.78065,0.80000,0.00625,0.00000,0.45625,0.44375,0.00000,1.23044,0.12904,0.30865,0.37525,0.13422,0.74974,160,combined,1.50
combined_micro_shift,ensemble_uncertainty_gate,4,0.84375,0.84194,0.85000,0.00000,0.00000,0.45000,0.45625,0.00000,1.22650,0.11721,0.27217,0.37998,0.13287,0.81204,160,combined,1.50
combined_micro_shift,ensemble_uncertainty_gate,5,0.81875,0.81935,0.80000,0.00625,0.00000,0.41250,0.46875,0.00000,1.22506,0.12751,0.29615,0.37417,0.13452,0.78174,160,combined,1.50
combined_micro_shift,ensemble_uncertainty_gate,6,0.82500,0.82258,0.80000,0.00000,0.00000,0.41250,0.48125,0.00000,1.22275,0.13096,0.29324,0.38048,0.13751,0.79381,160,combined,1.50
combined_micro_shift,ensemble_uncertainty_gate,7,0.80625,0.80000,0.82500,0.00625,0.00000,0.42500,0.46250,0.00000,1.22681,0.11577,0.30103,0.38475,0.14263,0.76900,160,combined,1.50
combined_micro_shift,ensemble_uncertainty_gate,8,0.78125,0.77742,0.77500,0.00625,0.00000,0.42500,0.48750,0.00000,1.23281,0.11843,0.31541,0.38276,0.13899,0.74316,160,combined,1.50
combined_micro_shift,ensemble_uncertainty_gate,9,0.82500,0.82258,0.85000,0.00000,0.00000,0.43125,0.45625,0.00000,1.22162,0.12396,0.28871,0.37689,0.13765,0.79397,160,combined,1.50
combined_micro_shift,bayesian_skill_survival,0,0.90625,0.90645,0.90000,0.00625,0.00000,0.58125,0.38125,0.00000,1.24794,0.22143,0.22945,0.41028,0.14004,0.86604,160,combined,1.50
combined_micro_shift,bayesian_skill_survival,1,0.84375,0.83871,0.75000,0.00000,0.00000,0.54375,0.41250,0.00000,1.24037,0.19375,0.27541,0.40131,0.14469,0.81010,160,combined,1.50
combined_micro_shift,bayesian_skill_survival,2,0.80625,0.80323,0.85000,0.00000,0.00000,0.60625,0.35000,0.00000,1.24162,0.21002,0.28987,0.40284,0.13547,0.77242,160,combined,1.50
combined_micro_shift,bayesian_skill_survival,3,0.82500,0.82581,0.80000,0.00000,0.00000,0.56250,0.38750,0.00000,1.23925,0.20486,0.27846,0.40021,0.14008,0.79150,160,combined,1.50
combined_micro_shift,bayesian_skill_survival,4,0.81875,0.81613,0.85000,0.00000,0.00000,0.58125,0.36875,0.00000,1.23962,0.21820,0.28750,0.40680,0.14243,0.78520,160,combined,1.50
combined_micro_shift,bayesian_skill_survival,5,0.86250,0.86774,0.80000,0.00000,0.00000,0.55000,0.39375,0.00000,1.23750,0.20121,0.25776,0.39837,0.13888,0.82925,160,combined,1.50
combined_micro_shift,bayesian_skill_survival,6,0.82500,0.81935,0.82500,0.00000,0.00000,0.58125,0.36875,0.00000,1.23963,0.21413,0.28225,0.40366,0.13981,0.79145,160,combined,1.50
combined_micro_shift,bayesian_skill_survival,7,0.84375,0.84839,0.72500,0.00000,0.00000,0.56250,0.38750,0.00000,1.23925,0.20307,0.26456,0.40634,0.14184,0.81025,160,combined,1.50
combined_micro_shift,bayesian_skill_survival,8,0.81875,0.81935,0.75000,0.00000,0.00000,0.57500,0.38750,0.00000,1.24250,0.21760,0.28534,0.40603,0.14144,0.78480,160,combined,1.50
combined_micro_shift,bayesian_skill_survival,9,0.83750,0.83871,0.85000,0.00000,0.00000,0.55625,0.39375,0.00000,1.23913,0.21254,0.27249,0.40089,0.14163,0.80402,160,combined,1.50
combined_micro_shift,cvar_lifetime_guard,0,0.85625,0.85484,0.82500,0.01250,0.00000,0.95000,0.05000,0.00000,1.26963,0.15340,0.25527,0.47466,0.09406,0.80750,160,combined,1.50
combined_micro_shift,cvar_lifetime_guard,1,0.80000,0.81613,0.80000,0.00000,0.00000,0.91875,0.08125,0.00000,1.25837,0.14380,0.29460,0.46246,0.09223,0.76383,160,combined,1.50
combined_micro_shift,cvar_lifetime_guard,2,0.80000,0.80968,0.75000,0.00000,0.00000,0.93125,0.06875,0.00000,1.25862,0.16404,0.29371,0.46967,0.09439,0.76379,160,combined,1.50
combined_micro_shift,cvar_lifetime_guard,3,0.81250,0.82258,0.80000,0.00000,0.00000,0.93125,0.06875,0.00000,1.25862,0.15706,0.28658,0.46382,0.09250,0.77629,160,combined,1.50
combined_micro_shift,cvar_lifetime_guard,4,0.85625,0.85806,0.77500,0.00000,0.00000,0.93750,0.06250,0.00000,1.25875,0.16335,0.25390,0.47022,0.09455,0.82003,160,combined,1.50
combined_micro_shift,cvar_lifetime_guard,5,0.80000,0.80000,0.87500,0.00000,0.00000,0.92500,0.07500,0.00000,1.25850,0.14861,0.28925,0.46194,0.09124,0.76381,160,combined,1.50
combined_micro_shift,cvar_lifetime_guard,6,0.82500,0.83548,0.77500,0.00000,0.00000,0.95000,0.05000,0.00000,1.25900,0.15514,0.27717,0.46700,0.09168,0.78874,160,combined,1.50
combined_micro_shift,cvar_lifetime_guard,7,0.83125,0.82903,0.85000,0.00000,0.00000,0.93750,0.06250,0.00000,1.25875,0.14503,0.26926,0.46897,0.09233,0.79503,160,combined,1.50
combined_micro_shift,cvar_lifetime_guard,8,0.82500,0.82581,0.87500,0.00000,0.00000,0.93125,0.06875,0.00000,1.25862,0.15743,0.27612,0.46925,0.09309,0.78879,160,combined,1.50
combined_micro_shift,cvar_lifetime_guard,9,0.81250,0.81613,0.80000,0.00000,0.00000,0.93750,0.06250,0.00000,1.25875,0.15720,0.28466,0.46358,0.09222,0.77628,160,combined,1.50
combined_micro_shift,skill_half_life_scheduler_v5,0,0.79375,0.79032,0.80000,0.00625,0.00000,0.25000,0.60625,0.00000,1.21581,0.15917,0.30899,0.41093,0.15246,0.75804,160,combined,1.50
combined_micro_shift,skill_half_life_scheduler_v5,1,0.75625,0.75806,0.75000,0.00625,0.00000,0.24375,0.55625,0.00000,1.20219,0.19073,0.33808,0.40060,0.15542,0.72244,160,combined,1.50
combined_micro_shift,skill_half_life_scheduler_v5,2,0.81875,0.81613,0.65000,0.02500,0.00000,0.25625,0.58125,0.00000,1.22737,0.15976,0.29032,0.40378,0.15039,0.76492,160,combined,1.50
combined_micro_shift,skill_half_life_scheduler_v5,3,0.79375,0.78710,0.75000,0.00000,0.00000,0.23125,0.61875,0.00000,1.20863,0.17318,0.31380,0.40323,0.15848,0.76454,160,combined,1.50
combined_micro_shift,skill_half_life_scheduler_v5,4,0.78125,0.77419,0.72500,0.00625,0.00000,0.24375,0.54375,0.00000,1.19919,0.16935,0.31723,0.40574,0.15309,0.74786,160,combined,1.50
combined_micro_shift,skill_half_life_scheduler_v5,5,0.83125,0.82903,0.80000,0.00000,0.00000,0.23750,0.58750,0.00000,1.20275,0.17906,0.29615,0.40134,0.15685,0.80287,160,combined,1.50
combined_micro_shift,skill_half_life_scheduler_v5,6,0.73750,0.73548,0.70000,0.00000,0.00000,0.23125,0.65625,0.00000,1.21762,0.16568,0.34544,0.40629,0.15700,0.70703,160,combined,1.50
combined_micro_shift,skill_half_life_scheduler_v5,7,0.82500,0.81935,0.80000,0.00625,0.00000,0.25000,0.58125,0.00000,1.20981,0.16474,0.29322,0.40792,0.15637,0.79013,160,combined,1.50
combined_micro_shift,skill_half_life_scheduler_v5,8,0.78125,0.77419,0.75000,0.00625,0.00000,0.24375,0.63125,0.00000,1.22019,0.14903,0.32123,0.40670,0.15577,0.74492,160,combined,1.50
combined_micro_shift,skill_half_life_scheduler_v5,9,0.80000,0.79677,0.72500,0.01250,0.00000,0.23750,0.55625,0.00000,1.20588,0.15803,0.31294,0.40179,0.15699,0.76018,160,combined,1.50
combined_micro_shift,oracle_shift_aware_scheduler,0,0.83125,0.83226,0.80000,0.00000,0.00000,0.28750,0.56875,0.00000,1.21125,0.00000,0.28461,0.27604,0.15568,0.80168,160,combined,1.50
combined_micro_shift,oracle_shift_aware_scheduler,1,0.84375,0.83871,0.87500,0.00000,0.00000,0.28750,0.54375,0.00000,1.20525,0.00000,0.27598,0.26961,0.15364,0.81502,160,combined,1.50
combined_micro_shift,oracle_shift_aware_scheduler,2,0.82500,0.82581,0.82500,0.00000,0.00000,0.30625,0.53750,0.00000,1.20863,0.00000,0.29005,0.27241,0.15132,0.79579,160,combined,1.50
combined_micro_shift,oracle_shift_aware_scheduler,3,0.81875,0.81290,0.80000,0.00000,0.00000,0.28750,0.55625,0.00000,1.20825,0.00000,0.29146,0.26637,0.15466,0.78959,160,combined,1.50
combined_micro_shift,oracle_shift_aware_scheduler,4,0.85000,0.84516,0.80000,0.00000,0.00000,0.30625,0.52500,0.00000,1.20562,0.00000,0.26585,0.26530,0.14893,0.82121,160,combined,1.50
combined_micro_shift,oracle_shift_aware_scheduler,5,0.83125,0.82903,0.77500,0.00000,0.00000,0.31250,0.49375,0.00000,1.19975,0.00000,0.28148,0.26652,0.15140,0.80329,160,combined,1.50
combined_micro_shift,oracle_shift_aware_scheduler,6,0.83125,0.82903,0.80000,0.00000,0.00000,0.30000,0.54375,0.00000,1.20850,0.00000,0.28172,0.26589,0.14979,0.80206,160,combined,1.50
combined_micro_shift,oracle_shift_aware_scheduler,7,0.81250,0.80968,0.80000,0.00625,0.00000,0.28750,0.56250,0.00000,1.21506,0.00000,0.29545,0.26874,0.15141,0.77689,160,combined,1.50
combined_micro_shift,oracle_shift_aware_scheduler,8,0.82500,0.82581,0.77500,0.00000,0.00000,0.28750,0.54375,0.00000,1.20525,0.00000,0.29391,0.26996,0.15314,0.79627,160,combined,1.50
combined_micro_shift,oracle_shift_aware_scheduler,9,0.79375,0.79032,0.82500,0.00000,0.00000,0.29375,0.52500,0.00000,1.20237,0.00000,0.30616,0.26454,0.15122,0.76542,160,combined,1.50
