uid,title,abstract,year,venue,authors,doi,arxiv_id,url,source,query,query_role,family,advisor_seed,citation_count,matched_terms,retrieved_at,relevance_score,hostile_score
title:lost in translation skills policy and the shift to skill ecosystems,Lost in translation? Skills policy and the shift to skill ecosystems,This chapter strarts by outlining the shift in thinking from skill equilibria to skill ecosystems and indicate how the concept has been lost in its translation into policy initiatives. We then re-present the concept so that understanding of it and its relevance to the new economic thinking is clearer. The final section of the chapter uses skills to raise some broader issues about the implementation of the new economic thinking into policy.,2012,Strathprints: The University of Strathclyde institutional repository (University of Strathclyde),Pauline Anderson; Chris Warhurst,,,https://openalex.org/W161294835,openalex,energy based policy robotics,concept,ebm,,11,,2026-06-12T18:43:24Z,21.292,21.292
doi:10.1007/s10015-024-00979-y,Evaluating how psychological senses and physical motions are affected by avatar shapes in a non-immersive environment,,2025,Artificial Life and Robotics,Yuki Kida; Tetsuro Ogi,10.1007/s10015-024-00979-y,,https://doi.org/10.1007/s10015-024-00979-y,crossref,robotics,concept,crossref_bulk_robotics,,,,2026-06-12T19:29:26Z,20.600,20.600
doi:10.1186/s12984-019-0587-8,Learning and transfer of complex motor skills in virtual reality: a perspective review,"The development of more effective rehabilitative interventions requires a better understanding of how humans learn and transfer motor skills in real-world contexts. Presently, clinicians design interventions to promote skill learning by relying on evidence from experimental paradigms involving simple tasks, such as reaching for a target. While these tasks facilitate stringent hypothesis testing in laboratory settings, the results may not shed light on performance of more complex real-world skills. In this perspective, we argue that virtual environments (VEs) are flexible, novel platforms to evaluate learning and transfer of complex skills without sacrificing experimental control. Specifically, VEs use models of real-life tasks that afford controlled experimental manipulations to measure and guide behavior with a precision that exceeds the capabilities of physical environments. This paper",2019,Journal of NeuroEngineering and Rehabilitation,Danielle Levac; Meghan E. Huber; Dagmar Sternad,10.1186/s12984-019-0587-8,,https://doi.org/10.1186/s12984-019-0587-8,openalex,energy based model robot learning,concept,ebm,,272,skill learning,2026-06-12T18:05:07Z,20.005,21.005
doi:10.1186/s12984-017-0247-9,Physical interface dynamics alter how robotic exosuits augment human movement: implications for optimizing wearable assistive devices,"BACKGROUND: Wearable assistive devices have demonstrated the potential to improve mobility outcomes for individuals with disabilities, and to augment healthy human performance; however, these benefits depend on how effectively power is transmitted from the device to the human user. Quantifying and understanding this power transmission is challenging due to complex human-device interface dynamics that occur as biological tissues and physical interface materials deform and displace under load, absorbing and returning power. METHODS: Here we introduce a new methodology for quickly estimating interface power dynamics during movement tasks using common motion capture and force measurements, and then apply this method to quantify how a soft robotic ankle exosuit interacts with and transfers power to the human body during walking. We partition exosuit end-effector power (i.e., power output from",2017,Journal of NeuroEngineering and Rehabilitation,Matthew B. Yandell; Brendan Quinlivan; Dmitry Popov; Conor J. Walsh; Karl E. Zelik,10.1186/s12984-017-0247-9,,https://doi.org/10.1186/s12984-017-0247-9,openalex,energy based policy robotics,concept,ebm,,152,,2026-06-12T18:05:07Z,19.965,19.965
doi:10.1016/j.promfg.2017.07.209,Integration of a Skill-based Collaborative Mobile Robot in a Smart Cyber-physical Environment,"The goal of this paper is to investigate the benefits of integrating collaborative robotic manipulators with autonomous mobile platforms for flexible part feeding processes in an Industry 4.0 production facility. The paper presents Little Helper 6 (LH6), consisting of a MiR100, UR5, a Robotiq 3-Finger Gripper and a task level software framework, called Skill Based System (SBS). The preliminary experiments performed with LH6, demonstrate that the capabilities of skill-based programming, 3D QR based calibration, part feeding, mapping and dynamic collision avoidance are successfully executed and strategies for further expansion of the operational capabilities of the system are discussed.",2017,Procedia Manufacturing,Rasmus Eckholdt Andersen; Emil Blixt Hansen; David Černý; Steffen Madsen; Biranavan Pulendralingam; Simon Bøgh; Dimitrios Chrysostomou,10.1016/j.promfg.2017.07.209,,https://doi.org/10.1016/j.promfg.2017.07.209,openalex,robotics,concept,openalex_bulk_robotics,,45,,2026-06-12T18:57:17Z,19.314,19.314
doi:10.5772/acrt.23,"How Hands-On Assessments Can Boost Retention, Satisfaction, Skill Development, and Career Outcomes in Online Courses","Hands-on assessments provide active opportunities for students to practice new skills they have just learned. Massive open online course (MOOC) platforms offer a uniquely large dataset to track the impact of hands-on assessments on learners’ skill development, satisfaction, and career trajectory. While existing MOOC literature explore enrollment and demographic data, few have investigated the outcomes for learners who engage with different types of assessments within these online courses. This article is important because it quantifies the learner impact of hands-on experiences in MOOCs. With innovative analytics and hundreds of millions of course enrollments, online course platforms can shed light on the influence of alternative teaching decisions and assessment types. MOOCs offer data to quantify individual learners’ skill development in different topics before averaging across all cou",2023,"AI, Computer Science and Robotics Technology",Alexandra Urban,10.5772/acrt.23,,https://doi.org/10.5772/acrt.23,crossref,robotics,concept,crossref_bulk_robotics,,6,,2026-06-12T19:29:26Z,19.223,19.223
doi:10.1007/s10514-015-9435-2,Adaptation of manipulation skills in physical contact with the environment to reference force profiles,,2015,Autonomous Robots,Fares J. Abu-Dakka; Bojan Nemec; Jimmy A. Jørgensen; Thiusius R. Savarimuthu; Norbert Krüger; Aleš Ude,10.1007/s10514-015-9435-2,,https://doi.org/10.1007/s10514-015-9435-2,crossref,robot world models manipulation,concept,world_models,,134,robot world model,2026-06-12T15:07:36Z,19.053,19.053
doi:10.1002/rcs.390,How to build patient‐specific synthetic abdominal anatomies. An innovative approach from physical toward hybrid surgical simulators,"Abstract Background According to literature evidence, simulation is of the utmost importance for training and innovative surgical strategies assessment. At present commercial physical simulators are limited to single or only a few anatomical structures and these are often just standard anatomies. Methods This paper describes a strategy to produce patient‐specific abdominal silicone organs with realistic shapes and colors, starting from radiological images. Synthetic organs can be assembled in a complex physical simulator or, if paired with electromagnetic sensors, in a hybrid environment (mixed reality) to quantify deformations caused by surgical action. Results A physical trunk phantom with liver, gallbladder, pancreas and a sensorized stomach has been developed. It is coupled with consistent radiological images and a 3D model of the entire upper abdomen. The simulator has been evaluate",2011,The International Journal of Medical Robotics and Computer Assisted Surgery,S. Condino; M. Carbone; V. Ferrari; L. Faggioni; A. Peri; M. Ferrari; F. Mosca,10.1002/rcs.390,,https://doi.org/10.1002/rcs.390,crossref,robotics,concept,crossref_bulk_robotics,,40,,2026-06-12T19:29:26Z,18.507,18.507
doi:10.18608/jla.2025.8837,Bridging Virtual and Physical,"Computational thinking (CT) is a critical 21st-century skill that equips undergraduate students to solve problems systematically and think algorithmically. A key component of CT is computational creativity, which enables students to generate novel solutions within programming constraints. Humanoid robots are increasingly explored as promising tools to enhance CT skills, fostering teamwork and creativity in collaborative settings. However, gaps remain in understanding how different learning modalities impact the development of these skills. This study examines the comparative effects of robot-guided and simulation-based collaborative learning on undergraduate students’ computational creativity and CT skills. The study involved 71 undergraduate students, divided into small groups and randomly assigned to begin with either a robot-guided or simulation-based modality, switching to the altern",2025,Journal of Learning Analytics,Maya Usher; Noga Reznik; Gilad Bronshtein; Dan Kohen-Vacs,10.18608/jla.2025.8837,,https://doi.org/10.18608/jla.2025.8837,crossref,energy based model robot learning,concept,ebm,,1,humanoid robot,2026-06-12T15:07:36Z,18.347,18.347
doi:10.3390/buildings11040151,"Differentiating Digital Twin from Digital Shadow: Elucidating a Paradigm Shift to Expedite a Smart, Sustainable Built Environment","Construction projects and cities account for over 50% of carbon emissions and energy consumption. Industry 4.0 and digital transformation may increase productivity and reduce energy consumption. A digital twin (DT) is a key enabler in implementing Industry 4.0 in the areas of construction and smart cities. It is an emerging technology that connects different objects by utilising the advanced Internet of Things (IoT). As a technology, it is in high demand in various industries, and its literature is growing exponentially. Previous digital modeling practices, the use of data acquisition tools, human–computer–machine interfaces, programmable cities, and infrastructure, as well as Building Information Modeling (BIM), have provided digital data for construction, monitoring, or controlling physical objects. However, a DT is supposed to offer much more than digital representation. Characteristi",2021,Buildings,Samad M. E. Sepasgozar,10.3390/buildings11040151,,https://doi.org/10.3390/buildings11040151,openalex,energy based model robot learning,concept,ebm,,342,,2026-06-12T18:26:24Z,18.119,18.119
doi:10.21125/edulearn.2022.2197,HOW CAN ROBOTICS AND PROGRAMMING AFFECT CHILDREN’S COMPUTATIONAL THINKING SKILLS THROUGH REAL LIFE SCENARIOS?,,2022,EDULEARN Proceedings EDULEARN22 Proceedings,Eftychia Xerou; Charoula Angeli,10.21125/edulearn.2022.2197,,https://doi.org/10.21125/edulearn.2022.2197,crossref,robotics,concept,crossref_bulk_robotics,,,,2026-06-12T19:29:26Z,18.000,18.000
doi:10.1109/tase.2017.2743000,Interface Design of a Physical Human–Robot Interaction System for Human Impedance Adaptive Skill Transfer,"It has been established that the transfer of human adaptive impedance is of great significance for physical human-robot interaction (pHRI). By processing the electromyography (EMG) signals collected from human muscles, the limb impedance could be extracted and transferred to robots. The existing impedance transfer interfaces rely only on visual feedback and, thus, may be insufficient for skill transfer in a sophisticated environment. In this paper, physical haptic feedback mechanism is introduced to result in muscle activity that would generate EMG signals in a natural manner, in order to achieve intuitive human impedance transfer through a designed coupling interface. Relevant processing methods are integrated into the system, including the spectral collaborative representation-based classifications method used for hand motion recognition; fast smooth envelop and dimensionality reductio",2017,IEEE Transactions on Automation Science and Engineering,Chenguang Yang; Chao Zeng; Peidong Liang; Zhijun Li; Ruifeng Li; Chun‐Yi Su,10.1109/tase.2017.2743000,,https://doi.org/10.1109/tase.2017.2743000,openalex,robotics,concept,openalex_bulk_robotics,,220,skill learning; human robot interaction,2026-06-12T18:57:17Z,17.799,17.799
doi:10.1136/bmjebm-2022-111952,Adapt or die: how the pandemic made the shift from EBM to EBM+ more urgent,"Evidence-based medicine (EBM’s) traditional methods, especially randomised controlled trials (RCTs) and meta-analyses, along with risk-of-bias tools and checklists, have contributed significantly to the science of COVID-19. But these methods and tools were designed primarily to answer simple, focused questions in a stable context where yesterday’s research can be mapped more or less unproblematically onto today’s clinical and policy questions. They have significant limitations when extended to complex questions about a novel pathogen causing chaos across multiple sectors in a fast-changing global context. Non-pharmaceutical interventions which combine material artefacts, human behaviour, organisational directives, occupational health and safety, and the built environment are a case in point: EBM’s experimental, intervention-focused, checklist-driven, effect-size-oriented and deductive ap",2022,BMJ Evidence-Based Medicine,Trisha Greenhalgh; David Fisman; Danielle J Cane; Matthew Oliver; Chandini Raina Macintyre,10.1136/bmjebm-2022-111952,,https://doi.org/10.1136/bmjebm-2022-111952,crossref,EBM transformer robotics,concept,architecture,,89,EBM transformer robotics; limitation,2026-06-12T14:45:03Z,17.600,18.600
doi:10.3390/s21237830,A Digital Twin Approach for the Improvement of an Autonomous Mobile Robots (AMR’s) Operating Environment—A Case Study,"The contemporary market creates a demand for continuous improvement of production, service, and management processes. Increasingly advanced IT technologies help designers to meet this demand, as they allow them to abandon classic design and design-testing methods in favor of techniques that do not require the use of real-life systems and thus significantly reduce the costs and time of implementing new solutions. This is particularly important when re-engineering production and logistics processes in existing production companies, where physical testing is often infeasible as it would require suspension of production for the testing period. In this article, we showed how the Digital Twin technology can be used to test the operating environment of an autonomous mobile robot (AMR). In particular, the concept of the Digital Twin was used to assess the correctness of the design assumptions ad",2021,Sensors,P. Stączek; Jakub Pizoń; Wojciech Danilczuk; Arkadiusz Gola,10.3390/s21237830,,https://doi.org/10.3390/s21237830,openalex,energy based model robot learning,concept,ebm,,89,,2026-06-12T18:05:07Z,17.500,17.500
doi:10.1016/j.techsoc.2025.103029,"Institutional adaptability, skill-bias technological shifts, and energy efficiency in global decarbonization pathways: Exploring the role of artificial intelligence patents","The catalytic role of artificial intelligence patents (AIP) in accelerating global decarbonization pathways—through structural reductions in CO 2 emissions—remains underexplored. Leveraging a panel of 29 countries (2005–2023), this study explores the effect of AIP on carbon mitigation. We find robust evidence that AIP drives significant emissions reductions, with results persisting across instrumental variable regressions, sensitivity analyses, and alternative model specifications. Mechanism tests reveal three decarbonization channels: AIP drives technological shift by favoring skilled labor and automating carbon-intensive routine tasks; institutional adaptability magnifies these decarbonization benefits; and AIP enhances systemic energy efficiency, evidenced by substantial reductions in both primary energy intensity and per capita CO 2 emissions. Heterogeneity tests demonstrate that AIP",2025,Technology in Society,Brahim Bergougui,10.1016/j.techsoc.2025.103029,,https://doi.org/10.1016/j.techsoc.2025.103029,openalex,energy based transformer robot policy,concept,ebm_transformer,,19,energy based transformer robot policy,2026-06-12T18:05:07Z,17.498,17.498
doi:10.1145/3491102.3501927,ASTEROIDS: Exploring Swarms of Mini-Telepresence Robots for Physical Skill Demonstration,"Online synchronous tutoring allows for immediate engagement between instructors and audiences over distance. However, tutoring physical skills remains challenging because current telepresence approaches may not allow for adequate spatial awareness, viewpoint control of the demonstration activities scattered across an entire work area, and the instructor’s sufficient awareness of the audience. We present Asteroids, a novel approach for tangible robotic telepresence, to enable workbench-scale physical embodiments of remote people and tangible interactions by the instructor. With Asteroids, the audience can actively control a swarm of mini-telepresence robots, change camera positions, and switch to other robots’ viewpoints. Demonstrators can perceive the audiences’ physical presence while using tangible manipulations to control the audience’s viewpoints and presentation flow. We conducted a",2022,CHI Conference on Human Factors in Computing Systems,Jiannan Li; Maurício Sousa; Li Chu; Jessie Liu; Yan Chen; Ravin Balakrishnan; Tovi Grossman,10.1145/3491102.3501927,,https://doi.org/10.1145/3491102.3501927,openalex,robotics,concept,openalex_bulk_robotics,,24,,2026-06-12T18:57:17Z,17.359,17.359
doi:10.1080/15228835.2021.2000554,Caregivers’ use of robots and their effect on work environment – a scoping review,"Despite the lively discussion on the pros and cons of using robots in health care, little is still known about how caregivers are affected when robots are introduced in their work environment. The present scoping review fills this research gap by mapping previous studies about the relation between robots in care and caregivers’ working life. The paper is based on searches in four databases for peer-reviewed articles about robots in care settings, published 2000 to 2020. The 27 included papers were examined with the questions of 1) how robots are used by caregivers, and 2) how robots affect caregivers’ work environment. The analysis shows that the use of robots can affect both the physical and the psychosocial work environment, in positive as well as in negative ways. Robots are used in care settings to reduce physical and mental demands of the caregivers, but they can, in fact, increase ",2021,Journal of Technology in Human Services,Marcus Persson; David Redmalm; Clara Iversen,10.1080/15228835.2021.2000554,,https://doi.org/10.1080/15228835.2021.2000554,openalex,robotics,concept,openalex_bulk_robotics,,66,,2026-06-12T18:57:17Z,17.352,18.352
doi:10.1177/2158244020958736,Bridging the Skill Gap in Robotics: Global and National Environment,"This article focuses on the demand for skills of highly qualified scientific and technical professionals (engineers and researchers) in robotics, on both a global and national level. Information is collected using the text-mining of open-access vacancies for understanding the global trends and in-depth interviews with experts for a more detailed study of national trends. The study explores the combination of hard and soft skills, as well as interdisciplinary skills. Soft skill requirements play an important role in the demanded skill set of the specialist, but the claims for hard skills (including digital) are not becoming less strict. Programming and the knowledge of specialized software packages are the most important skills, but must be combined with practical skills (assembly, welding, soldering). The broad range of application areas for robotic systems creates demand for new multidi",2020,SAGE Open,Natalia Shmatko; Galina L. Volkova,10.1177/2158244020958736,,https://doi.org/10.1177/2158244020958736,openalex,robotics,concept,openalex_bulk_robotics,,47,,2026-06-12T18:57:17Z,17.286,17.286
doi:10.3390/rs15041076,HTDet: A Hybrid Transformer-Based Approach for Underwater Small Object Detection,"As marine observation technology develops rapidly, underwater optical image object detection is beginning to occupy an important role in many tasks, such as naval coastal defense tasks, aquaculture, etc. However, in the complex marine environment, the images captured by an optical imaging system are usually severely degraded. Therefore, how to detect objects accurately and quickly under such conditions is a critical problem that needs to be solved. In this manuscript, a novel framework for underwater object detection based on a hybrid transformer network is proposed. First, a lightweight hybrid transformer-based network is presented that can extract global contextual information. Second, a fine-grained feature pyramid network is used to overcome the issues of feeble signal disappearance. Third, the test-time-augmentation method is applied for inference without introducing additional para",2023,Remote Sensing,Gangqi Chen; Zhaoyong Mao; Kai Wang; Junge Shen,10.3390/rs15041076,,https://doi.org/10.3390/rs15041076,crossref,EBM transformer robotics deformable object manipulation,concept,architecture_x_embodiment,,53,EBM transformer robotics; deformable object manipulation,2026-06-12T15:07:36Z,17.244,17.244
doi:10.1109/biorob49111.2020.9224382,Enhancing Robot-Environment Physical Interaction via Optimal Impedance Profiles,"Physical interaction of robots with their environment is a challenging problem because of the exchanged forces. Hybrid position/force control schemes often exhibit problems during the contact phase, whereas impedance control appears to be more simple and reliable, especially when impedance is shaped to be energetically passive. Even if recent technologies enable shaping the impedance of a robot, how best to plan impedance parameters for task execution remains an open question. In this paper we present an optimization-based approach to plan not only the robot motion but also its desired end-effector mechanical impedance. We show how our methodology is able to take into account the transition from free motion to a contact condition, typical of physical interaction tasks. Results are presented for planar and three-dimensional open-chain manipulator arms. The compositionality of mechanical i",2020,,Giuseppe Averta; Neville Hogan,10.1109/biorob49111.2020.9224382,,https://doi.org/10.1109/biorob49111.2020.9224382,openalex,robotics,concept,openalex_bulk_robotics,,16,force control; impedance control; compositionality,2026-06-12T18:57:17Z,17.117,17.117
doi:10.1109/tcds.2020.2968056,A Framework of Hybrid Force/Motion Skills Learning for Robots,"Human factors and human-centered design philosophy are highly desired in today's robotics applications such as human-robot interaction (HRI). Several studies showed that endowing robots of human-like interaction skills can not only make them more likeable but also improve their performance. In particular, skill transfer by imitation learning can increase the usability and acceptability of robots by users without computer programming skills. In fact, besides positional information, muscle stiffness of the human arm and contact force with the environment also play important roles in understanding and generating human-like manipulation behaviors for robots, e.g., in physical HRI and teleoperation. To this end, we present a novel robot learning framework based on dynamic movement primitives (DMPs), taking into consideration both the positional and contact force profiles for human-robot skill",2020,IEEE Transactions on Cognitive and Developmental Systems,Ning Wang; Chuize Chen; Alessandro Di Nuovo,10.1109/tcds.2020.2968056,,https://doi.org/10.1109/tcds.2020.2968056,openalex,robotics,concept,openalex_bulk_robotics,,53,robot manipulation; imitation learning; teleoperation; human robot interaction; generalization,2026-06-12T18:57:17Z,17.044,18.044
arxiv:1911.00969v3,Learning to Scaffold the Development of Robotic Manipulation Skills,"Learning contact-rich, robotic manipulation skills is a challenging problem due to the high-dimensionality of the state and action space as well as uncertainty from noisy sensors and inaccurate motor control. To combat these factors and achieve more robust manipulation, humans actively exploit contact constraints in the environment. By adopting a similar strategy, robots can also achieve more robust manipulation. In this paper, we enable a robot to autonomously modify its environment and thereby discover how to ease manipulation skill learning. Specifically, we provide the robot with fixtures that it can freely place within the environment. These fixtures provide hard constraints that limit the outcome of robot actions. Thereby, they funnel uncertainty from perception and motor control and scaffold manipulation skill learning. We propose a learning system that consists of two learning lo",2019,arXiv,Lin Shao; Toki Migimatsu; Jeannette Bohg,,1911.00969v3,http://arxiv.org/abs/1911.00969v3,arxiv,physical reasoning robotics manipulation,concept,physical_reasoning,,,skill learning,2026-06-12T14:45:03Z,17.000,18.000
doi:10.1108/ir-10-2024-0495,Integrating skill knowledge and multimodal information to enhance 3C assembly skills,"Purpose To solve the 3C assembly task, the traditional robot needs a lot of manual coding and the skills learned are faced with the problems of adapting to the scene and task diversity, lack of generalization ability and so on. This paper aims to propose a skill knowledge and multimodal information fusion algorithm (SKMIF). Design/methodology/approach This method combines skill knowledge and multimodal information in large language model to enhance 3C assembly task skills. The SKMIF algorithm is used to conduct experiments in simulated and real 3C assembly tasks, which verifies the effectiveness of the method in single-task and multi-task scenarios, and solves the problem of insufficient generalization ability of automated programming. Findings Through the transfer from simulation to reality, the assembly strategy learned in the virtual environment is applied to the real scene, which sig",2025,Industrial Robot: the international journal of robotics research and application,Liqun Liu; Yupeng Xie; Ting Liu,10.1108/ir-10-2024-0495,,https://doi.org/10.1108/ir-10-2024-0495,crossref,EBM transformer robotics industrial robot,concept,architecture_x_embodiment,,1,EBM transformer robotics; industrial robot; generalization,2026-06-12T15:07:36Z,16.997,17.997
doi:10.1109/tii.2020.2984482,Simultaneously Encoding Movement and sEMG-Based Stiffness for Robotic Skill Learning,"Transferring human stiffness regulation strategies to robots enables them to effectively and efficiently acquire adaptive impedance control policies to deal with uncertainties during the accomplishment of physical contact tasks in an unstructured environment. In this article, we develop such a physical human-robot interaction system which allows robots to learn variable impedance skills from human demonstrations. Specifically, the biological signals, i.e., surface electromyography are utilized for the extraction of human arm stiffness features during the task demonstration. The estimated human arm stiffness is then mapped into a robot impedance controller. The dynamics of both movement and stiffness are simultaneously modeled by using a model combining the hidden semi-Markov model and the Gaussian mixture regression. More importantly, the correlation between the movement information and ",2020,IEEE Transactions on Industrial Informatics,Chao Zeng; Chenguang Yang; Hong Cheng; Yanan Li; Shi‐Lu Dai,10.1109/tii.2020.2984482,,https://doi.org/10.1109/tii.2020.2984482,openalex,robotics,concept,openalex_bulk_robotics,,97,impedance control; skill learning; human demonstration; human robot interaction,2026-06-12T18:57:17Z,16.992,16.992
doi:10.3390/s20071935,Developing an Interactive Environment through the Teaching of Mathematics with Small Robots,"The article is the product of the study ""Development of innovative resources to improve logical-mathematical skills in primary school, through educational robotics"", developed during the 2019 school year in three public schools in the province of Chiriquí, Republic of Panama. The teaching-learning process in students is influenced by aspects inside and outside the classroom, since not all schools have the necessary resources to deliver content or teaching material. The general objective of the project is to design, develop and implement educational robotics to improve logical-mathematical skills aimed at preschool and first grade students in public schools, using programmable educational robots. For this, a set of resources and activities were developed to improve the logical-mathematical skills of the initial stages, in public schools, obtaining significant results. Playful activities f",2020,Sensors,Lilia Múñoz; Vladimir Villarreal; Itza Morales; Joseph González; Mel Nielsen,10.3390/s20071935,,https://doi.org/10.3390/s20071935,openalex,robotics,concept,openalex_bulk_robotics,,45,,2026-06-12T18:57:17Z,16.914,16.914
doi:10.1108/ejtd-10-2019-0183,An empirical study of displaceable job skills in the age of robots,"Purpose The purpose of this paper is to contribute to the literature on issues regarding the influence of skill-polarized workplace on jobs, human capital and organization from human resource development’s (HRD’s) perspective, this research identified 30 displaceable skills from endangered jobs and examined 423 adult employees’ awareness and level of technological redundancy based on the displaceable kills. Design/methodology/approach By using survey methodology, the findings discovered four displaceable skill sets – repeated physical motion and performance, information process and analysis, repeated physical control of equipment, and individual affective performance – existing in 23 occupations with varying degrees. Findings Evidently, about half of the respondents were not aware of their level of technological redundancy and the current changes caused by automation and advancing techno",2020,European journal of training and development,Szufang Chuang,10.1108/ejtd-10-2019-0183,,https://doi.org/10.1108/ejtd-10-2019-0183,openalex,robotics,concept,openalex_bulk_robotics,,37,,2026-06-12T18:57:17Z,16.869,16.869
doi:10.1177/2399654420968112,"Incompatible with life: Embodied borders, migrant fertility, and the UK’s ‘hostile environment’","In this piece, I consider the uncomfortable and intimate intersection of bodies and borders through an autoethnographic account of encountering UK migration controls while losing a pregnancy. While this encounter was not representative of the disproportionate targeting of refused asylum seeker and undocumented migrants by these policies, I argue that migrant fertility has become a key lens through which the embodiment of the border is made material, and that the post-2012 deployment of a UK-wide set of policies generating a “Hostile Environment” for migrants demonstrates how the UK is embracing discomfort as a political strategy to deter migrants. Migrant fertility becomes perceived as an anticipatory threat to the body politic that must be continually pre-empted by the state. The restrictive policies of the UK’s hostile environment have exacerbated the perceived threat of fertile migran",2021,Environment and Planning C: Politics and Space,Kate Coddington,10.1177/2399654420968112,,https://doi.org/10.1177/2399654420968112,crossref,embodied world model planning control,concept,world_models,,14,deployment,2026-06-12T15:07:36Z,16.854,17.854
arxiv:2602.23545v2,Planning under Distribution Shifts with Causal POMDPs,"In the real world, planning is often challenged by distribution shifts. As such, a model of the environment obtained under one set of conditions may no longer remain valid as the distribution of states or the environment dynamics change, which in turn causes previously learned strategies to fail. In this work, we propose a theoretical framework for planning under partial observability using Partially Observable Markov Decision Processes (POMDPs) formulated using causal knowledge. By representing shifts in the environment as interventions on this causal POMDP, the framework enables evaluating plans under hypothesized changes and actively identifying which components of the environment have been altered. We show how to maintain and update a belief over both the latent state and the underlying domain, and we prove that the value function remains piecewise linear and convex (PWLC) in this au",2026,arXiv,Matteo Ceriscioli; Karthika Mohan,,2602.23545v2,http://arxiv.org/abs/2602.23545v2,arxiv,robot world model failure planning,hostile,failure,,,robot world model; partial observability; distribution shift; robot world model failure,2026-06-12T14:45:03Z,16.850,22.850
doi:10.18178/ijiet.2020.10.3.1358,Virtual Reality: Development of an Integrated Learning Environment for Education,"The new paradigm shift of education where learners should learn real-life scenarios and solve real-life problems has created a major challenge. Students are passive and detached and may struggle to see the relevance of what they are learning to their lives. The recent growth of emerging technologies has launched terms such as virtual reality (VR), augmented reality (AR) and mixed reality (MR) into mainstream topic. Virtual reality, an integrated, hands-on tool for learning, can play a unique role in addressing these educational challenges. The proposed research demonstrates using the knowledge of integrated disciplines with virtual reality. COSPACES and MERGE cube add-on have been used to develop a simulation platform to teach water cycle process for young kids. This type of integration develops learners' 21st century skills to be decision makers, problem solvers, lifelong learners, crea",2020,International Journal of Information and Education Technology,Ahmed Al-Gindy; Chema Felix; Ali Ahmed; Amani Matoug; Munia Alkhidir,10.18178/ijiet.2020.10.3.1358,,https://doi.org/10.18178/ijiet.2020.10.3.1358,openalex,energy based model robot learning,concept,ebm,,70,,2026-06-12T18:26:24Z,16.831,16.831
doi:10.1109/iros47612.2022.9981728,Passivity-Based Skill Motion Learning in Stiffness-Adaptive Unified Force-Impedance Control,"Tactile robots shall be deployed for dynamic task execution in production lines with small batch sizes. Therefore, these robots should have the ability to respond to changing conditions and be easy to (re-)program. Operating under uncertain environments requires unifying subsystems such as robot motion and force policy into one framework, referred to as tactile skills. In this paper, we propose the enhancement of these skills for passivity-based skill motion learning in stiffness-adaptive unified force-impedance control. To achieve the increased level of adaptability, we represent all tactile skills by three basic primitives: contact initiation, manipulation, and contact termination. To ensure passivity and stability, we develop an energy-based approach for unified force-impedance control that allows humans to teach the robot motion through physical interaction during the execution of a ",2022,2022 IEEE/RSJ International Conference on Intelligent Robots and Systems (IROS),Kübra Karacan; Hamid Sadeghian; Robin Jeanne Kirschner; Sami Haddadin,10.1109/iros47612.2022.9981728,,https://doi.org/10.1109/iros47612.2022.9981728,openalex,energy based policy robotics,concept,ebm,,12,impedance control,2026-06-12T18:05:07Z,16.732,16.732
doi:10.1177/2399654419864605,"Transformative top-down planning in a small African city: How residents in Bagamoyo, Tanzania connect with a city in motion","The New Urban Agenda commits UN member states to the implementation of national urban plans, and this recentralization of urban governance reverses nearly three decades of political decentralization and devolution. The recentralization of urban governance is evident in Tanzania, where the most recent industrial development strategy articulates a spatial plan aimed at integrating the country with regional and global markets. The lynchpin of this spatial plan is Bagamoyo, a small city located approximately 60 km north of Dar es Salaam. It is situated at the confluence of two development corridors, and as a result it was designated the most appropriate location for a greenfield port and an export processing zone. In the context of Bagamoyo’s top-down transformation, authorities situated at the city and district levels struggle to expand services and infrastructure to accommodate a growing p",2021,Environment and Planning C: Politics and Space,Seth Schindler; Nancy Duong Nguyen; Desdery Gerase Barongo,10.1177/2399654419864605,,https://doi.org/10.1177/2399654419864605,crossref,sampling based motion planning,anti_myopia,anti_thesis,,6,motion planning; sampling based motion planning,2026-06-12T15:07:36Z,16.723,20.723
doi:10.1145/3546790.3546791,Interactive continual learning for robots: a neuromorphic approach,"Intelligent robots need to recognize objects in their environment. This task is conceptually different from the typical image classification task in computer vision. Robots need to recognize particular object instances, not classes of objects, which makes these tasks simpler. However, these instances need to be recognized under different viewing angles, poses, and lighting conditions reliably. Moreover, for many application, robots need the capability to learn new objects quickly, e.g., in an interactive session with the user, and adapt object representations if conditions change and mistakes are made. This scenario creates a demand for object learning that (1) is continual, i.e. new objects can be added at any time without causing forgetting, (2) requires a small amount of data that can be acquired in a short interactive session with the user, and (3) stays open to later adaptation. Dee",2022,,Elvin Hajizada; Patrick Berggold; Massimiliano Iacono; Arren Glover; Yulia Sandamirskaya,10.1145/3546790.3546791,,https://doi.org/10.1145/3546790.3546791,openalex,energy based model robot learning,concept,ebm,,11,continual learning; latency,2026-06-12T18:05:07Z,16.692,16.692
doi:10.1142/s2424905x21500069,Evaluation of Pre-Training with the da Vinci Skills Simulator on Motor Skill Acquisition in a Surgical Robotics Curriculum,"Training for robotic surgery can be challenging due the complexity of the technology, as well as a high demand for the robotic systems that must be primarily used for clinical care. While robotic surgical skills are traditionally trained using the robotic hardware coupled with physical simulated tissue models and test-beds, there has been an increasing interest in using virtual reality simulators. Use of virtual reality (VR) comes with some advantages, such as the ability to record and track metrics associated with learning. However, evidence of skill transfer from virtual environments to physical robotic tasks has yet to be fully demonstrated. In this work, we evaluate the effect of virtual reality pre-training on performance during a standardized robotic dry-lab training curriculum, where trainees perform a set of tasks and are evaluated with a score based on completion time and errors",2021,Journal of Medical Robotics Research,Edoardo Battaglia; Bradly Mueller; Deborah Hogg; Robert Rege; Daniel Scott; Ann Majewicz Fey,10.1142/s2424905x21500069,,https://doi.org/10.1142/s2424905x21500069,crossref,neural simulator robotics,concept,architecture,,4,neural simulator robotics; surgical robot,2026-06-12T14:45:03Z,16.655,17.655
doi:10.3389/frobt.2021.625003,Motion Smoothness Metrics for Cannulation Skill Assessment: What Factors Matter?,"Medical training simulators have the potential to provide remote and automated assessment of skill vital for medical training. Consequently, there is a need to develop “smart” training devices with robust metrics that can quantify clinical skills for effective training and self-assessment. Recently, metrics that quantify motion smoothness such as log dimensionless jerk ( LDLJ ) and spectral arc length ( SPARC ) are increasingly being applied in medical simulators. However, two key questions remain about the efficacy of such metrics: how do these metrics relate to clinical skill, and how to best compute these metrics from sensor data and relate them with similar metrics? This study addresses these questions in the context of hemodialysis cannulation by enrolling 52 clinicians who performed cannulation in a simulated arteriovenous (AV) fistula. For clinical skill, results demonstrate that ",2021,Frontiers in Robotics and AI,Simar Singh; Joe Bible; Zhanhe Liu; Ziyang Zhang; Ravikiran Singapogu,10.3389/frobt.2021.625003,,https://doi.org/10.3389/frobt.2021.625003,crossref,robotics,concept,crossref_bulk_robotics,,14,,2026-06-12T19:29:26Z,16.554,16.554
arxiv:2507.11773v1,Small Data Explainer -- The impact of small data methods in everyday life,"The emergence of breakthrough artificial intelligence (AI) techniques has led to a renewed focus on how small data settings, i.e., settings with limited information, can benefit from such developments. This includes societal issues such as how best to include under-represented groups in data-driven policy and decision making, or the health benefits of assistive technologies such as wearables. We provide a conceptual overview, in particular contrasting small data with big data, and identify common themes from exemplary case studies and application areas. Potential solutions are described in a more detailed technical overview of current data analysis and modelling techniques, highlighting contributions from different disciplines, such as knowledge-driven modelling from statistics and data-driven modelling from computer science. By linking application settings, conceptual contributions and ",2025,arXiv,Maren Hackenberg; Sophia G. Connor; Fabian Kabus; June Brawner; Ella Markham; Mahi Hardalupas; Areeq Chowdhury; Rolf Backofen; Anna Köttgen; Angelika Rohde; Nadine Binder; Harald Binder; the Collaborative Research Center 1597 Small Data,,2507.11773v1,http://arxiv.org/abs/2507.11773v1,arxiv,teleoperation data robot foundation model,concept,human_data,,,robot foundation model; teleoperation,2026-06-12T14:45:03Z,16.500,16.500
arxiv:2605.21242v1,"To Select or not to Select, that is the Question: Distilling Robot Skill Prediction into a Small Ensemble","As robot fleets become more heterogeneous, including humanoids, rovers, quadrupeds, and drones, selecting the right robot for a task becomes a core systems problem. We study robot skill prediction: mapping a natural-language task description to the physical capabilities required to execute it, such as fly, wheels, legs, surface water, under water and hands. Since labelled data that maps natural-language task descriptions to robot's physical capabilities does not exist, we construct a synthetic task-to-skill dataset using LLM-assisted generation and targeted label auditing. Trained on this data, a ~133M-parameter ensemble of two fine-tuned sentence encoders (mpnet + MiniLM) reaches 83.5% task-to-skill matching on a stratified 200 task dataset, outperforming Kimi K2 (1T MoE) at 72.0%, GPT-OSS-120B at 71.5%, and Llama-4-Scout-17B at 69.0% under the same zero-shot prompt. These results sugge",2026,arXiv,Haechan Mark Bong; Simon Roy; Euhid Aman; Giovanni Beltrame,,2605.21242v1,http://arxiv.org/abs/2605.21242v1,arxiv,open source robot data collection,concept,open_data,,,,2026-06-12T15:07:36Z,16.500,16.500
arxiv:2307.00123v1,How Do Human Users Teach a Continual Learning Robot in Repeated Interactions?,"Continual learning (CL) has emerged as an important avenue of research in recent years, at the intersection of Machine Learning (ML) and Human-Robot Interaction (HRI), to allow robots to continually learn in their environments over long-term interactions with humans. Most research in continual learning, however, has been robot-centered to develop continual learning algorithms that can quickly learn new information on static datasets. In this paper, we take a human-centered approach to continual learning, to understand how humans teach continual learning robots over the long term and if there are variations in their teaching styles. We conducted an in-person study with 40 participants that interacted with a continual learning robot in 200 sessions. In this between-participant study, we used two different CL models deployed on a Fetch mobile manipulator robot. An extensive qualitative and ",2023,arXiv,Ali Ayub; Jainish Mehta; Zachary De Francesco; Patrick Holthaus; Kerstin Dautenhahn; Chrystopher L. Nehaniv,,2307.00123v1,http://arxiv.org/abs/2307.00123v1,arxiv,energy based model robot learning,concept,ebm,,,human robot interaction; continual learning,2026-06-12T14:45:03Z,16.450,16.450
doi:10.1002/rcs.1868,Development of a physical shoulder simulator for the training of basic arthroscopic skills,"Abstract Background Orthopaedic training programs are incorporating arthroscopic simulations into their residency curricula. There is a need for a physical shoulder simulator that accommodates lateral decubitus and beach chair positions, has realistic anatomy, allows for an objective measure of performance and provides feedback to trainees. Methods A physical shoulder simulator was developed for training basic arthroscopic skills. Sensors were embedded in the simulator to provide a means to assess performance. Subjects of varying skill level were invited to use the simulator and their performance was objectively assessed. Results Novice subjects improved their performance after practice with the simulator. A survey completed by experts recognized the simulator as a valuable tool for training basic arthroscopic skills. Conclusions The physical shoulder simulator helps train novices in bas",2018,The International Journal of Medical Robotics and Computer Assisted Surgery,Laura C. McCracken; Ana Luisa Trejos; Marie‐Eve LeBel; Behnaz Poursartip; Abelardo Escoto; Rajni V. Patel; Michael D. Naish,10.1002/rcs.1868,,https://doi.org/10.1002/rcs.1868,crossref,neural simulator robotics,concept,architecture,,9,neural simulator robotics,2026-06-12T15:07:36Z,16.401,16.401
doi:10.47191/etj/v10i07.36,"A Systematic Review of Competency-Based Recruitment Frameworks: Integrating Micro-Credentialing, Skill Taxonomies, and AI-Driven Talent Matching","The increasing shift toward skills-based hiring in dynamic labor markets has underscored the relevance of competency-based recruitment frameworks. This review systematically explores the integration of micro-credentialing, skill taxonomies, and artificial intelligence (AI)-driven talent matching in modern recruitment ecosystems. Drawing on interdisciplinary insights, the study evaluates how micro-credentials offer verifiable evidence of competencies and how structured skill taxonomies enable precise role-person alignment. The paper further analyzes how AI-powered tools optimize candidate-job fit through predictive analytics, natural language processing, and machine learning algorithms. Emphasis is placed on the standardization of assessment protocols, digital portfolios, and adaptive recruitment strategies that prioritize capabilities over traditional qualifications. Findings indicate th",2025,Engineering and Technology Journal,"Independent Researcher, Abuja, Nigeria; Immaculata Omemma Evans-Uzosike; Chinenye Gbemisola Okatta; Independent Researcher, Abuja, Nigeria; Bisayo Oluwatosin Otokiti; Onyinye Gift Ejike; The Velvet Expression, Nigeria; Omolola Temitope Kufile; Amazon Advertising, USA",10.47191/etj/v10i07.36,,https://doi.org/10.47191/etj/v10i07.36,openalex,energy based transformer robot policy,concept,ebm_transformer,,1,energy based transformer robot policy,2026-06-12T18:05:07Z,16.397,16.397
doi:10.1109/robot.1991.131705,A robot system for unstructured environments based on an environment model and manipulation skills,"A model-based robot system is described. This system was developed to replace and improve upon the conventional robot control scheme of teaching-by-showing and replay. The key concept of this system consists of the combination of manipulation skills with an environment model. The model provides the geometric structure and the physical properties of the objects in the environment. Manipulation skills enable reliable task execution, in the presence of unavoidable errors, and uncertainties. Skills are implemented within the hybrid position/velocity/force control scheme and incorporate sensing procedures to detect the state to be achieved. An experiment involving the disassembly of a valve using this system is presented. >",2002,,Tsutomu Hasegawa; Takashi Suehiro; K. Takase,10.1109/robot.1991.131705,,https://doi.org/10.1109/robot.1991.131705,openalex,robotics,concept,openalex_bulk_robotics,,24,force control,2026-06-12T18:57:17Z,16.309,16.309
doi:10.20944/preprints202605.0070.v1,How does Active Learning Tackle Domain Adaptation: A Survey on Active Domain Adaptation and Active Continual Learning,"Machine learning and deep learning models trained on a source domain often suffer from performance degradation when deployed to new target domains due to domain shifts arising from differences in data distributions, acquisition conditions, or temporal variations. Domain adaptation addresses this issue by transferring knowledge from labeled source data to unlabeled target data. However, acquiring labels for target-domain samples is often costly or impractical in real-world applications. To improve label efficiency, active domain adaptation (ADA) and active continual learning (ACL) integrate active learning strategies into domain adaptation and continual learning frameworks. ADA selectively queries informative target samples to enhance adaptation performance, while ACL extends this paradigm to sequential settings, enabling models to adapt to evolving data streams while mitigating catastrop",,,Jin Yang; Jing Zhang; Xiaobing Yu,10.20944/preprints202605.0070.v1,,https://doi.org/10.20944/preprints202605.0070.v1,crossref,online adaptation robot learning,concept,adaptation,,,online adaptation; continual learning; distribution shift,2026-06-12T14:45:03Z,16.300,17.300
doi:10.1109/iros.1990.262400,An integrated tele-robotics system with a geometric environment model and manipulation skills,"Describes an integrated tele-robotics system for remote execution of assembly and disassembly of mechanical components in hazardous environments such as nuclear power plants, undersea and space. The key concept of this system integration consists of the combination of manipulation skills with an environment model. The model provides the geometric structure and physical properties of the objects in the environment. The manipulation skills enable reliable task execution in the presence of unavoidable errors and uncertainties. Based on the model and skills, the system autonomously executes specified tasks. In addition, the system provides the operator with a 1-DOF bilateral control dial as an intervention tool for real-time remote assistance of manipulator movement for error avoidance and recovery. With these features, robustness and reliability in remote task execution has been achieved. >",2002,,Tsutomu Hasegawa; Takashi Suehiro; Tsukasa Ogasawara; Toshihiro Matsui; K. Kitagaki; K. Takase,10.1109/iros.1990.262400,,https://doi.org/10.1109/iros.1990.262400,openalex,robotics,concept,openalex_bulk_robotics,,23,robustness,2026-06-12T18:57:17Z,16.289,17.289
doi:10.1093/eurpub/ckad160.1668,Development of a Physical Activity Environment Policy Index (PA-EPI) composite implementation score,"Abstract Background To promote physical activity (PA), it is necessary to look beyond specific interventions to upstream policies formulated across multiple sectors. The Physical Activity Environment Policy Index (PA-EPI) tool consists of 45 indicators for assessing the extent of policy implementation by national government. Combining measures from different indicators into a single composite measure of policy implementation is complex, but can facilitate cross country policy comparison and communication of policy implementation status to stakeholders. This study describes how a composite measure can be constructed. Methods To create a composite measure two methods were necessary. Firstly, international experts (N = 73, 20 countries) with knowledge of PA policy independently rated the importance of the 45 indicators for increasing population levels of PA on a 10-point Likert scale. A for",2023,European Journal of Public Health,K Volf; C B Woods,10.1093/eurpub/ckad160.1668,,https://doi.org/10.1093/eurpub/ckad160.1668,crossref,score based policy robotics,concept,diffusion,,,,2026-06-12T15:07:36Z,16.250,16.250
doi:10.1177/21695172251388808,Real-Time Whole-Body Contact Estimation of Continuum Robots Using Multiplexed Fibers for Embodied Actuation and Sensing to Quantify Interactions,"Millimeter cable-driven continuum robots exhibit shape conforming, dexterous manipulation capabilities in constrained environments. They are increasingly used for narrow space and endoluminal intervention. For delicate manipulation, quantifying the force interaction between the robot and its surrounding environment is important for both shape adjustment and avoiding damages to luminal structures. In this work, we propose a real-time, whole-body contact estimation framework for small-scale continuum robots, based on actuation fibers and model-informed neural networks. The physical relationship among external body contact, internal actuation, and shape sensing of the continuum robot is formulated based on rod theory, and body contact estimation is treated as an inverse problem given the actuation tension profile and robot shape as inputs. The contact position and force are estimated using ",2026,Soft Robotics,Zecai Lin; Jingyuan Xia; Zheng Xu; Yun Zou; Cheng Zhou; Jiafan Chen; Lucas Tat-Long Tong; Shaoping Huang; Huanghua Liu; Weidong Chen; Guang-Zhong Yang; Anzhu Gao,10.1177/21695172251388808,,https://doi.org/10.1177/21695172251388808,crossref,EBM transformer robotics embodied agent,concept,architecture_x_embodiment,,2,EBM transformer robotics; dexterous manipulation; embodied agent,2026-06-12T15:07:36Z,16.199,16.199
doi:10.3389/fnbot.2012.00006,Learning tactile skills through curious exploration,"We present curiosity-driven, autonomous acquisition of tactile exploratory skills on a biomimetic robot finger equipped with an array of microelectromechanical touch sensors. Instead of building tailored algorithms for solving a specific tactile task, we employ a more general curiosity-driven reinforcement learning approach that autonomously learns a set of motor skills in absence of an explicit teacher signal. In this approach, the acquisition of skills is driven by the information content of the sensory input signals relative to a learner that aims at representing sensory inputs using fewer and fewer computational resources. We show that, from initially random exploration of its environment, the robotic system autonomously develops a small set of basic motor skills that lead to different kinds of tactile input. Next, the system learns how to exploit the learned motor skills to solve su",2012,Frontiers in Neurorobotics,Leo Pape; Calogero Maria Oddo; Marco Controzzi; Christian Cipriani; Alexander Förster; Maria Chiara Carrozza; Jürgen Schmidhuber,10.3389/fnbot.2012.00006,,https://doi.org/10.3389/fnbot.2012.00006,openalex,energy based model robot learning,concept,ebm,,52,,2026-06-12T18:05:07Z,16.035,16.035
doi:10.1111/cgf.13606,Skiing Simulation Based on Skill‐Guided Motion Planning,"Abstract Skiing is a popular recreational sport, and competitive skiing has been events at the Winter Olympic Games. Due to its wide moving range in the outdoor environment, motion capture of skiing is hard and usually not a good solution for generating skiing animations. Physical simulation offers a more viable alternative. However, skiing simulation is challenging as skiing involves many complicated motor skills and physics, such as balance keeping, movement coordination, articulated body dynamics and ski‐snow reaction. In particular, as no reference motions — usually from MOCAP data — are readily available for guiding the high‐level motor control, we need to synthesize plausible reference motions additionally. To solve this problem, sports techniques are exploited for reference motion planning. We propose a physics‐based framework that employs kinetic analyses of skiing techniques and",2019,Computer Graphics Forum,Chen‐Hui Hu; Chien‐Ying Lee; Yen‐Ting Liou; Feng‐Yu Sung; Wen‐Chieh Lin,10.1111/cgf.13606,,https://doi.org/10.1111/cgf.13606,crossref,sampling based motion planning,anti_myopia,anti_thesis,,5,motion planning; sampling based motion planning,2026-06-12T15:07:36Z,15.946,19.946
title:does your robot have skills,Does your Robot have Skills,"This article presents a unifying terminology for task-level programming of highly flexible mobile manipulators in industrial environments. With a terminology of tasks and object-centered skills, industrial applications are analyzed in the logistic and assistive domains. The analysis shows that many tasks can actually be solved with a small library of predefined building blocks, called skills. In logistics domains, it can be exploited that the sequences of skills needed to solve specific tasks follow certain patterns, whereas in assistive tasks, the sequence vary a lot, and tasks must be taught to the robot by a user, based on Standard Operating Procedures or process knowledge. An overview is presented on how to implement a skill-based architecture, enabling reuse of skills for different industrial applications, programmed by shopfloor workers. The terminology of tasks, skills, and motion",2012,VBN Forskningsportal (Aalborg Universitet),Simon Bøgh; Oluf Skov Nielsen; Mikkel Rath Pedersen; Volker Krüger; Ole Madsen,,,https://openalex.org/W2577702365,openalex,robotics,concept,openalex_bulk_robotics,,42,,2026-06-12T18:57:17Z,15.931,15.931
doi:10.1177/0278364920987859,How to train your robot with deep reinforcement learning: lessons we have learned,"Deep reinforcement learning (RL) has emerged as a promising approach for autonomously acquiring complex behaviors from low-level sensor observations. Although a large portion of deep RL research has focused on applications in video games and simulated control, which does not connect with the constraints of learning in real environments, deep RL has also demonstrated promise in enabling physical robots to learn complex skills in the real world. At the same time, real-world robotics provides an appealing domain for evaluating such algorithms, as it connects directly to how humans learn: as an embodied agent in the real world. Learning to perceive and move in the real world presents numerous challenges, some of which are easier to address than others, and some of which are often not considered in RL research that focuses only on simulated domains. In this review article, we present a number",2021,The International Journal of Robotics Research,Julian Ibarz; Jie Tan; Chelsea Finn; Mrinal Kalakrishnan; Peter Pastor; Sergey Levine,10.1177/0278364920987859,,https://doi.org/10.1177/0278364920987859,crossref,model based reinforcement learning robotics,concept,architecture,,487,model based reinforcement learning robotics; embodied agent,2026-06-12T15:07:36Z,15.850,16.850
doi:10.1109/tsmcb.2004.823327,Mental Imagery for a Conversational Robot,"To build robots that engage in fluid face-to-face spoken conversations with people, robots must have ways to connect what they say to what they see. A critical aspect of how language connects to vision is that language encodes points of view. The meaning of my left and your left differs due to an implied shift of visual perspective. The connection of language to vision also relies on object permanence. We can talk about things that are not in view. For a robot to participate in situated spoken dialog, it must have the capacity to imagine shifts of perspective, and it must maintain object permanence. We present a set of representations and procedures that enable a robotic manipulator to maintain a ""mental model"" of its physical environment by coupling active vision to physical simulation. Within this model, ""imagined"" views can be generated from arbitrary perspectives, providing the basis",2004,IEEE Transactions on Systems Man and Cybernetics Part B (Cybernetics),Deb Roy; Kai-yuh Hsiao; Nikolaos Mavridis,10.1109/tsmcb.2004.823327,,https://doi.org/10.1109/tsmcb.2004.823327,openalex,robotics,concept,openalex_bulk_robotics,,117,,2026-06-12T18:57:17Z,15.785,15.785
doi:10.1002/rcs.185,Development of the VBLaST ™ : a virtual basic laparoscopic skill trainer,"Abstract Background The FLS training tool box has now been adopted by the Society of Gastrointestinal Endoscopic Surgeons (SAGES) as an official training tool for minimally invasive procedures. Methods To overcome the limitations of the physical FLS training tool box, we have developed a Virtual Basic Laparoscopic Skill Trainer (VBLaSTTM) system, which is a 3D simulator that will allow trainees to acquire basic laparoscopic skill. Results The outcome of this work is the development of an integrated visio‐haptic workstation environment including force feedback devices and a stereo display interface whereby trainees can practice on virtual versions of the FLS. Realistic graphical rendering and high fidelity haptic interactions are achieved. Conclusions Surgical skill training is a long and tedious process of acquiring fine motor skills. It is expected that residents would start on trainers",2008,The International Journal of Medical Robotics and Computer Assisted Surgery,Anderson Maciel; Youquan Liu; Woojin Ahn; T. Paul Singh; Ward Dunnican; Suvranu De,10.1002/rcs.185,,https://doi.org/10.1002/rcs.185,crossref,robotics,concept,crossref_bulk_robotics,,34,limitation,2026-06-12T19:29:26Z,15.778,16.778
doi:10.5430/air.v6n2p100,Using simplified geometric models in skill-based manipulation for objects used in daily life,"Recently many types of robots have been playing an active part in various fields. The operation of these robots’ manipulators is an important subject of research. The tasks of manipulation can be regarded as sequences of several motion primitives called “skills”. Skills also have ability to compensate for errors both in modeling and in execution. Data may occur in the elements of the shapes, positions and orientations of objects that can be dispensed with to make geometric models simpler. In order to achieve tasks with high reliability, this paper proposes simplified geometric models based on skill techniques not only for industrial products but also for objects used in the daily life of humans. As examples of simplified geometric models of objects used in daily life, simplified models in a transfer task of plastic bottles and in a transfer task of a cup are explained.",2017,Artificial Intelligence Research,Akira Nakamura; Kazuyuki Nagata; Kensuke Harada; Natsuki Yamanobe,10.5430/air.v6n2p100,,https://doi.org/10.5430/air.v6n2p100,crossref,robot world models manipulation,concept,world_models,,3,robot world model,2026-06-12T15:07:36Z,15.743,15.743
doi:10.4018/979-8-3693-2707-4.ch010,Innovative Horizons,"The introduction of robotics and AI represents a paradigm shift in the quickly developing field of special education, providing unprecedented opportunities for improving learning opportunities. The chapter highlights this by examining how these technologies are changing how special education is taught to students with special needs. The transformative role of AI and robotics is evident in how they have moved from auxiliary tools to central elements in fostering adaptive and inclusive learning environments. The chapter delves into personalized learning, highlighting AI's role in customizing educational content to individual styles and enhancing strategy efficacy through data-driven insights. The chapter also explores the role of robotic assistants in interactive teaching and therapy, enhancing physical, sensory, and cognitive skills. Additionally, by addressing ethical concerns and advoca",2025,Advances in Computational Intelligence and Robotics AI Developments for Industrial Robotics and Intelligent Drones,Princy Pappachan; Sreerakuvandana; Siwada Piyakanjana; Harlinda Syofyan; Gunawan Nugroho,10.4018/979-8-3693-2707-4.ch010,,https://doi.org/10.4018/979-8-3693-2707-4.ch010,crossref,robotics,concept,crossref_bulk_robotics,,1,,2026-06-12T19:29:26Z,15.697,15.697
doi:10.1109/tlt.2024.3381858,Open Remote Web Lab for Learning Robotics and ROS With Physical and Simulated Robots in an Authentic Developer Environment,"Teaching robotics with the robot operating system (ROS) is valuable for instating good programming practices but requires significant setup steps from the learner. Providing a ready-made ROS learning environment over the web can make robotics more accessible; however, most of the previous remote labs have abstracted the authentic ROS developer environment either for didactical or technological reasons, or do not give the possibility to program physical robots. In this article, we present a remote web lab that employs virtual network computing and Docker to serve in-browser desktop workstations, where learning tasks can be completed on both the physical and simulated robots. The learners can reserve access to the remote lab through a learning management interface, which also includes tools for administering the remote lab. The system allows anyone to experiment with ROS without configurin",2024,IEEE Transactions on Learning Technologies,Dāvis Krūmiņš; Sandra Schumann; Veiko Vunder; Rauno Põlluäär; Kristjan Laht; Renno Raudmäe; Alvo Aabloo; Karl Kruusamäe,10.1109/tlt.2024.3381858,,https://doi.org/10.1109/tlt.2024.3381858,openalex,robotics,concept,openalex_bulk_robotics,,21,,2026-06-12T18:57:17Z,15.696,15.696
doi:10.1177/0278364917743795,Learning manipulation skills from a single demonstration,"We consider the scenario where a robot is demonstrated a manipulation skill once and should then use only a few trials on its own to learn to reproduce, optimize, and generalize that same skill. A manipulation skill is generally a high-dimensional policy. To achieve the desired sample efficiency, we need to exploit the inherent structure in this problem. With our approach, we propose to decompose the problem into analytically known objectives, such as motion smoothness, and black-box objectives, such as trial success or reward, depending on the interaction with the environment. The decomposition allows us to leverage and combine (i) constrained optimization methods to address analytic objectives, (ii) constrained Bayesian optimization to explore black-box objectives, and (iii) inverse optimal control methods to eventually extract a generalizable skill representation. The algorithm is eva",2018,The International Journal of Robotics Research,Peter Englert; Marc Toussaint,10.1177/0278364917743795,,https://doi.org/10.1177/0278364917743795,crossref,physical reasoning robotics manipulation,concept,physical_reasoning,,35,benchmark; sample efficiency,2026-06-12T14:45:03Z,15.692,17.692
doi:10.1109/iros.2016.7759434,Robotic playing for hierarchical complex skill learning,"In complex manipulation scenarios (e.g. tasks requiring complex interaction of two hands or in-hand manipulation), generalization is a hard problem. Current methods still either require a substantial amount of (supervised) training data and / or strong assumptions on both the environment and the task. In this paradigm, controllers solving these tasks tend to be complex. We propose a paradigm of maintaining simpler controllers solving the task in a small number of specific situations. In order to generalize to novel situations, the robot transforms the environment from novel situations into a situation where the solution of the task is already known. Our solution to this problem is to play with objects and use previously trained skills (basis skills). These skills can either be used for estimating or for changing the current state of the environment and are organized in skill hierarchies.",2016,,Simon Hangl; Emre Ugur; Sandor Szedmak; Justus Piater,10.1109/iros.2016.7759434,,https://doi.org/10.1109/iros.2016.7759434,openalex,robotics,concept,openalex_bulk_robotics,,16,skill learning; generalization,2026-06-12T18:57:17Z,15.667,16.667
doi:10.18196/jrc.v4i2.17165,Development of a Virtual Environment-Based Electrooculogram Control System for Safe Electric Wheelchair Mobility for Individuals with Severe Physical Disabilities,"Conventional wheelchairs are predominantly manual or joystick-operated electric wheelchairs. However, operating these wheelchairs can be difficult or impossible for individuals with severe physical disabilities. Due to losing control of their physical limbs, they depend on an attendant for assistance. As a remedy, bio-signals may be used as a control mechanism since they are readily available and can be acquired from any body part. This research proposes to use EOG signals to vail a control mechanism and test it in a virtual and actual electric wheelchair. The main contribution of the study is an investigation of the use of EOG to control an electric wheelchair in a virtual environment to determine safe control parameters for wheelchair use in complex environments. A customized data acquisition circuit was developed to acquire single-channel EOG signals using wet electrodes. The acquired",2023,Journal of Robotics and Control (JRC),Jane Phoebe Achieng Ogenga; Paul Waweru Njeri; Joseph Kamau Muguro,10.18196/jrc.v4i2.17165,,https://doi.org/10.18196/jrc.v4i2.17165,crossref,classical control robotics,anti_myopia,anti_thesis,,8,classical control robotics,2026-06-12T15:07:36Z,15.599,19.599
title:rapid prototyping of small robots,Rapid Prototyping of Small Robots,"This paper describes our work on high quality rapid prototyping. The focus is on techniques that produce prototypes of desired quality and yet do not take long to build. We present necessary information about methods of control, power, sensors, batteries, electronics, and more. We outline materials, methods, and tools. We also explain how to use servomotors, Lego, and electronics to achieve satisfying results. Figure 1 shows an example of the kind of project. With the right tools and materials, and with parts on hand, the omni wheel telerobot took less than half an hour from conception to completion. The Appendices provides detailed information, including the steps to construct the Palm Pilot Robot Kit. 1.1 Why prototype? We have noticed that some designers tend to prototype very quickly [1]. Sometimes you can learn something important in a few minutes from a prototype that might have ta",2002,,Greg Reshko; Matthew T. Mason; Illah Nourbakhsh,,,https://openalex.org/W82611942,openalex,robotics,concept,openalex_bulk_robotics,,41,,2026-06-12T18:57:17Z,15.569,15.569
doi:10.48550/arxiv.2304.06488,"One Small Step for Generative AI, One Giant Leap for AGI: A Complete Survey on ChatGPT in AIGC Era","OpenAI has recently released GPT-4 (a.k.a. ChatGPT plus), which is demonstrated to be one small step for generative AI (GAI), but one giant leap for artificial general intelligence (AGI). Since its official release in November 2022, ChatGPT has quickly attracted numerous users with extensive media coverage. Such unprecedented attention has also motivated numerous researchers to investigate ChatGPT from various aspects. According to Google scholar, there are more than 500 articles with ChatGPT in their titles or mentioning it in their abstracts. Considering this, a review is urgently needed, and our work fills this gap. Overall, this work is the first to survey ChatGPT with a comprehensive review of its underlying technology, applications, and challenges. Moreover, we present an outlook on how ChatGPT might evolve to realize general-purpose AIGC (a.k.a. AI-generated content), which will b",2023,arXiv (Cornell University),"Chaoning Zhang; Chenshuang Zhang; Chenghao Li; Yu Qiao; Sheng Zheng; Sumit Kumar Dam; Mengchun Zhang; Jung Uk Kim; Seong‐Tae Kim; Jin‐Woo Choi; Gyeong-Moon Park; Sung‐Ho Bae; Lik‐Hang Lee; Hui, Pan; In So Kweon; Choong Seon Hong",10.48550/arxiv.2304.06488,,https://doi.org/10.48550/arxiv.2304.06488,openalex,energy based transformer robot policy,concept,ebm_transformer,,89,energy based transformer robot policy,2026-06-12T18:05:07Z,15.550,15.550
doi:10.1109/robot.1995.525543,Towards human-robot coordination: skill modeling and transferring via hidden Markov model,"Automatic modeling and transferring human skill to a robot is an important step towards creating an intelligent robot in a cooperative environment where humans and robots can complement and enhance each other's performance in a reciprocal manner. We first classify two distinct categories of skills, i.e., action skill and reaction skill. Then we address how the hidden Markov model can be used for modeling these two types of human skill. We focus on the reaction learning scheme and discuss the issues and problems associated with the hidden Markov model approach.",2002,,Yangsheng Xu; Jie Yang,10.1109/robot.1995.525543,,https://doi.org/10.1109/robot.1995.525543,openalex,robotics,concept,openalex_bulk_robotics,,19,,2026-06-12T18:57:17Z,15.548,15.548
doi:10.48550/arxiv.2403.02514,The Autonomy-Alignment Problem in Open-Ended Learning Robots: Formalising the Purpose Framework,"The rapid advancement of artificial intelligence is enabling the development of increasingly autonomous robots capable of operating beyond engineered factory settings and into the unstructured environments of human life. This shift raises a critical autonomy-alignment problem: how to ensure that a robot's autonomous learning focuses on acquiring knowledge and behaviours that serve human practical objectives while remaining aligned with broader human values (e.g., safety and ethics). This problem remains largely underexplored and lacks a unifying conceptual and formal framework. Here, we address one of its most challenging instances of the problem: open-ended learning (OEL) robots, which autonomously acquire new knowledge and skills through interaction with the environment, guided by intrinsic motivations and self-generated goals. We propose a computational framework, introduced qualitati",2024,arXiv (Cornell University),Gianluca Baldassarre; Richard J. Duro; Emilio Cartoni; Mehdi Khamassi; Alejandro Romero; Vieri Giuliano Santucci,10.48550/arxiv.2403.02514,,https://doi.org/10.48550/arxiv.2403.02514,openalex,energy based transformer robot policy,concept,ebm_transformer,,1,energy based transformer robot policy,2026-06-12T18:05:07Z,15.547,15.547
doi:10.1177/0278364907084982,Robotic Self-replication in Structured Environments: Physical Demonstrations and Complexity Measures,"In this paper we define a complexity ratio that measures the degree to which a robot is self-replicating based on the number and complexity of subsystems that it can assemble to form a functional replica. We also quantify how structured the environment must be in order for a robot to function. This calculation uses Sanderson's concept of parts entropy. Together, the complexity measure of the robot and environmental entropy provide quantitative benchmarks to assess the state of the art in the subfield of self-replicating robotic systems, and provide goals for the design of future systems. We demonstrate these principles with three prototype systems that show different degrees of robotic self-replication. The first robot is controlled by a microprocessor and consists of five subsystems. The second has no microprocessor and is implemented as a finite-state machine consisting of discrete log",2008,The International Journal of Robotics Research,Kiju Lee; Matt Moses; Gregory S. Chirikjian,10.1177/0278364907084982,,https://doi.org/10.1177/0278364907084982,openalex,robotics,concept,openalex_bulk_robotics,,34,benchmark,2026-06-12T18:57:17Z,15.478,16.478
doi:10.1146/annurev-control-070122-102501,Embodied Communication: How Robots and People Communicate Through Physical Interaction,"Early research on physical human–robot interaction (pHRI) has necessarily focused on device design—the creation of compliant and sensorized hardware, such as exoskeletons, prostheses, and robot arms, that enables people to safely come in contact with robotic systems and to communicate about their collaborative intent. As hardware capabilities have become sufficient for many applications, and as computing has become more powerful, algorithms that support fluent and expressive use of pHRI systems have begun to play a prominent role in determining the systems’ usefulness. In this review, we describe a selection of representative algorithmic approaches that regulate and interpret pHRI, describing the progression from algorithms based on physical analogies, such as admittance control, to computational methods based on higher-level reasoning, which take advantage of multimodal communication ch",2023,"Annual Review of Control, Robotics, and Autonomous Systems",Aleksandra Kalinowska; Patrick M. Pilarski; Todd D. Murphey,10.1146/annurev-control-070122-102501,,https://doi.org/10.1146/annurev-control-070122-102501,crossref,EBM transformer robotics embodied agent,concept,architecture_x_embodiment,,46,EBM transformer robotics; embodied agent; human robot interaction,2026-06-12T15:07:36Z,15.475,15.475
arxiv:2311.01457v1,Conformal Policy Learning for Sensorimotor Control Under Distribution Shifts,"This paper focuses on the problem of detecting and reacting to changes in the distribution of a sensorimotor controller's observables. The key idea is the design of switching policies that can take conformal quantiles as input, which we define as conformal policy learning, that allows robots to detect distribution shifts with formal statistical guarantees. We show how to design such policies by using conformal quantiles to switch between base policies with different characteristics, e.g. safety or speed, or directly augmenting a policy observation with a quantile and training it with reinforcement learning. Theoretically, we show that such policies achieve the formal convergence guarantees in finite time. In addition, we thoroughly evaluate their advantages and limitations on two compelling use cases: simulated autonomous driving and active perception with a physical quadruped. Empirical",2023,arXiv,Huang Huang; Satvik Sharma; Antonio Loquercio; Anastasios Angelopoulos; Ken Goldberg; Jitendra Malik,,2311.01457v1,http://arxiv.org/abs/2311.01457v1,arxiv,energy based transformer robot policy,concept,ebm_transformer,,,energy based transformer robot policy; active perception; limitation; distribution shift; ablation,2026-06-12T14:45:03Z,15.450,17.450
doi:10.1016/j.apenergy.2025.125314,A generic physics-informed machine learning framework for battery remaining useful life prediction using small early-stage lifecycle data,,2025,Applied Energy,Weikun Deng; Hung Le; Khanh T.P. Nguyen; Christian Gogu; Kamal Medjaher; Jérôme Morio; Dazhong Wu,10.1016/j.apenergy.2025.125314,,https://doi.org/10.1016/j.apenergy.2025.125314,crossref,physics informed robot learning,concept,architecture,,37,physics informed robot learning,2026-06-12T15:07:36Z,15.419,15.419
doi:10.3389/frobt.2022.1011327,Finding ikigai: How robots can support meaning in later life,"Previous research in human-robot interaction has explored using robots to increase objective and hedonic aspects of well-being and quality of life, but there is no literature on how robots might be used to support eudaimonic aspects of well-being (such as meaning in life). A sense of meaning has been shown to positively affect health and longevity. We frame our study around the Japanese concept of ikigai , which is widely used with Japanese older adults to enhance their everyday lives, and is closely related to the concept of eudaimonic well-being (EWB) known in Western countries. Using a mixed-methods and exploratory approach, including interviews with 17 older adults and the collection of 100 survey responses, we explored how older adults in the US experience a sense of meaning, and if and how a social robot could be used to help foster this sense. We find that meaning for older adults",2022,Frontiers in Robotics and AI,Natasha Randall; Swapna Joshi; Waki Kamino; Long-Jing Hsu; Abhijeet Agnihotri; Grace Li; Donald S. Williamson; Kate Tsui; Selma Šabanović,10.3389/frobt.2022.1011327,,https://doi.org/10.3389/frobt.2022.1011327,openalex,robotics,concept,openalex_bulk_robotics,,27,human robot interaction,2026-06-12T18:57:17Z,15.416,15.416
doi:10.1155/2020/4280156,Exponential Disruptive Technologies and the Required Skills of Industry 4.0,"The 21 st century has witnessed precipitous changes spanning from the way of life to the technologies that emerged. We have entered a nascent paradigm shift (industry 4.0) where science fictions have become science facts, and technology fusion is the main driver. Thus, ensuring that any advancement in technology reach and benefit all is the ideal opportunity for everyone. In this study, disruptive technologies of industry 4.0 were explored and quantified in terms of the number of their appearances in published literature. The study aimed at identifying industry 4.0 key technologies which have been ill-defined by previous researchers and to enumerate the required skills of industry 4.0. Comprehensive literature survey covering the field of engineering, production, and management was done in multidisciplinary databases: Google Scholar, Science Direct, Scopus, Sage, Taylor & Francis, and Em",2020,Journal of Engineering,Ocident Bongomin; Gilbert Gilibrays Ocen; Eric Oyondi Nganyi; Musinguzi Alex; Timothy Omara,10.1155/2020/4280156,,https://doi.org/10.1155/2020/4280156,openalex,energy based policy robotics,concept,ebm,,224,,2026-06-12T18:05:07Z,15.408,15.408
doi:10.3389/fnbot.2021.671775,Learning Transferable Push Manipulation Skills in Novel Contexts,"This paper is concerned with learning transferable forward models for push manipulation that can be applying to novel contexts and how to improve the quality of prediction when critical information is available. We propose to learn a parametric internal model for push interactions that, similar for humans, enables a robot to predict the outcome of a physical interaction even in novel contexts. Given a desired push action, humans are capable to identify where to place their finger on a new object so to produce a predictable motion of the object. We achieve the same behaviour by factorising the learning into two parts. First, we learn a set of local contact models to represent the geometrical relations between the robot pusher, the object, and the environment. Then we learn a set of parametric local motion models to predict how these contacts change throughout a push. The set of contact an",2021,Frontiers in Neurorobotics,Rhys Howard; Claudio Zito,10.3389/fnbot.2021.671775,,https://doi.org/10.3389/fnbot.2021.671775,crossref,contact rich manipulation learning,concept,contact,,2,contact rich manipulation,2026-06-12T15:07:36Z,15.399,15.399
doi:10.1515/pjbr-2017-0003,Reasoning with BDI Robots: From simulation to physical environment – Implementations and Limitations,"Abstract In this paper an overview of the state of research into cognitive robots is given. This is driven by insights arising from research that has moved from simulation to physical robots over the course of a number of sub-projects. A number of major issues arising from seminal research in the area are explored. In particular in the context of advances in the field of robotics and a slowly developing model of cognition and behaviour that is being mapped onto robot colonies. The work presented is ongoing but major themes such as the veracity of data and information, and their effect on robot control architectures are explored. A small number of case studies are presented where the theoretical framework has been used to implement control of physical robots. The limitations of the current research and the wider field of behavioral and cognitive robots are explored.",2017,"Paladyn, Journal of Behavioral Robotics",Darryl N. Davis; Shylaja Kanaganapalli Ramulu,10.1515/pjbr-2017-0003,,https://doi.org/10.1515/pjbr-2017-0003,crossref,physical reasoning robotics manipulation,concept,physical_reasoning,,3,limitation,2026-06-12T14:45:03Z,15.393,16.393
doi:10.1007/s44230-025-00090-w,Can ChatGPT Be Addictive? A Call to Examine the Shift from Support to Dependence in AI Conversational Large Language Models,"Abstract The rapid rise of ChatGPT has introduced a transformative tool that enhances productivity, communication, and task automation across industries. However, concerns are emerging regarding the addictive potential of AI large language models. This paper explores how ChatGPT fosters dependency through key features such as personalised responses, emotional validation, and continuous engagement. By offering instant gratification and adaptive dialogue, ChatGPT may blur the line between AI and human interaction, creating pseudosocial bonds that can replace genuine human relationships. Additionally, its ability to streamline decision-making and boost productivity may lead to over-reliance, reducing users' critical thinking skills and contributing to compulsive usage patterns. These behavioural tendencies align with known features of addiction, such as increased tolerance and conflict with",2025,Human-Centric Intelligent Systems,Ala Yankouskaya; Magnus Liebherr; Raian Ali,10.1007/s44230-025-00090-w,,https://doi.org/10.1007/s44230-025-00090-w,openalex,energy based model robot learning,concept,ebm,,58,,2026-06-12T18:26:24Z,15.389,15.389
doi:10.1038/s41598-022-13006-6,"Resurrecting extinct cephalopods with biomimetic robots to explore hydrodynamic stability, maneuverability, and physical constraints on life habits","Externally shelled cephalopods with coiled, planispiral conchs were ecologically successful for hundreds of millions of years. These animals displayed remarkable morphological disparity, reflecting comparable differences in physical properties that would have constrained their life habits and ecological roles. To investigate these constraints, self-propelling, neutrally buoyant, biomimetic robots were 3D-printed for four disparate morphologies. These robots were engineered to assume orientations computed from virtual hydrostatic simulations while producing Nautilus-like thrusts. Compressed morphotypes had improved hydrodynamic stability (coasting efficiency) and experienced lower drag while jetting backwards. However, inflated morphotypes had improved maneuverability while rotating about the vertical axis. These differences highlight an inescapable physical tradeoff between hydrodynamic ",2022,Scientific Reports,David Peterman; Kathleen A. Ritterbush,10.1038/s41598-022-13006-6,,https://doi.org/10.1038/s41598-022-13006-6,openalex,robotics,concept,openalex_bulk_robotics,,24,,2026-06-12T18:57:17Z,15.359,15.359
doi:10.1017/s004740451100090x,Sensing the rhythms of everyday life: Temporal integration and tactile translation in the Seattle Deaf-Blind community,"Abstract This article is concerned with how social actors establish relations between language, the body, and the physical and social environment. The empirical focus is a series of interactions between Deaf-Blind people and tactile signed language interpreters in Seattle, Washington. Many members of the Seattle Deaf-Blind community were born deaf and, due to a genetic condition, lose their vision slowly over the course of many years. Drawing on recent work in language and practice theory, I argue that these relations are established by Deaf-Blind people through processes of integration whereby continuity between linguistic, embodied, and social elements of a fading visual order are made continuous with corresponding elements in an emerging tactile order. In doing so, I contribute to current attempts in linguistic anthropology to model the means by which embodied, linguistic, and social ",2012,Language in Society,Terra Edwards,10.1017/s004740451100090x,,https://doi.org/10.1017/s004740451100090x,crossref,tactile language action robotics,concept,tactile,,29,,2026-06-12T15:07:36Z,15.351,15.351
doi:10.3389/fpsyg.2021.717528,The Efficiency of Cooperative Learning in Physical Education on the Learning of Action Skills and Learning Motivation,"This paper proposes a cooperative learning method for use in physical education, involving two different grouping methods: S-type heterogeneous grouping and ""free"" grouping. Cooperative learning was found to enhance the effectiveness of basketball skills learning and learning motivation. A comparison was made of the differences between action skills grouping (the control group) and ""free"" grouping (the experimental group). The ARCS Motivation Scale and Basketball Action Skills Test were used to measure results, and SPSS statistical analysis software was used for relevant statistical processing (with α set to.05). The results showed that overall skills, dribbling and passing among the action skills groups and ""free"" groupings significantly improved, but results for shooting were not significant; motivation levels for the two grouping methods significantly improved overall, and no signific",2021,Frontiers in Psychology,Cairu Yang; Rongli Chen; Xiaozhong Chen; Kuan-Han Lu,10.3389/fpsyg.2021.717528,,https://doi.org/10.3389/fpsyg.2021.717528,openalex,energy based model robot learning,concept,ebm,,34,,2026-06-12T18:26:24Z,15.328,15.328
doi:10.1007/s40171-022-00307-y,The D-BEST Reference Model: A Flexible and Sustainable Support for the Digital Transformation of Small and Medium Enterprises,"Abstract Nowadays, to remain competitive, manufacturing companies must address the Industry 4.0 paradigm, particularly the cyber-physical system (CPS) revolution, following sustainable challenges. Digital innovation hubs (DIHs), as ecosystems that provide technical knowhow, experimental skills, and specialist knowledge, are progressively gaining a strategic role in supporting such a transition, especially in European small and medium enterprises (SMEs). Several projects have been funded by the European Commission to support the growth and action of DIHs. However, which among the four main functionalities (networking, skills and training, test before investing, and access to funding) each DIH is capable of addressing in its daily support action to companies is still unclear. Thus, it is important to configure the service portfolios of DIHs (i.e. the set of services that each DIH can provi",2022,Global Journal of Flexible Systems Management,Claudio Sassanelli; Sergio Terzi,10.1007/s40171-022-00307-y,,https://doi.org/10.1007/s40171-022-00307-y,openalex,energy based model robot learning,concept,ebm,,84,,2026-06-12T18:26:24Z,15.321,15.321
doi:10.1038/s41598-025-97720-x,MetaStackD A robust meta learning based deep ensemble model for prediction of sensors battery life in IoE environment,"Advancements in Artificial Intelligence, Machine Learning, and Deep Learning have paved the way for ample applications in real-time. One of the major applications of this advancement is the innovative systems influenced by the Internet of Everything (IoE). The IoE environment greatly relies on the interconnection of an enormous number of sensors that are used for collecting and transmitting data. The data gathered helps for monitoring, decision-making, and automation of smart systems in multi-disciplinary domains. These sensors operate on battery power. The battery life of the sensors limits their efficiency in operation. The mechanism for analyzing the Remaining Battery Life (RBL) plays a major role in optimizing the network performance, thereby ensuring the reliability and availability of data throughout. This work focuses on proposing a novel framework integrating pre-processing, stan",2025,Scientific Reports,D. Gayathri; S. P. Shantharajah,10.1038/s41598-025-97720-x,,https://doi.org/10.1038/s41598-025-97720-x,openalex,energy based model robot learning,concept,ebm,,5,,2026-06-12T18:26:24Z,15.246,15.246
doi:10.3390/en10050610,"Energy-Efficient Through-Life Smart Design, Manufacturing and Operation of Ships in an Industry 4.0 Environment","Energy efficiency is an important factor in the marine industry to help reduce manufacturing and operational costs as well as the impact on the environment. In the face of global competition and cost-effectiveness, ship builders and operators today require a major overhaul in the entire ship design, manufacturing and operation process to achieve these goals. This paper highlights smart design, manufacturing and operation as the way forward in an industry 4.0 (i4) era from designing for better energy efficiency to more intelligent ships and smart operation through-life. The paper (i) draws parallels between ship design, manufacturing and operation processes, (ii) identifies key challenges facing such a temporal (lifecycle) as opposed to spatial (mass) products, (iii) proposes a closed-loop ship lifecycle framework and (iv) outlines potential future directions in smart design, manufacturin",2017,Energies,Joo Hock Ang; Cindy Goh; Alfredo Alan Flores Saldívar; Yun Li,10.3390/en10050610,,https://doi.org/10.3390/en10050610,openalex,energy based model robot learning,concept,ebm,,144,,2026-06-12T18:05:07Z,15.238,15.238
doi:10.17275/per.19.8.6.2,The effect of project-based arduino educational robot applications on students' computational thinking skills and their perception of Basic Stem skill levels,"The aim of this study is to investigate the effects of project-based arduino educational robot applications on students' computational thinking skills and their perception of Stem skill levels. The study group consists of 6th grade students from 2 different secondary schools from Turkey. Within the scope of the research, classes were assigned to experimental and control groups neutrally. There are 15 students in the control group and 18 students in the experimental group. The experimental study continued for 11 weeks in both groups. In the experimental group, project-based arduino educational robot applications were applied in classes whereas in the control group, project development activities were carried out with block based programming tool. The research data were collected by using the computer-based skill level scale ( = 0.809) and the Basic STEM Skill Levels scale ( = 940). The me",2019,Participatory Educational Research,Kübra Karaahmetoğlu; Özgen Korkmaz,10.17275/per.19.8.6.2,,https://doi.org/10.17275/per.19.8.6.2,openalex,robotics,concept,openalex_bulk_robotics,,63,,2026-06-12T18:57:17Z,15.229,15.229
doi:10.3389/frobt.2021.602878,Safety Assessment of Rehabilitation Robots: A Review Identifying Safety Skills and Current Knowledge Gaps,"The assessment of rehabilitation robot safety is a vital aspect of the development process, which is often experienced as difficult. There are gaps in best practices and knowledge to ensure safe usage of rehabilitation robots. Currently, safety is commonly assessed by monitoring adverse events occurrence. The aim of this article is to explore how safety of rehabilitation robots can be assessed early in the development phase, before they are used with patients. We are suggesting a uniform approach for safety validation of robots closely interacting with humans, based on safety skills and validation protocols. Safety skills are an abstract representation of the ability of a robot to reduce a specific risk or deal with a specific hazard. They can be implemented in various ways, depending on the application requirements, which enables the use of a single safety skill across a wide range of a",2021,Frontiers in Robotics and AI,Jule Bessler; Gerdienke B. Prange-Lasonder; Leendert Schaake; José Saenz; C. Bidard; Irene Fassi; Marcello Valori; Aske Bach Lassen; Jaap H. Buurke,10.3389/frobt.2021.602878,,https://doi.org/10.3389/frobt.2021.602878,openalex,energy based policy robotics,concept,ebm,,99,human robot interaction,2026-06-12T18:05:07Z,15.203,15.203
doi:10.1109/cacre58689.2023.10208545,Continual Contrastive Anomaly Detection under Natural Data Distribution Shifts,,2023,"2023 8th International Conference on Automation, Control and Robotics Engineering (CACRE)",Jingyu Yang; Yi Shen; Linan Deng,10.1109/cacre58689.2023.10208545,,https://doi.org/10.1109/cacre58689.2023.10208545,crossref,robotics,concept,crossref_bulk_robotics,,,distribution shift,2026-06-12T19:29:26Z,15.200,15.200
doi:10.3390/s19133030,Wearable IoT Smart-Log Patch: An Edge Computing-Based Bayesian Deep Learning Network System for Multi Access Physical Monitoring System,"According to the survey on various health centres, smart log-based multi access physical monitoring system determines the health conditions of humans and their associated problems present in their lifestyle. At present, deficiency in significant nutrients leads to deterioration of organs, which creates various health problems, particularly for infants, children, and adults. Due to the importance of a multi access physical monitoring system, children and adolescents' physical activities should be continuously monitored for eliminating difficulties in their life using a smart environment system. Nowadays, in real-time necessity on multi access physical monitoring systems, information requirements and the effective diagnosis of health condition is the challenging task in practice. In this research, wearable smart-log patch with Internet of Things (IoT) sensors has been designed and develope",2019,Sensors,Gunasekaran Manogaran; P. Mohamed Shakeel; Hassan Fouad; Yunyoung Nam; S. Baskar; Naveen Chilamkurti; Revathi Sundarasekar,10.3390/s19133030,,https://doi.org/10.3390/s19133030,openalex,energy based model robot learning,concept,ebm,,214,,2026-06-12T18:05:07Z,15.185,15.185
doi:10.1109/lra.2018.2812916,Stable and Compliant Motion of Physical Human–Robot Interaction Coupled With a Moving Environment Using Variable Admittance and Adaptive Control,"There are an increasing number of applications that require the end-effector of a robotic manipulator to be compliant in response to the intended force exerted by a human operator. In physical human-robot interaction, the stability and compliance are often affected in the presence of both human and an environment, especially during the transition from noncontact to contact. Unlike previous works, the physical human-robot interaction in this letter takes into consideration of the interaction of the human, robot, and a moving environment. To achieve this, this letter proposes a variable admittance control strategy with an adaptive controller to produce a time-varying stiffness interacting with the human and a moving environment simultaneously. The passivity of the system is guaranteed for time-varying admittance with human interaction coupled with a moving environment. Experiments are cond",2018,IEEE Robotics and Automation Letters,Hsieh-Yu Li; Ishara Paranawithana; L. Yang; Terence Sey Kiat Lim; Shaohui Foong; Foo Cheong Ng; U-Xuan Tan,10.1109/lra.2018.2812916,,https://doi.org/10.1109/lra.2018.2812916,openalex,robotics,concept,openalex_bulk_robotics,,85,human robot interaction,2026-06-12T18:57:17Z,15.177,15.177
doi:10.1177/02783649211004615,Learning compositional models of robot skills for task and motion planning,"The objective of this work is to augment the basic abilities of a robot by learning to use sensorimotor primitives to solve complex long-horizon manipulation problems. This requires flexible generative planning that can combine primitive abilities in novel combinations and, thus, generalize across a wide variety of problems. In order to plan with primitive actions, we must have models of the actions: under what circumstances will executing this primitive successfully achieve some particular effect in the world? We use, and develop novel improvements to, state-of-the-art methods for active learning and sampling. We use Gaussian process methods for learning the constraints on skill effectiveness from small numbers of expensive-to-collect training examples. In addition, we develop efficient adaptive sampling methods for generating a comprehensive and diverse sequence of continuous candidate",2021,The International Journal of Robotics Research,Zi Wang; Caelan Reed Garrett; Leslie Pack Kaelbling; Tomás Lozano-Pérez,10.1177/02783649211004615,,https://doi.org/10.1177/02783649211004615,crossref,task and motion planning robotics,anti_myopia,classic,,62,motion planning; task and motion planning; long horizon,2026-06-12T15:07:36Z,15.172,19.172
doi:10.1016/j.eap.2025.06.044,How artificial intelligence applications enhance enterprise green total factor productivity? A perspective on human-machine matching and labor skill structure,,2025,Economic Analysis and Policy,Kunyu Yang; Jinsong Kuang,10.1016/j.eap.2025.06.044,,https://doi.org/10.1016/j.eap.2025.06.044,crossref,flow matching policy,concept,architecture,,22,flow matching policy,2026-06-12T14:45:03Z,15.168,15.168
doi:10.3389/frobt.2022.858893,Effects of Upper-Limb Exoskeletons Designed for Use in the Working Environment—A Literature Review,"Introduction: Many employees report high physical strain from overhead work and resulting musculoskeletal disorders. The consequences of these conditions extend far beyond everyday working life and can severely limit the quality of life of those affected. One solution to this problem may be the use of upper-limb exoskeletons, which are supposed to relieve the shoulder joint in particular. The aim of this literature review was to provide an overview of the use and efficacy of exoskeletons for upper extremities in the working environment. Methods: A literature review was conducted using the PICO scheme and the PRISMA statement. To this end, a systematic search was performed in the PubMed, Web of Science and Scopus databases in May 2020 and updated in February 2022. The obtained studies were screened using previously defined inclusion and exclusion criteria and assessed for quality. Pertine",2022,Frontiers in Robotics and AI,Tobias Moeller; Janina Krell-Roesch; Alexander Woll; Thorsten Stein,10.3389/frobt.2022.858893,,https://doi.org/10.3389/frobt.2022.858893,crossref,Gaussian splatting robot perception tool use robotics,concept,architecture_x_embodiment,,66,Gaussian splatting robot perception; tool use robotics,2026-06-12T15:07:36Z,15.152,15.152
doi:10.24840/2183-0606_012.001_0010,"A Conceptual Framework for Workforce Skills for Industry 5.0: Implications for Research, Policy and Practice","Industry 5.0 is a relatively new topic and not yet well-defined. This article’s purpose is to develop understanding of Industry 5.0 by offering a new socio-centric conceptual framework. It extends prevailing perception of Industry 5.0 by integrating workforce skills, labour shortages, and eco-digital shifts. The study explores workforce skill measurement and its implementation. Three methods were combined to develop the conceptual framework: (i) review of academic and policy literature; (ii) scholarly and expert discussions; (iii) consultations with practitioners, companies and networks on Industry 5.0’s relevance. Industry 5.0 expands Industry 4.0's technology-focused approach. This new paradigm emphasises human-centricity, sustainability and resilience, infusing societal values into organisational management. Our findings suggest that, while firmly rooted in EU policy, Industry 5.0 mus",2024,Journal of Innovation Management,P.R.A. Oeij; Karolien Lenaerts; S. Dhondt; Wietse van Dijk; Doris Schartinger; Sorko Sabrina; Chris Warhurst,10.24840/2183-0606_012.001_0010,,https://doi.org/10.24840/2183-0606_012.001_0010,openalex,energy based policy robotics,concept,ebm,,26,limitation,2026-06-12T18:05:07Z,15.148,16.148
doi:10.1088/1742-6596/1302/3/032029,Optimal Trajectory Planning of Eye-head Gaze Shifts for Bionic Robot Vision System on Orchard Environment Perception,"Abstract To make orchard robots obtain environmental information quickly and smoothly, this paper studies the neuro-mechanism of primates’ gaze shifts. Meanwhile, according to the optimal control theory, this paper considers time and energy as factors of formulating cost function and then analyses kinematic relationship between eye and head during gaze shifts to find constraint conditions. Solving the two-point boundary value differential equations of optimal control, this paper can extract the best control signal of coordinated eye and head movements. By building a multi-degree-of-freedom robot vision system corresponding to the biological model, this paper simulates primates’ gaze shifts and verifies the feasibility and validity of the method proposed.",2019,Journal of Physics: Conference Series,Jianping Ma; Yuanhao Cheng; Sun’an Wang,10.1088/1742-6596/1302/3/032029,,https://doi.org/10.1088/1742-6596/1302/3/032029,crossref,Gaussian splatting robot perception,concept,architecture,,,Gaussian splatting robot perception,2026-06-12T15:07:36Z,15.100,16.100
doi:10.1089/ast.2017.1773,The Ladder of Life Detection,"We describe the history and features of the Ladder of Life Detection, a tool intended to guide the design of investigations to detect microbial life within the practical constraints of robotic space missions. To build the Ladder, we have drawn from lessons learned from previous attempts at detecting life and derived criteria for a measurement (or suite of measurements) to constitute convincing evidence for indigenous life. We summarize features of life as we know it, how specific they are to life, and how they can be measured, and sort these features in a general sense based on their likelihood of indicating life. Because indigenous life is the hypothesis of last resort in interpreting life-detection measurements, we propose a small but expandable set of decision rules determining whether the abiotic hypothesis is disproved. In light of these rules, we evaluate past and upcoming attempts",2018,Astrobiology,Marc Neveu; L. E. Hays; Mary A. Voytek; Michael H. New; M. Schulte,10.1089/ast.2017.1773,,https://doi.org/10.1089/ast.2017.1773,openalex,energy based policy robotics,concept,ebm,,264,,2026-06-12T18:05:07Z,15.090,15.090
doi:10.1177/02783649241234364,Compliance while resisting: A shear-thickening fluid controller for physical human-robot interaction,"Physical human-robot interaction (pHRI) is widely needed in many fields, such as industrial manipulation, home services, and medical rehabilitation, and puts higher demands on the safety of robots. Due to the uncertainty of the working environment, the pHRI may receive unexpected impact interference, which affects the safety and smoothness of the task execution. The commonly used linear admittance control (L-AC) can cope well with high-frequency small-amplitude noise, but for medium-frequency high-intensity impact, the effect is not as good. Inspired by the solid-liquid phase change nature of shear-thickening fluid, we propose a shear-thickening fluid control (SFC) that can achieve both an easy human-robot collaboration and resistance to impact interference. The SFC’s stability, passivity, and phase trajectory are analyzed in detail, the frequency and time domain properties are quantifie",2024,The International Journal of Robotics Research,L.Y Chen; Lipeng Chen; Xiangchi Chen; Haojian Lu; Y. Zheng; Jun Wu; Yue Wang; Zhengyou Zhang; Rong Xiong,10.1177/02783649241234364,,https://doi.org/10.1177/02783649241234364,openalex,robotics,concept,openalex_bulk_robotics,,23,human robot interaction,2026-06-12T18:57:17Z,15.089,16.089
doi:10.1126/scirobotics.adk9978,Multimodal soft valve enables physical responsiveness for preemptive resilience of soft robots,"Resilience is crucial for the self-preservation of biological systems: Humans recover from wounds thanks to an immune system that autonomously enacts a multistage response to promote healing. Similar passive mechanisms can enable pneumatic soft robots to overcome common faults such as bursts originating from punctures or overpressurization. Recent technological advancements, ranging from fault-tolerant controllers for robot reconfigurability to self-healing materials, have paved the way for robot resilience. However, these techniques require powerful processors and large datasets or external hardware. How to extend the operational life span of damaged soft robots with minimal computational and physical resources remains unclear. In this study, we demonstrated a multimodal pneumatic soft valve capable of passive resilient reactions, triggered by faults, to prevent or isolate damage in sof",2024,Science Robotics,Marco Pontin; Dana D. Damian,10.1126/scirobotics.adk9978,,https://doi.org/10.1126/scirobotics.adk9978,crossref,EBM transformer robotics soft robot manipulation,concept,architecture_x_embodiment,,24,EBM transformer robotics; robot manipulation; soft robot manipulation,2026-06-12T15:07:36Z,15.059,15.059
doi:10.36647/ttiras/02.03.a002,Effectiveness of Swarm Robotics in Coordination of Multiple Robots as a System That Consists of Large Numbers of Mostly Simple Physical Robots,"The concurrent work in a task with multiple robots is gaining faster achievement with different tasks. Swarming is able to ensure a new way of collaboration which is helping to provide diverse skill growth in the environment. The combined goal and also development of different new skills are gained from swarm robotics. Inspiration for swarm robotics is gained with social insects as they are able to exchange information with each other and modify their behaviors according to the environment. The formation of the swarm is developed with the help of multiple robots as these can build progress in work. Moving in the same direction as their neighbours are the most simple rule that is followed by swarm robotics which can be ensured a better improvement compared with single robots. Multiple robots are helping to produce better improvements in different sectors such as agriculture, military oper",2022,Technoarete Transactions on Industrial Robotics and Automation Systems,Pradnesh Ramesh Padave; Jonnala Subba Reddy,10.36647/ttiras/02.03.a002,,https://doi.org/10.36647/ttiras/02.03.a002,crossref,robotics,concept,crossref_bulk_robotics,,,,2026-06-12T19:29:26Z,15.050,15.050
doi:10.3390/s23177331,Federated Learning for Predictive Maintenance and Anomaly Detection Using Time Series Data Distribution Shifts in Manufacturing Processes,"In the manufacturing process, equipment failure is directly related to productivity, so predictive maintenance plays a very important role. Industrial parks are distributed, and data heterogeneity exists among heterogeneous equipment, which makes predictive maintenance of equipment challenging. In this paper, we propose two main techniques to enable effective predictive maintenance in this environment. We propose a 1DCNN-Bilstm model for time series anomaly detection and predictive maintenance of manufacturing processes. The model combines a 1D convolutional neural network (1DCNN) and a bidirectional LSTM (Bilstm), which is effective in extracting features from time series data and detecting anomalies. In this paper, we combine a federated learning framework with these models to consider the distributional shifts of time series data and perform anomaly detection and predictive maintenanc",2023,Sensors,Jisu Ahn; Younjeong Lee; Namji Kim; Chanho Park; Jongpil Jeong,10.3390/s23177331,,https://doi.org/10.3390/s23177331,openalex,energy based model robot learning,concept,ebm,,65,distribution shift,2026-06-12T18:26:24Z,15.045,16.045
doi:10.1109/icra57147.2024.10610784,How to Prompt Your Robot: A PromptBook for Manipulation Skills with Code as Policies,,2024,2024 IEEE International Conference on Robotics and Automation (ICRA),Montserrat Gonzalez Arenas; Ted Xiao; Sumeet Singh; Vidhi Jain; Allen Ren; Quan Vuong; Jake Varley; Alexander Herzog; Isabel Leal; Sean Kirmani; Mario Prats; Dorsa Sadigh; Vikas Sindhwani; Kanishka Rao; Jacky Liang; Andy Zeng,10.1109/icra57147.2024.10610784,,https://doi.org/10.1109/icra57147.2024.10610784,crossref,visuotactile robot manipulation,concept,tactile,,25,robot manipulation,2026-06-12T15:07:36Z,15.029,15.029
doi:10.48550/arxiv.2206.14176,DayDreamer: World Models for Physical Robot Learning,"To solve tasks in complex environments, robots need to learn from experience. Deep reinforcement learning is a common approach to robot learning but requires a large amount of trial and error to learn, limiting its deployment in the physical world. As a consequence, many advances in robot learning rely on simulators. On the other hand, learning inside of simulators fails to capture the complexity of the real world, is prone to simulator inaccuracies, and the resulting behaviors do not adapt to changes in the world. The Dreamer algorithm has recently shown great promise for learning from small amounts of interaction by planning within a learned world model, outperforming pure reinforcement learning in video games. Learning a world model to predict the outcomes of potential actions enables planning in imagination, reducing the amount of trial and error needed in the real environment. Howev",2022,arXiv (Cornell University),Philipp Wu; Alejandro Escontrela; Danijar Hafner; Ken Goldberg; Pieter Abbeel,10.48550/arxiv.2206.14176,,https://doi.org/10.48550/arxiv.2206.14176,openalex,robotics,concept,openalex_bulk_robotics,,46,deployment,2026-06-12T18:57:17Z,15.025,17.025
doi:10.1089/ast.2017.1756,The Coevolution of Life and Environment on Mars: An Ecosystem Perspective on the Robotic Exploration of Biosignatures,"Earth's biological and environmental evolution are intertwined and inseparable. This coevolution has become a fundamental concept in astrobiology and is key to the search for life beyond our planet. In the case of Mars, whether a coevolution took place is unknown, but analyzing the factors at play shows the uniqueness of each planetary experiment regardless of similarities. Early Earth and early Mars shared traits. However, biological processes on Mars, if any, would have had to proceed within the distinctive context of an irreversible atmospheric collapse, greater climate variability, and specific planetary characteristics. In that, Mars is an important test bed for comparing the effects of a unique set of spatiotemporal changes on an Earth-like, yet different, planet. Many questions remain unanswered about Mars' early environment. Nevertheless, existing data sets provide a foundation f",2017,Astrobiology,Nathalie A. Cabrol,10.1089/ast.2017.1756,,https://doi.org/10.1089/ast.2017.1756,openalex,robotics,concept,openalex_bulk_robotics,,86,,2026-06-12T18:57:17Z,14.983,14.983
doi:10.1111/ecot.12367,Sustainable growth through industrial robot diffusion: Quasi‐experimental evidence from a Bartik shift‐share design,"Abstract While the diffusion of industrial robots has had a significant impact on the economy and society, more research is needed to understand how robots contribute to sustainable growth. This study uses paired data on China's county‐level carbon emissions and industrial robot installations from 2008 to 2017, employing a Bartik shift‐share instrumental variable design to estimate the economic and sustainable effects of industrial robot diffusion. The study finds that industrial robots significantly promote economic growth and contribute to carbon emission reduction as confirmed by robust IV 2SLS and general PSM‐DID methods. Additionally, a heterogeneity analysis shows that industrial robots have a stronger impact on sustainable growth in underdeveloped and small‐medium cities, especially in low‐skilled industries. Finally, the study identifies industrial structural change, clean energy",2023,Economics of Transition and Institutional Change,Qingyang Wu,10.1111/ecot.12367,,https://doi.org/10.1111/ecot.12367,crossref,diffusion policy robot manipulation,concept,diffusion,,31,diffusion policy; robot manipulation; industrial robot,2026-06-12T15:07:36Z,14.983,14.983
doi:10.3389/frvir.2022.968312,RAISE: Robotics & AI to improve STEM and social skills for elementary school students,"The authors present the design and implementation of an exploratory virtual learning environment that assists children with autism (ASD) in learning science, technology, engineering, and mathematics (STEM) skills along with improving social-emotional and communication skills. The primary contribution of this exploratory research is how educational research informs technological advances in triggering a virtual AI companion (AIC) for children in need of social-emotional and communication skills development. The AIC adapts to students’ varying levels of needed support. This project began by using puppetry control (human-in-the-loop) of the AIC, assisting students with ASD in learning basic coding, practicing their social skills with the AIC, and attaining emotional recognition and regulation skills for effective communication and learning. The student is given the challenge to program a ro",2022,Frontiers in Virtual Reality,Charles E. Hughes; Lisa Dieker; Eileen M. Glavey; Rebecca Hines; Ilene Wilkins; Kathleen Ingraham; Caitlyn A. Bukaty; Kamran Ali; Sachin Shah; John A. Murphy; Matthew Taylor,10.3389/frvir.2022.968312,,https://doi.org/10.3389/frvir.2022.968312,openalex,robotics,concept,openalex_bulk_robotics,,42,,2026-06-12T18:57:17Z,14.981,14.981
doi:10.3390/app13106119,Enhancing Skills Demand Understanding through Job Ad Segmentation Using NLP and Clustering Techniques,"The labor market has been significantly impacted by the rapidly evolving global landscape, characterized by increased competition, globalization, demographic shifts, and digitization, leading to a demand for new skills and professions. The rapid pace of technological advancements, economic transformations, and changes in workplace practices necessitate that employees continuously adapt to new skill requirements. A quick assessment of these changes enables the identification of skill profiles and the activities of economic fields. This paper aims to utilize natural language processing technologies and data clustering methods to analyze the skill needs of Lithuanian employees, perform a cluster analysis of these skills, and create automated job profiles. The hypothesis that applying natural language processing and clustering in job profile analyzes can allow the real-time assessment of job",2023,Applied Sciences,Mantas Lukauskas; Viktorija Šarkauskaitė; Vaida Pilinkienė; Alina Stundžienė; Andrius Grybauskas; Jurgita Bruneckienė,10.3390/app13106119,,https://doi.org/10.3390/app13106119,openalex,energy based transformer robot policy,concept,ebm_transformer,,27,energy based transformer robot policy,2026-06-12T18:05:07Z,14.966,14.966
doi:10.1007/s10015-019-00536-y,Emotional evaluation for pictures displayed with small FOV telescope environment in virtual reality headset,,2019,Artificial Life and Robotics,Masahiro Yamaguchi; Masayo Matsumura; Hikari Shimada; Kenji Araki,10.1007/s10015-019-00536-y,,https://doi.org/10.1007/s10015-019-00536-y,crossref,robotics,concept,crossref_bulk_robotics,,2,,2026-06-12T19:29:26Z,14.949,15.949
doi:10.1038/s44172-023-00089-w,Lab2Field transfer of a robotic raspberry harvester enabled by a soft sensorized physical twin,"Abstract Robotic fruit harvesting requires dexterity to handle delicate crops and development relying upon field testing possible only during the harvesting season. Here we focus on raspberry crops, and explore how the research methodology of harvesting robots can be accelerated through soft robotic technologies. We propose and demonstrate a physical twin of the harvesting environment: a sensorized physical simulator of a raspberry plant with tunable properties, used to train a robotic harvester in the laboratory regardless of season. The sensors on the twin allow for direct comparison with human demonstrations, used to tune the robot controllers. In early field demonstrations, an 80% harvesting success rate was achieved without any modifications on the lab trained robot.",2023,Communications Engineering,Kai Junge; Catarina Pires; Josie Hughes,10.1038/s44172-023-00089-w,,https://doi.org/10.1038/s44172-023-00089-w,openalex,robotics,concept,openalex_bulk_robotics,,26,human demonstration,2026-06-12T18:57:17Z,14.948,14.948
doi:10.1080/01691864.2025.2487608,Situation classification of living environment by daily life support robot using pre-trained large-scale vision-language model,,2025,Advanced Robotics,Yoshiki Obinata; Kento Kawaharazuka; Naoaki Kanazawa; Naoya Yamaguchi; Naoto Tsukamoto; Iori Yanokura; Shingo Kitagawa; Kei Okada; Masayuki Inaba,10.1080/01691864.2025.2487608,,https://doi.org/10.1080/01691864.2025.2487608,crossref,vision language action model limitation robotics,hostile,failure,,1,vision language action model; limitation,2026-06-12T14:45:03Z,14.947,19.947
doi:10.1109/icra57147.2024.10611129,LOTUS: Continual Imitation Learning for Robot Manipulation Through Unsupervised Skill Discovery,,2024,2024 IEEE International Conference on Robotics and Automation (ICRA),Weikang Wan; Yifeng Zhu; Rutav Shah; Yuke Zhu,10.1109/icra57147.2024.10611129,,https://doi.org/10.1109/icra57147.2024.10611129,crossref,robot world models manipulation,concept,world_models,,21,robot world model; robot manipulation; imitation learning,2026-06-12T15:07:36Z,14.946,14.946
doi:10.3389/fnbot.2024.1337608,ADAM: a robotic companion for enhanced quality of life in aging populations,"One of the major problems of today's society is the rapid aging of its population. Life expectancy is increasing, but the quality of life is not. Faced with the growing number of people who require cognitive or physical assistance, new technological tools are emerging to help them. In this article, we present the ADAM robot, a new robot designed for domestic physical assistance. It mainly consists of a mobile base, two arms with grippers and vision systems. All this allows the performance of physical tasks that require navigation and manipulation of the environment. Among ADAM's features are its modularity, its adaptability to indoor environments and its versatility to function as an experimental platform and for service applications. In addition, it is designed to work respecting the user's personal space and is collaborative, so it can learn from experiences taught by them. We present ",2024,Frontiers in Neurorobotics,Alicia Mora; Adrián Prados; Alberto Méndez; Gonzalo Espinoza; Pavel González; Blanca Muñoz López; Victor Muñoz; Luís Moreno; Santiago Garrido; Ramón Barber,10.3389/fnbot.2024.1337608,,https://doi.org/10.3389/fnbot.2024.1337608,openalex,energy based model robot learning,concept,ebm,,17,,2026-06-12T18:26:24Z,14.945,14.945
doi:10.1145/3643834.3661519,"Designing Plant-Driven Actuators for Robots to Grow, Age, and Decay","Designing plant-driven actuators presents an opportunity to create new types of devices that grow, age, and decay, such as robots that embody these qualities in their physical structure. Plant-robot hybrids that grow and decay incorporate unpredictable and gradual transformations inherent across living organisms and suggest an alternative to the design principles of immediacy, responsiveness, control, accuracy, and durability commonly found in robotic design. To explore this, we present a design space of primitives for plant-driven robotic actuators. Proof-of-concept prototypes illustrate how concepts like slow change, slow movement, decay, and destruction can be incorporated into robotic forms. We describe the design considerations required for building plant-driven actuators for robots, including experimental findings regarding the mechanical properties of plant forces. Finally, we spe",2024,Designing Interactive Systems Conference,Yuhan Hu; Jasmine Lu; Nathan Scinto-Madonich; Miguel A. Piñeros; Pedro Lopes; Guy Hoffman,10.1145/3643834.3661519,,https://doi.org/10.1145/3643834.3661519,openalex,robotics,concept,openalex_bulk_robotics,,17,,2026-06-12T18:57:17Z,14.945,14.945
doi:10.3402/rlt.v5i2.10558,Rich environments for active learning in action: problem-based learning,"In today's complex world of rapid change, of increasing innovation and of proliferating knowledge, employers and employees must be able to apply tools and knowledge to new situations with increasing frequency to remain productive and competitive (see Nash, 1994). Because we face an environment in which knowledge and skills become rapidly obsolete, people need to know how to be involved in a continual process of 'retooling' their knowledge and skill base (see Swanson et al, 1993). Consequently, learning to think critically, to analyse and synthesize information to solve technical, social, economic, political, and scientific problems, and to engage in lifelong learning, are crucial for successful and fulfilling participation in our competitive society. Learning environments which prepare learners for the complexities of the professional world utilize instructional activities reflecting the",2011,Research in Learning Technology,Scott Grabinger; Joanna C. Dunlap; Judith A. Duffield,10.3402/rlt.v5i2.10558,,https://doi.org/10.3402/rlt.v5i2.10558,crossref,contact rich manipulation learning,concept,contact,,23,contact rich manipulation,2026-06-12T15:07:36Z,14.939,14.939
doi:10.1016/j.jmsy.2019.11.001,Remote human–robot collaboration: A cyber–physical system application for hazard manufacturing environment,,2019,Journal of Manufacturing Systems,Hongyi Liu; Lihui Wang,10.1016/j.jmsy.2019.11.001,,https://doi.org/10.1016/j.jmsy.2019.11.001,openalex,robotics,concept,openalex_bulk_robotics,,142,,2026-06-12T18:57:17Z,14.931,14.931
doi:10.1016/j.eneco.2023.106976,How U.S. job policy affects China's scientific and technological manufacturing firms? A perspective based on the competitive environment,,2023,Energy Economics,Houyin Long; Guilin Wu; Jiaxin Wang; Pengdong Zhang,10.1016/j.eneco.2023.106976,,https://doi.org/10.1016/j.eneco.2023.106976,crossref,energy based policy robotics,concept,ebm,,30,,2026-06-12T17:50:07Z,14.917,14.917
doi:10.1016/j.cie.2023.109764,Digital twin for human-robot collaboration enhancement in manufacturing systems: Literature review and direction for future developments,"The integration of robots in manufacturing systems known as Human Robot Collaboration (HRC) can provide relevant opportunities in terms of productivity, safety and quality control although there are still many challenges such as integration costs, complexity, safety and workforce concerns, skills gaps and regulatory compliance. Digital Twins (DTs), which are virtual replicas of physical systems, are being explored as a promising solution to address these challenges. Therefore, this paper delves into the potential DTs-based approaches for HRC in manufacturing systems with a focus on their ability to provide a realistic simulation environment for testing and optimizing collaboration strategies. The first part of the study involves a comprehensive literature review devoted to understand how the scientific community perceives the application of DTs for HRC in manufacturing systems and the ma",2023,Computers & Industrial Engineering,Alessio Baratta; Antonio Cimino; Francesco Longo; Letizia Nicoletti,10.1016/j.cie.2023.109764,,https://doi.org/10.1016/j.cie.2023.109764,openalex,robotics,concept,openalex_bulk_robotics,,92,,2026-06-12T18:57:17Z,14.916,14.916
doi:10.1016/j.robot.2023.104427,Continual learning from demonstration of robotics skills,,2023,Robotics and Autonomous Systems,Sayantan Auddy; Jakob Hollenstein; Matteo Saveriano; Antonio Rodríguez-Sánchez; Justus Piater,10.1016/j.robot.2023.104427,,https://doi.org/10.1016/j.robot.2023.104427,crossref,decision transformer robotics,concept,architecture,,29,decision transformer robotics; continual learning,2026-06-12T15:07:36Z,14.901,14.901
doi:10.1177/0885412210386229,Statistical Approaches to Testing the Relationships of the Built Environment with Resident-Level Physical Activity Behavior and Health Outcomes in Cross-Sectional Studies with Cluster Sampling,"To achieve valid conclusions, studies exploring associations of the built environment with residents' physical activity and health-related outcomes need to employ statistical approaches accounting for clustered data. This article discusses the following main statistical approaches: analysis of covariance, regression models with robust standard errors, generalized estimating equations, and multilevel generalized linear models. The choice of a statistical method depends on the characteristics of the study and research questions. While the first three approaches are employed to account for clustering in the data, multilevel models can also help unravel more substantive issues within a social ecological theoretical framework of health behavior.",2011,Journal of Planning Literature,Ester Cerin,10.1177/0885412210386229,,https://doi.org/10.1177/0885412210386229,crossref,sampling based motion planning,anti_myopia,anti_thesis,,52,motion planning; sampling based motion planning,2026-06-12T15:07:36Z,14.885,18.885
doi:10.3389/fneur.2019.01088,"A Paradigm Shift: Rehabilitation Robotics, Cognitive Skills Training, and Function After Stroke","Introduction: Robot-assisted therapy for upper extremity (UE) impairments post stroke has yielded modest gains in motor capacity and little evidence of improved UE performance during activities of daily living. A paradigm shift which embodies principles of motor learning and exercise dependent neuroplasticity may improve robot therapy outcomes by incorporating active problem solving, salience of trained tasks, and strategies to facilitate the transfer of acquired motor skills to use of the paretic arm and hand during everyday activities. Objective: To pilot and test a novel therapy protocol, the Active Learning Program for Stroke (ALPS), designed to complement repetitive, robot-assisted therapy for the paretic UE. Key ALPS ingredients included training in the use of cognitive strategies (e.g. STOP, THINK, DO, CHECK) and a goal-directed home action plan to facilitate UE self-management an",2019,Frontiers in Neurology,Susan E. Fasoli; Catherine Adans-Dester,10.3389/fneur.2019.01088,,https://doi.org/10.3389/fneur.2019.01088,openalex,robotics,concept,openalex_bulk_robotics,,31,,2026-06-12T18:57:17Z,14.883,14.883
doi:10.1146/annurev-control-080320-011601,What Is Robotics? Why Do We Need It and How Can We Get It?,"Robotics is an emerging synthetic science concerned with programming work. Robot technologies are quickly advancing beyond the insights of the existing science. More secure intellectual foundations will be required to achieve better, more reliable, and safer capabilities as their penetration into society deepens. Presently missing foundations include the identification of fundamental physical limits, the development of new dynamical systems theory, and the invention of physically grounded programming languages. The new discipline needs a departmental home in the universities, which it can justify both intellectually and by its capacity to attract new diverse populations inspired by the age-old human fascination with robots.",2021,"Annual Review of Control, Robotics, and Autonomous Systems",Daniel E. Koditschek,10.1146/annurev-control-080320-011601,,https://doi.org/10.1146/annurev-control-080320-011601,crossref,classical control robotics,anti_myopia,anti_thesis,,34,classical control robotics,2026-06-12T15:07:36Z,14.878,18.878
doi:10.5465/amj.2011.1184,How Early Implementations Influence Later Adoptions of Innovation: Social Positioning and Skill Reproduction in the Diffusion of Robotic Surgery,"We report on a multilevel study investigating the diffusion of robotic surgery in the Italian health care system between 1999 and 2010. A combination of qualitative and quantitative methods allowed us to link organization-level processes associated with the adoption and implementation of the innovation to its diffusion at the population level. Our findings advance the understanding of how early experiences with the implementation of an innovation influence later adoptions, and they draw attention to how the search for social gains drives some peripheral actors to pioneer an innovation and engage in practices of discursive persuasion and skill reproduction that, in turn, constitute them to be “exemplary users.” These practices eventually trigger and support the isomorphic diffusion of the innovation, even in the presence of persistent uncertainty about its technical or economic benefits.",2014,Academy of Management Journal,Amelia Compagni; Valentina Mele; Davide Ravasi,10.5465/amj.2011.1184,,https://doi.org/10.5465/amj.2011.1184,openalex,robotics,concept,openalex_bulk_robotics,,148,,2026-06-12T18:57:17Z,14.852,15.852
doi:10.1155/2022/7548256,Design of Assessment Judging Model for Physical Education Professional Skills Course Based on Convolutional Neural Network and Few-Shot Learning,"In recent years, the promotion of quality education and the development of curriculum and teaching materials reform have put forward higher goals and requirements for professional skills in physical education. However, there are still many shortcomings in the nuclear assessment of physical education professional skills, such as lack of clarity in evaluation objectives, lack of scientific in evaluation indexes, lack of systematization in evaluation contents, lack of diversity in evaluation methods, lack of authority in evaluation results, and lack of timely prediction and analysis of students' mastery of classroom teaching skills, thus not giving good play to all the functions that the nuclear assessment should have, thus to a certain extent fettering the further enhancement of physical education. With the development of information technology, artificial intelligence, as a new technology",2022,Computational Intelligence and Neuroscience,Chen Qingjie; Minkai Dong,10.1155/2022/7548256,,https://doi.org/10.1155/2022/7548256,openalex,energy based model robot learning,concept,ebm,,8,,2026-06-12T18:26:24Z,14.849,15.849
doi:10.1145/3610977.3634936,Encountering Autonomous Robots on Public Streets,"Robots deployed in public settings enter spaces that humans live and work in. Studies of HRI in public tend to prioritise direct and deliberate interactions. Yet this misses the most common form of response to robots, which ranges from subtle fleeting interactions to virtually ignoring them. Taking an ethnomethodological approach building on video recordings, we show how robots become embedded in urban spaces both from a perspective of the social assembly of the physical environment (the streetscape) and the socially organised nature of everyday street life. We show how such robots are effectively 'granted passage' through these spaces as a result of the practical work of the streets' human inhabitants. We detail the contingent nature of the streetscape, drawing attention to its various members and the accommodation work they are doing. We demonstrate the importance of studying robots du",2024,,Hannah Pelikan; Stuart Reeves; Marina N. Cantarutti,10.1145/3610977.3634936,,https://doi.org/10.1145/3610977.3634936,openalex,robotics,concept,openalex_bulk_robotics,,52,deployment,2026-06-12T18:57:17Z,14.835,15.835
doi:10.20368/1971-8829/1628,How do pupils perceive educational robotics as a tool to improve their 21st century skills?,"In the past years, the use of educational robots has steadily increased, in particular due to the ongoing digitalization of modern societies and the new skills that professions require. It has been argued that educational robotics activities have the potential to promote the acquisition of such skills and may increase pupils’ interest in STEM disciplines. Despite these results, only few studies have examined the pupils’ perspective regarding the pedagogical value of educational robotics in formal education. Therefore, in this study with 91 pupils aged between 13 and 15 years, we aimed at investigating how pupils perceive educational robotics as a tool to improve their creativity, collaboration, computer science and computational thinking skills and to foster their interest in STEM disciplines. Over a period of one semester, the pupils worked with the robot Thymio II and evaluated their e",2019,Infoscience (Ecole Polytechnique Fédérale de Lausanne),Lucio Negrini; Christian Giang,10.20368/1971-8829/1628,,https://doi.org/10.20368/1971-8829/1628,openalex,robotics,concept,openalex_bulk_robotics,,28,,2026-06-12T18:57:17Z,14.834,14.834
title:on robotic assembly using contact force control and estimation,On Robotic Assembly using Contact Force Control and Estimation,"Force sensing provides robots the capability to accomplish tasks where physical interaction with the environment is required, such as assembly. Small position uncertainties can then be corrected for by sensing the contact forces. This thesis considers the problem of force-controlled assembly, including how tasks can be specified in a simple and intuitive way and how robust task execution under uncertainties can be accomplished. A framework for performing robotic assembly is presented. An assembly tasks is composed of a number of skills, where skills both can be force controlled and be carried out using standard position-based control. The skills using force control are specified as sequences of constrained motions, where transitions between the motions are triggered by sensor events. These events can either be simple threshold levels, or be more advanced classifiers based on machine lear",2015,Lund University Publications (Lund University),Andreas Stolt,,,https://openalex.org/W1932845498,openalex,robotics,concept,openalex_bulk_robotics,,16,industrial robot; force control,2026-06-12T18:57:17Z,14.817,14.817
doi:10.47197/retos.v55.105256,Article RETRACTED due to manipulation by the authors How does cooperative learning work with students? Literature review in physical education,"Cooperative learning stands as a recognized educational approach with potential to facilitate desired learning outcomes. This literature review aims to examine the existing body of scientific literature concerning the effects of cooperative learning on students within the realm of physical education. While a systematic review encompassing the years 2014 to 2019 was previously undertaken (Bores-García et al., 2021), this study provides a more recent overview spanning from 2019 to 2024. Utilizing three prominent databases (ScienceDirect, PubMed, and Scopus), articles pertaining to cooperative learning in physical education were selected in accordance with the Preferred Reporting Items for Systematic Reviews and Meta-Analyses (PRISMA) guidelines. Following the application of exclusion criteria, a total of 11 articles were identified and categorized. Overall, the findings indicate that coope",2024,Retos,Didi Suryadi; Ardo Okilanda; Dedi Nofrizal; Mikkey Anggara Suganda; Singha Tulyakul; Mottakin Ahmed; Ikram Hussain; Ahmad Nasrulloh; Y Touvan Juni Samodra; Isti Dwi Puspita Wati; Risa Herdiyana Bastian,10.47197/retos.v55.105256,,https://doi.org/10.47197/retos.v55.105256,crossref,contact rich manipulation learning,concept,contact,,7,contact rich manipulation; limitation,2026-06-12T15:07:36Z,14.790,15.790
doi:10.1080/01691864.2022.2068353,Software development environment for collaborative research workflow in robotic system integration,"Today's robotics involves a large range of knowledge and skills across many disciplines. This issue has recently come to light as robotics competitions attract more talented teams to tackle unsolved problems. Although the tasks are challenging, the preparation cycles are usually short. The teams involved, ranging from academic institutions to small startups and large companies, need to develop and deploy their solutions with agility. Therefore, this paper introduces a containerized Software Development Environment (SDE) based on a collaborative workflow relying on open-source technologies for robotic system integration and deployment. The proposed SDE enables the collaborators to focus on their individual expertize and rely on automated tests and unattended simulations. The analysis of the adoption of the proposed SDE shows that several research institutions successfully deployed it in m",2022,Advanced Robotics,Lotfi El Hafi; Gustavo Alfonso Garcia Ricardez; Felix von Drigalski; Yuki Inoue; Masaki Yamamoto; Takashi Yamamoto,10.1080/01691864.2022.2068353,,https://doi.org/10.1080/01691864.2022.2068353,openalex,robotics,concept,openalex_bulk_robotics,,28,deployment,2026-06-12T18:57:17Z,14.784,15.784
doi:10.3389/frobt.2022.720448,A Project Based Learning Approach for Improving Students’ Computational Thinking Skills,"An educational robotics lab has been planned for undergraduate students in an Electronic Engineering degree, using the Project Based Learning (PBL) approach and the NAO robot. Students worked in a research context, with the aim of making the functions of the NAO robot as social and autonomous as possible, adopting in the design process the Wolfram Language (WL), from the Mathematica software. Interfacing the programming environment of the NAO with Mathematica, they solved in part the problem of autonomy of the NAO, thus realizing enhanced functions of autonomous movement, recognition of human faces and speech for improving the system social interaction. An external repository was created to streamline processes and stow data that the robot can easily access. Self-assessment processes demonstrated that the course provided students with useful skills to cope with real life problems. Cognit",2022,Frontiers in Robotics and AI,Francesca Bertacchini; Carmelo Scuro; Pietro Pantano; Eleonora Bilotta,10.3389/frobt.2022.720448,,https://doi.org/10.3389/frobt.2022.720448,crossref,energy based model robot learning,concept,ebm,,31,,2026-06-12T15:07:36Z,14.783,14.783
doi:10.1109/lra.2022.3196768,SOPHIE: Soft and Flexible Aerial Vehicle for Physical Interaction With the Environment,,2022,IEEE Robotics and Automation Letters,F. Ruiz; B. C. Arrue; A. Ollero,10.1109/lra.2022.3196768,,https://doi.org/10.1109/lra.2022.3196768,crossref,EBM transformer robotics soft robot manipulation,concept,architecture_x_embodiment,,34,EBM transformer robotics; robot manipulation; soft robot manipulation,2026-06-12T15:07:36Z,14.778,14.778
doi:10.1159/000512437,How to Bring Surgery to the Next Level: Interpretable Skills Assessment in Robotic-Assisted Surgery,"INTRODUCTION: A surgeon's technical skills are an important factor in delivering optimal patient care. Most existing methods to estimate technical skills remain subjective and resource intensive. Robotic-assisted surgery (RAS) provides a unique opportunity to develop objective metrics using key elements of intraoperative surgeon behavior which can be captured unobtrusively, such as instrument positions and button presses. Recent studies have shown that objective metrics based on these data (referred to as objective performance indicators [OPIs]) correlate to select clinical outcomes during robotic-assisted radical prostatectomy. However, the current OPIs remain difficult to interpret directly and, therefore, to use within structured feedback to improve surgical efficiencies. METHODS: We analyzed kinematic and event data from da Vinci surgical systems (Intuitive Surgical, Inc., Sunnyvale,",2020,Visceral Medicine,Kristen C. Brown; Kiran Bhattacharyya; Sue Kulason; Aneeq Zia; Anthony Jarc,10.1159/000512437,,https://doi.org/10.1159/000512437,openalex,robotics,concept,openalex_bulk_robotics,,34,,2026-06-12T18:57:17Z,14.778,14.778
doi:10.3390/fi13080186,Cost Benefits of Using Machine Learning Features in NIDS for Cyber Security in UK Small Medium Enterprises (SME),"Cyber security has made an impact and has challenged Small and Medium Enterprises (SMEs) in their approaches towards how they protect and secure data. With an increase in more wired and wireless connections and devices on SME networks, unpredictable malicious activities and interruptions have risen. Finding the harmony between the advancement of technology and costs has always been a balancing act particularly in convincing the finance directors of these SMEs to invest in capital towards their IT infrastructure. This paper looks at various devices that currently are in the market to detect intrusions and look at how these devices handle prevention strategies for SMEs in their working environment both at home and in the office, in terms of their credibility in handling zero-day attacks against the costs of achieving so. The experiment was set up during the 2020 pandemic referred to as COV",2021,Future Internet,Nisha Rawindaran; Ambikesh Jayal; Edmond Prakash; Chaminda Hewage,10.3390/fi13080186,,https://doi.org/10.3390/fi13080186,openalex,energy based model robot learning,concept,ebm,,41,,2026-06-12T18:26:24Z,14.769,14.769
doi:10.1109/tcyb.2022.3211440,Stochastic Optimal Control for Robot Manipulation Skill Learning Under Time-Varying Uncertain Environment,,2024,IEEE Transactions on Cybernetics,Xing Liu; Zhengxiong Liu; Panfeng Huang,10.1109/tcyb.2022.3211440,,https://doi.org/10.1109/tcyb.2022.3211440,crossref,robot world models manipulation,concept,world_models,,14,robot world model; robot manipulation; skill learning,2026-06-12T15:07:36Z,14.754,15.754
doi:10.1002/anie.201702979,The Art of Building Small: From Molecular Switches to Motors (Nobel Lecture),"A journey into the nano-world: The ability to design, use and control motor-like functions at the molecular level sets the stage for numerous dynamic molecular systems. In his Nobel Lecture, B. L. Feringa describes the evolution of the field of molecular motors and explains how to program and control molecules by incorporating responsive and adaptive properties. At the start of my journey into the uncharted territory of synthetic molecular motors I consider it apt to emphasize the joy of discovery that I have experienced through synthetic chemistry. The molecular beauty, structural diversity and ingenious functions of the machinery of life,1, 2 which evolved from a remarkably limited repertoire of building blocks, offers a tremendous source of inspiration to the synthetic chemist entering the field of dynamic molecular systems. However, far beyond Nature's designs, the creative power of ",2017,Angewandte Chemie International Edition,Ben L. Feringa,10.1002/anie.201702979,,https://doi.org/10.1002/anie.201702979,openalex,energy based model robot learning,concept,ebm,,750,,2026-06-12T18:26:24Z,14.750,14.750
doi:10.3389/ffutr.2023.1102302,Assessment of readiness of a traffic environment for autonomous delivery robots,"Introduction: Autonomous delivery robots are a promising alternative for last-mile delivery. To realise successful implementation of delivery robots in public spaces, it is important to study the interaction between robots and the traffic environment. The traffic environment includes the physical infrastructure and the objects using it like cars and people. Methods: This research proposes an assessment method to determine the readiness of a traffic environment for autonomous delivery robots. A conceptual model is proposed that includes the factors that determine this so-called “roboreadiness”. The two key components of the model are the performance of the robot in the traffic environment and its social acceptance. A real-life experimental test case, expert interviews, and a survey are used to refine and validate the framework. Results: The real-life test case showed for the basic variant",2023,Frontiers in Future Transportation,E. M. Arntz; Ron van Duin; A. J. Van Binsbergen; Lóránt Tavasszy; Thomas M. Klein,10.3389/ffutr.2023.1102302,,https://doi.org/10.3389/ffutr.2023.1102302,openalex,robotics,concept,openalex_bulk_robotics,,17,,2026-06-12T18:57:17Z,14.745,14.745
doi:10.1177/23220058241227610,Teaching Law Subjects by Using Educational Robots: Does the Use of Robots Lead to the Development of Legal Skills Among Law Staudents?,"The article analyses the mechanism of teaching law subjects using educational robots by showing the role that robots play in developing legal skills among law students and faculty members in universities. Educational robots enhance and develop higher-order thinking skills among law students, such as creative and critical thinking and the skill of solving legal problems, through managing and organizing time and identifying legal and judicial sources. Today, educational robots are increasingly being used to develop legal skills in classrooms as a means of teaching legal science concepts. The use of virtual and augmented reality in educational robots in legal fields is also widely accepted, allowing law students to interact with robotic systems within a simulated environment among law students. The study reached several results and recommendations, the most important of which is that educat",2024,Asian Journal of Legal Education,Tareq Al-Billeh,10.1177/23220058241227610,,https://doi.org/10.1177/23220058241227610,openalex,robotics,concept,openalex_bulk_robotics,,11,,2026-06-12T18:57:17Z,14.742,14.742
doi:10.1109/iros51168.2021.9636080,Learning by Watching: Physical Imitation of Manipulation Skills from Human Videos,,2021,2021 IEEE/RSJ International Conference on Intelligent Robots and Systems (IROS),Haoyu Xiong; Quanzhou Li; Yun-Chun Chen; Homanga Bharadhwaj; Samarth Sinha; Animesh Garg,10.1109/iros51168.2021.9636080,,https://doi.org/10.1109/iros51168.2021.9636080,crossref,contact rich manipulation learning,concept,contact,,47,contact rich manipulation,2026-06-12T15:07:36Z,14.736,14.736
doi:10.1109/access.2023.3339250,"E-Learning-Based Cloud Computing Environment: A Systematic Review, Challenges, and Opportunities","New technologies drive educational shifts, transforming offline to online learning. This study investigates e-learning and cloud computing integration to understand synergies and their potential impact. The study addresses two primary research questions: the influence of e-learning on factors like architecture, software, performance, security, hardware, network, and virtual aspects, and the examination of cloud computing services and models such as SaaS, PaaS, IaaS, and S.O.A. The research aims to provide insights into how e-learning is incorporated in a cloud computing environment. The motivation behind this study is to investigate the intricate relationship between e-learning and cloud computing. By analyzing 154 scientific papers, the study delves into the specifics of this integration, highlighting trends and areas that have received more attention. The study examines e-learning in a",2023,IEEE Access,Hana Eljak; Ashraf Osman Ibrahim; Fakhreldeen Abbas Saeed; Mohamed Hashem; Abdelzahir Abdelmaboud; Hassan Jamil Syed; Anas W. Abulfaraj; Mohd Arfian Ismail; Abubakar Elsafi,10.1109/access.2023.3339250,,https://doi.org/10.1109/access.2023.3339250,openalex,energy based model robot learning,concept,ebm,,16,limitation,2026-06-12T18:26:24Z,14.717,15.717
doi:10.65109/onxw1191,FIDES: How Emotions and Small Talks May Influence Trust in an Embodied vs. Non-embodied Robot,"Trust is known as a complex social-emotional concept and its formation is highly affected by non-verbal behavior. Social robots, as any other social entities, are supposed to maintain a level of trustworthiness during their interactions with humans. In this sense, we have examined the influence of a set of factors, including emotional representation, performing small talk and embodiment, on the way people infer trustworthiness of a robot. To examine these factors, we have performed different experiments using two robots, NAO and Emys, with and without physical embodiment respectively. To measure trust levels, we assumed two different metrics, a trust questionnaire and the amount of donations the participants would make. The results suggest that these factors influence significantly the level of trust. As, people tend to trust on Emys significantly differently depending on its facial expr",2017,International Joint Conference on Autonomous Agents and Multiagent Systems Proceedings of the Third International Joint Conference on Autonomous Agents and Multiagent Systems - Volume 1,Raul Paradeda; Mojgan Hashemian; Carla Guerra; Rui Prada; João Dias; Ana Paiva,10.65109/onxw1191,,https://doi.org/10.65109/onxw1191,crossref,Gaussian splatting robot perception embodied agent,concept,architecture_x_embodiment,,,Gaussian splatting robot perception; embodied agent,2026-06-12T15:07:36Z,14.700,14.700
doi:10.1080/23335777.2022.2163298,A Review of Energy Aware Cyber-Physical Systems,"In recent years, the number of connected devices and systems has increased exponentially, along with their daily use. Cyber-Physical Systems (CPS) are complex multi-layered feedback systems that combine computing resources and interaction with the physical environment using sensors and actuators. Energy is considered one of the major concerns driven by the increasing number of connected systems. In this paper, we review current research approaches in energy-aware CPS. We propose a novel architectural methodology to analyse and compare state-of-the-art approaches, on their architectural design and energy-related factors. We finally draw recommendations from our review on how to build energy-aware CPS solutions.",2023,Cyber-Physical Systems,Houssam Kanso; Adel Noureddine; Ernesto Expósito,10.1080/23335777.2022.2163298,,https://doi.org/10.1080/23335777.2022.2163298,openalex,energy based policy robotics,concept,ebm,,15,,2026-06-12T18:05:07Z,14.686,14.686
doi:10.1145/3617997,Energy Efficient Beamforming for Small Cell Systems: A distributed Learning and Multicell Coordination Approach,"The integration of small cell architecture and edge intelligence is expected to make high-grade mobile connectivity accessible and thus provide smart and efficient services for various aspects of urban life. It is well known that small cell architecture will cause high inter-cell interference since the adjacent cells share the same frequency band. One of the most promising techniques to mitigate inter-cell interference is beamforming, however, how to coordinate the beamformers in a multicell dynamic network to reach a global optimum is an extremely challenging problem. In this paper, we consider analog beamforming with low-resolution phase shifters, and propose a distributed learning and multicell coordination based energy efficient beamforming approach for multiple-input and single-output (MISO) small cell system. The goal is to maximize the energy efficiency (EE) of the whole system by",2023,ACM Transactions on Sensor Networks,Hang Zhou; Xiaoyan Wang; Masahiro Umehira; Biao Han; Hao Zhou,10.1145/3617997,,https://doi.org/10.1145/3617997,openalex,energy based model robot learning,concept,ebm,,15,,2026-06-12T18:26:24Z,14.686,14.686
doi:10.1109/thms.2020.2969380,Review of Human–Machine Interfaces for Small Unmanned Systems With Robotic Manipulators,"This article reviews the human-machine interaction (HMI) technologies used for telemanipulation by small unmanned systems (SUS) with remote manipulators. SUS, including land, air, and sea vehicles, can perform a wide range of reconnaissance and manipulation tasks with varying levels of autonomy. SUS operations involving physical interactions with the environment require some level of operator involvement, ranging from direct control to goal-oriented supervision. Telemanipulation remains a challenging task for all levels of human interaction because the operator and the vehicle are not colocated, and operators require HMI technologies that facilitate manipulation from a remote location. This article surveys the human operator interfacing for over 70 teleoperated systems, summarizes the effects of physical and visual interface factors on user performance, and discusses these findings in th",2020,IEEE Transactions on Human-Machine Systems,Sierra Young; Joshua M. Peschel,10.1109/thms.2020.2969380,,https://doi.org/10.1109/thms.2020.2969380,openalex,energy based model robot learning,concept,ebm,,51,,2026-06-12T18:05:07Z,14.676,14.676
doi:10.3390/app9163325,Development of a Smart Cyber-Physical Manufacturing System in the Industry 4.0 Context,"The complexity and dynamic of the manufacturing environment are growing due to the changes of manufacturing demand from mass production to mass customization that require variable product types, small lot sizes, and a short lead-time to market. Currently, the automatic manufacturing systems are suitable for mass production. To cope with the changes of the manufacturing environment, the paper proposes the model and technologies for developing a smart cyber-physical manufacturing system (Smart-CPMS). The transformation of the actual manufacturing systems to the Smart-CPMS is considered as the next generation of manufacturing development in Industry 4.0. The Smart-CPMS has advanced characteristics inspired from biology such as self-organization, self-diagnosis, and self-healing. These characteristics ensure that the Smart-CPMS is able to adapt with continuously changing manufacturing requir",2019,Applied Sciences,Ngoc-Hien Tran; Hong‐Seok Park; Quang-Vinh Nguyen; Tien-Dung Hoang,10.3390/app9163325,,https://doi.org/10.3390/app9163325,openalex,energy based model robot learning,concept,ebm,,76,,2026-06-12T18:26:24Z,14.672,14.672
doi:10.1073/pnas.2321112121,Is stochastic thermodynamics the key to understanding the energy costs of computation?,"The relationship between the thermodynamic and computational properties of physical systems has been a major theoretical interest since at least the 19th century. It has also become of increasing practical importance over the last half-century as the energetic cost of digital devices has exploded. Importantly, real-world computers obey multiple physical constraints on how they work, which affects their thermodynamic properties. Moreover, many of these constraints apply to both naturally occurring computers, like brains or Eukaryotic cells, and digital systems. Most obviously, all such systems must finish their computation quickly, using as few degrees of freedom as possible. This means that they operate far from thermal equilibrium. Furthermore, many computers, both digital and biological, are modular, hierarchical systems with strong constraints on the connectivity among their subsystem",2024,Proceedings of the National Academy of Sciences,David H. Wolpert; Jan Korbel; Christopher W. Lynn; Farita Tasnim; Joshua A. Grochow; Gülce Kardeş; James B. Aimone; Vijay Balasubramanian; Eric DeGiuli; David Doty; Nahuel Freitas; Matteo Marsili; Thomas E. Ouldridge; Andréa W. Richa; Paul M. Riechers; Édgar Roldán; Brenda M. Rubenstein; Zoltán Toroczkai; Joseph A. Paradiso,10.1073/pnas.2321112121,,https://doi.org/10.1073/pnas.2321112121,openalex,energy based model robot learning,concept,ebm,,36,,2026-06-12T18:26:24Z,14.655,15.655
doi:10.1007/s10209-005-0116-3,Robotic assistants in therapy and education of children with autism: can a small humanoid robot help encourage social interaction skills?,,2005,Universal Access in the Information Society,Ben Robins; Kerstin Dautenhahn; René te Boekhorst; Aude Billard,10.1007/s10209-005-0116-3,,https://doi.org/10.1007/s10209-005-0116-3,openalex,robotics,concept,openalex_bulk_robotics,,686,humanoid robot,2026-06-12T18:57:17Z,14.650,14.650
doi:10.1097/01.ju.0000092881.24608.5e,Successful Transfer of Open Surgical Skills to a Laparoscopic Environment Using a Robotic Interface: Initial Experience With Laparoscopic Radical Prostatectomy,"PURPOSE: For a skilled laparoscopic surgeon the learning curve for achieving proficiency with laparoscopic radical prostatectomy (LRP) is estimated at 40 to 60 cases. For the laparoscopically naïve surgeon the curve is estimated at 80 to 100 cases. The development of a robotic interface might significantly shorten the LRP learning curve for an experienced open yet naïve laparoscopic surgeon. To our knowledge we report the initial experience with robot assisted LRP of a surgeon without laparoscopic experience. MATERIALS AND METHODS: Following a 1-day da Vinci (Intuitive Surgical, Mountain View, California) robotic laparoscopic training course and 2 cadaveric robotic LRPs an experienced oncologist (TEA) without laparoscopic experience performed 45 robotic LRPs. RESULTS: All procedures were successfully completed laparoscopically with no rectal injuries or transfusions. The learning curve t",2003,The Journal of Urology,Thomas E. Ahlering; Douglas Skarecky; David I. Lee; Ralph V. Clayman,10.1097/01.ju.0000092881.24608.5e,,https://doi.org/10.1097/01.ju.0000092881.24608.5e,openalex,robotics,concept,openalex_bulk_robotics,,654,,2026-06-12T18:57:17Z,14.650,14.650
doi:10.48550/arxiv.2203.17138,Imitate and Repurpose: Learning Reusable Robot Movement Skills From Human and Animal Behaviors,"We investigate the use of prior knowledge of human and animal movement to learn reusable locomotion skills for real legged robots. Our approach builds upon previous work on imitating human or dog Motion Capture (MoCap) data to learn a movement skill module. Once learned, this skill module can be reused for complex downstream tasks. Importantly, due to the prior imposed by the MoCap data, our approach does not require extensive reward engineering to produce sensible and natural looking behavior at the time of reuse. This makes it easy to create well-regularized, task-oriented controllers that are suitable for deployment on real robots. We demonstrate how our skill module can be used for imitation, and train controllable walking and ball dribbling policies for both the ANYmal quadruped and OP3 humanoid. These policies are then deployed on hardware via zero-shot simulation-to-reality transf",2022,arXiv (Cornell University),Steven Bohez; Saran Tunyasuvunakool; Philémon Brakel; Fereshteh Sadeghi; Leonard Hasenclever; Yuval Tassa; Emilio Parisotto; Jan Humplik; Tuomas Haarnoja; Roland Hafner; Markus Wulfmeier; Michael Neunert; Benjamin M. Moran; Noah Siegel; Andrea Huber; F. Romanò; Nathan Batchelor; Federico Casarini; Josh Merel; Raia Hadsell,10.48550/arxiv.2203.17138,,https://doi.org/10.48550/arxiv.2203.17138,openalex,robotics,concept,openalex_bulk_robotics,,20,deployment,2026-06-12T18:57:17Z,14.622,15.622
doi:10.1109/iccv51070.2023.01505,Label Shift Adapter for Test-Time Adaptation under Covariate and Label Shifts,,2023,2023 IEEE/CVF International Conference on Computer Vision (ICCV),Sunghyun Park; Seunghan Yang; Jaegul Choo; Sungrack Yun,10.1109/iccv51070.2023.01505,,https://doi.org/10.1109/iccv51070.2023.01505,crossref,test time adaptation robot policy,concept,adaptation,,16,test time adaptation,2026-06-12T14:45:03Z,14.617,14.617
doi:10.22215/timreview/1215,"How to Create Value(s) in the Sharing Economy: Business Models, Scalability, and Sustainability","IntroductionA central idea of the sharing economy is the optimization of under-used assets (e.g., physical assets such as cars, apartments, individual devices, and money or intangible assets such as skills and knowledge) by pooling or sharing them through digital platforms (Benkler, 2004).",2019,Technology Innovation Management Review,Aurélien Acquier; Valentina Carbone; David Massé,10.22215/timreview/1215,,https://doi.org/10.22215/timreview/1215,openalex,energy based model robot learning,concept,ebm,,135,,2026-06-12T18:26:24Z,14.606,14.606
doi:10.48550/arxiv.2411.02385,How Far is Video Generation from World Model: A Physical Law Perspective,"OpenAI's Sora highlights the potential of video generation for developing world models that adhere to fundamental physical laws. However, the ability of video generation models to discover such laws purely from visual data without human priors can be questioned. A world model learning the true law should give predictions robust to nuances and correctly extrapolate on unseen scenarios. In this work, we evaluate across three key scenarios: in-distribution, out-of-distribution, and combinatorial generalization. We developed a 2D simulation testbed for object movement and collisions to generate videos deterministically governed by one or more classical mechanics laws. This provides an unlimited supply of data for large-scale experimentation and enables quantitative evaluation of whether the generated videos adhere to physical laws. We trained diffusion-based video generation models to predic",2024,arXiv (Cornell University),Bingyi Kang; Yue Yang; Rui Lu; Zhijie Lin; Yang Zhao; Kaixin Wang; Gao Huang; Jiashi Feng,10.48550/arxiv.2411.02385,,https://doi.org/10.48550/arxiv.2411.02385,openalex,energy based transformer robot policy,concept,ebm_transformer,,4,energy based transformer robot policy; generalization; out of distribution,2026-06-12T18:05:07Z,14.605,18.605
doi:10.3389/fragi.2024.1463460,"How can robots facilitate physical, cognitive, and social engagement in skilled nursing facilities?","As people live longer, the population of older adults in need of support continues to expand relative to the available workforce of caregivers, necessitating new solutions to supplement caregiver availability for the physical, cognitive, and social needs of older adults. Robotics and automation present strong possible solutions. Past solutions have typically supported short-term rehabilitation and aging in place, yet many older adults live in skilled nursing facilities (SNFs), a setting reached by relatively little research to date. In this paper, we examine the unique needs of staff and residents at SNFs, after which we begin an iterative design process of robot-mediated wellness activities for the SNF space. We worked closely with domain experts in exercise science and physical therapy for older adults and a local SNF to design and test a series of robot-mediated activity prototypes wi",2024,Frontiers in Aging,R. Preston; Madison R. Shippy; Carolyn M. Aldwin; Naomi T. Fitter,10.3389/fragi.2024.1463460,,https://doi.org/10.3389/fragi.2024.1463460,openalex,energy based policy robotics,concept,ebm,,4,,2026-06-12T18:43:24Z,14.605,14.605
doi:10.3389/frobt.2022.930405,How the Environment Shapes Tactile Sensing: Understanding the Relationship Between Tactile Filters and Surrounding Environment,"The mechanical properties of a sensor strongly affect its tactile sensing capabilities. By exploiting tactile filters, mechanical structures between the sensing unit and the environment, it is possible to tune the interaction dynamics with the surrounding environment. But how can we design a good tactile filter? Previously, the role of filters’ geometry and stiffness on the quality of the tactile data has been the subject of several studies, both implementing static filters and adaptable filters. State-of-the-art works on online adaptive stiffness highlight a crucial role of the filters’ mechanical behavior in the structure of the recorded tactile data. However, the relationship between the filter’s and the environment’s characteristics is still largely unknown. We want to show the effect of the environment’s mechanical properties on the structure of the acquired tactile data and the per",2022,Frontiers in Robotics and AI,Leone Costi; Perla Maiolino; Fumiya Iida,10.3389/frobt.2022.930405,,https://doi.org/10.3389/frobt.2022.930405,crossref,tactile language action robotics,concept,tactile,,5,,2026-06-12T14:45:03Z,14.596,14.596
doi:10.3389/fpsyg.2019.00939,Great Expectations? Relation of Previous Experiences With Social Robots in Real Life or in the Media and Expectancies Based on Qualitative and Quantitative Assessment,"Social robots, which mostly look and behave like humans, are often perceived as somehow alive and treated similar to humans, despite the fact that they are non-living electronic devices. Based on considerations of the uncertainty reduction theory, the question arises what expectancies regarding social robots people have and what sources they use to achieve these expectancies. To receive an in-depth understanding of people’s expectancies regarding social robots and particularly how these expectancies are influenced by people’s experiences with real robots but also with fictional robots from media, thirteen semi-structured interviews and a quantitative online study (n = 433) were conducted. Results indicate that people’s experiences with robots in the media lead to high expectations regarding the skills of robots, which in turn increase people’s general expectancies regarding social robots",2019,Frontiers in Psychology,Aike C. Horstmann; Nicole C. Krämer,10.3389/fpsyg.2019.00939,,https://doi.org/10.3389/fpsyg.2019.00939,openalex,robotics,concept,openalex_bulk_robotics,,129,,2026-06-12T18:57:17Z,14.584,15.584
doi:10.3390/su12020645,"A Prototype that Fuses Virtual Reality, Robots, and Social Networks to Create a New Cyber–Physical–Social Eco-Society System for Cultural Heritage","With the rapid development of technology and the increasing use of social networks, many opportunities for the design and deployment of interconnected systems arise that could enable a paradigm shift in the ways we interact with cultural heritage. The project described in this paper aims to create a new type of conceptually led environment, a kind of Cyber–Physical–Social Eco-Society (CPSeS) system that would seamlessly blend the real with virtual worlds interactively using Virtual Reality, Robots, and Social Networking technologies, engendered by humans’ interactions and intentions. The project seeks to develop new methods of engaging the current generation of museum visitors, who are influenced by their exposure to modern technology such as social media, smart phones, Internet of Things, smart devices, and visual games, by providing a unique experience of exploring and interacting with",2020,Sustainability,Louis Nisiotis; Lyuba Alboul; Martin Beer,10.3390/su12020645,,https://doi.org/10.3390/su12020645,openalex,robotics,concept,openalex_bulk_robotics,,42,deployment,2026-06-12T18:57:17Z,14.581,15.581
doi:10.1109/tmech.2025.3546753,Diffusion-Driven Deep Decoding: Advancing EMG-Based Hand Skill Learning for Environment-Free Human–Robot Interaction,,2025,IEEE/ASME Transactions on Mechatronics,Peiqi Kang; Shuo Jiang; Bin He,10.1109/tmech.2025.3546753,,https://doi.org/10.1109/tmech.2025.3546753,crossref,diffusion policy robot manipulation,concept,diffusion,,6,diffusion policy; robot manipulation; skill learning; human robot interaction,2026-06-12T15:07:36Z,14.573,14.573
doi:10.1186/s12984-022-01009-3,"Bimanual motor skill learning with robotics in chronic stroke: comparison between minimally impaired and moderately impaired patients, and healthy individuals","Abstract Background Most activities of daily life (ADL) require cooperative bimanual movements. A unilateral stroke may severely impair bimanual ADL. How patients with stroke (re)learn to coordinate their upper limbs (ULs) is largely unknown. The objectives are to determine whether patients with chronic supratentorial stroke could achieve bimanual motor skill learning (bim-MSkL) and to compare bim-MSkL between patients and healthy individuals (HIs). Methods Twenty-four patients and ten HIs trained over 3 consecutive days on an asymmetrical bimanual coordination task (CIRCUIT) implemented as a serious game in the REAplan® robot. With a common cursor controlled by coordinated movements of the ULs through robotic handles, they performed as many laps as possible (speed constraint) on the CIRCUIT while keeping the cursor within the track (accuracy constraint). The primary outcome was a bimanu",2022,Journal of NeuroEngineering and Rehabilitation,Eloïse Gerardin; Damien Bontemps; Nicolas-Thomas Babuin; Benoît Herman; Adrien Denis; Benoît Bihin; Maxime Regnier; Maria Leeuwerck; Thierry Deltombe; Audrey Riga; Yves Vandermeeren,10.1186/s12984-022-01009-3,,https://doi.org/10.1186/s12984-022-01009-3,crossref,EBM transformer robotics bimanual manipulation,concept,architecture_x_embodiment,,20,EBM transformer robotics; bimanual manipulation; skill learning,2026-06-12T15:07:36Z,14.572,14.572
doi:10.1109/lra.2023.3302616,Nonlinear Subsystem-Based Adaptive Impedance Control of Physical Human-Robot-Environment Interaction in Contact-Rich Tasks,,2023,IEEE Robotics and Automation Letters,Mahdi Hejrati; Jouni Mattila,10.1109/lra.2023.3302616,,https://doi.org/10.1109/lra.2023.3302616,crossref,adaptive world action model robot,concept,wam,,14,world action model; adaptive world action model; impedance control,2026-06-12T15:07:36Z,14.554,14.554
doi:10.1126/scirobotics.adr5247,Augmented dexterity: How robots can enhance human surgical skills,Advances in AI and robotics have the potential to enhance the dexterity of human surgeons.,2024,Science Robotics,Ken Goldberg; Gary Guthart,10.1126/scirobotics.adr5247,,https://doi.org/10.1126/scirobotics.adr5247,crossref,retrieval augmented robot policy,concept,architecture,,9,retrieval augmented robot policy,2026-06-12T15:07:36Z,14.551,14.551
doi:10.1186/s12893-021-01385-y,Transference of skills in robotic vs. laparoscopic simulation: a randomized controlled trial,"BACKGROUND: Elucidating how robotic skills are best obtained will enable surgeons to best develop future robotic training programs. We perform a randomized controlled trial to assess the performance of robotic compared to laparoscopic surgery, transference of pre-existing skills between the two modalities, and to assess the learning curve between the two using novice medical students. METHODS: Forty students were randomized into either Group A or B. Students practiced and were tested on a peg transfer task in either a laparoscopic simulator (LS) and robotic simulator (RS) in a pre-defined order. Performance, transference of skills and learning curve were assessed for each modality. Additionally, a fatigue questionnaire was issued. RESULTS: There was no significant difference between overall laparoscopic scores (219 ± 19) and robotic scores (227 ± 23) (p = 0.065). Prior laparoscopic skill",2021,BMC Surgery,John J. Kanitra; Nashwa Khogali-Jakary; Sahil B. Gambhir; Alan T. Davis; Michael Hollis; Caroline Moon; Rama Gupta; Pamela S. Haan; Cheryl B. Anderson; Deborah Collier; David Henry; Srinivas Kavuturu,10.1186/s12893-021-01385-y,,https://doi.org/10.1186/s12893-021-01385-y,openalex,robotics,concept,openalex_bulk_robotics,,26,,2026-06-12T18:57:17Z,14.548,14.548
doi:10.1007/s10845-023-02211-3,Concept for the automated adaption of abstract planning domains for specific application cases in skills-based industrial robotics,"Abstract High product diversity, dynamic market conditions, and a lack of skilled workers are current challenges in manufacturing. Industrial robots autonomously planning and completing upcoming production tasks can help companies address these challenges. In this publication, we focus on autonomous task planning within industrial robotics and investigate how to facilitate the use of automated planning techniques from the field of artificial intelligence for this purpose. First, we present a novel methodology to automatically adapt abstractly modeled planning domains to the characteristics of individual application cases a user intends to implement. A planning domain is a formalized representation of the robot’s working environment that builds the basis for automated planning. Second, we integrate this approach into the procedure for developing skills-based industrial robotic application",2023,Journal of Intelligent Manufacturing,Lisa Heuss; Daniel Gebauer; Günther Reinhart,10.1007/s10845-023-02211-3,,https://doi.org/10.1007/s10845-023-02211-3,openalex,energy based model robot learning,concept,ebm,,11,industrial robot,2026-06-12T18:26:24Z,14.542,14.542
doi:10.3991/ijim.v16i20.34247,"Coding with Block Programming Languages in Educational Robotics and Mobiles, Improve Problem Solving, Creativity & Critical Thinking Skills","The purpose of the article is to highlight how students' computational thinking, which is a critical thinking skill, can be developed through educational robotics and programming. It is a fun and engaging learning activity that encourages students to collaborate, delve into a problem, construct knowledge, and cultivate critical thinking. Educational robotics is therefore an innovative teaching tool, which contributes to the implementation of the above goal and follows the principles of building, specifically the construction of knowledge (Mikropoulos & Bellou, 2010). It develops students' critical thinking, strengthens their mental models, and activates known learning mechanisms leading them to a deeper level of understanding and assimilation of knowledge, which cannot be accomplished with traditional teaching methodologies. It has also been proven to be able to help students solve compl",2022,International Journal of Interactive Mobile Technologies (iJIM),Ioanna Moraiti; Anestis Fotoglou; Athanasios Drigas,10.3991/ijim.v16i20.34247,,https://doi.org/10.3991/ijim.v16i20.34247,openalex,energy based policy robotics,concept,ebm,,35,,2026-06-12T18:05:07Z,14.542,14.542
doi:10.1109/access.2023.3244778,Cybersecurity Resilience Demonstration for Wind Energy Sites in Co-Simulation Environment,"Sandia National Laboratories and Idaho National Laboratory deployed state-of-the-art cybersecurity technologies within a virtualized, cyber-physical wind energy site to demonstrate their impact on security and resilience. This work was designed to better quantify cost-benefit tradeoffs and risk reductions when layering different security technologies on wind energy industrial control system, operational technology networks. Standardized step-by-step attack scenarios were drafted for adversaries with remote and local access to the wind network. Then, the team investigated the impact of encryption, access control, intrusion detection, security information and event management, and security, orchestration, automation, and response (SOAR) tools on multiple metrics, including physical impacts to the power system and termination of the adversary kill chain. We found, once programmed, the intru",2023,IEEE Access,Michael E. McCarty; Jay Johnson; Bryan Richardson; Craig Rieger; Rafer Cooley; Jake Gentle; Bradley Rothwell; Tyler Phillips; Beverly Novak; Megan Culler; Brian J. Wright,10.1109/access.2023.3244778,,https://doi.org/10.1109/access.2023.3244778,openalex,energy based policy robotics,concept,ebm,,23,,2026-06-12T18:05:07Z,14.539,14.539
title:deep reinforcement learning with interactive feedback in a human robot environment,Deep Reinforcement Learning with Interactive Feedback in a Human–Robot Environment,"Robots are extending their presence in domestic environments every day, it being more common to see them carrying out tasks in home scenarios. In the future, robots are expected to increasingly perform more complex tasks and, therefore, be able to acquire experience from different sources as quickly as possible. A plausible approach to address this issue is interactive feedback, where a trainer advises a learner on which actions should be taken from specific states to speed up the learning process. Moreover, deep reinforcement learning has been recently widely used in robotics to learn the environment and acquire new skills autonomously. However, an open issue when using deep reinforcement learning is the excessive time needed to learn a task from raw input images. In this work, we propose a deep reinforcement learning approach with interactive feedback to learn a domestic task in a Huma",2020,Own your potential (DEAKIN),"Moreira, Ithan; Rivas, Javier; Cruz Naranjo, Francisco; Dazeley, Richard; Ayala, Angel; Fernandes, Bruno",,,https://openalex.org/W3101926919,openalex,robotics,concept,openalex_bulk_robotics,,38,,2026-06-12T18:57:17Z,14.532,14.532
doi:10.1002/tea.20238,"Robotics and science literacy: Thinking skills, science process skills and systems understanding","Abstract This paper reports the results of a study of the relationship of robotics activity to the use of science literacy skills and the development of systems understanding in middle school students. Twenty‐six 11–12‐year‐olds (22 males and 4 females) attending an intensive robotics course offered at a summer camp for academically advanced students participated in the research. This study analyzes how students utilized thinking skills and science process skills characteristic of scientifically literate individuals to solve a robotics challenge. In addition, a pre/post test revealed that course participants increased their systems understanding, t (21) = 22.47, p < .05. It is argued that the affordances of the robotics environment coupled with a pedagogical approach emphasizing open‐ended, extended inquiry prompts the utilization of science literacy‐based thinking and science process sk",2008,Journal of Research in Science Teaching,Florence R. Sullivan,10.1002/tea.20238,,https://doi.org/10.1002/tea.20238,openalex,robotics,concept,openalex_bulk_robotics,,278,,2026-06-12T18:57:17Z,14.516,14.516
doi:10.18517/ijaseit.12.6.16591,Performance Analysis of 4-DOF RPRR Robot Manipulator Actuation Strategy for Pick and Place Application in Healthcare Environment,"Direct and indirect physical contact of humans and objects become the main medium of transmissible diseases such as COVID-19. Some strategies have been proposed to mitigate the risks of infections by minimizing physical contact, such as using robotics technology. Tele-robotics is one of the sub-fields in robotics that aims to implement physical surrogates for monitoring and controlling robots from remote distances, either autonomous, semi-autonomous, or manually guided. This paper discusses experimental research for evaluating the performance of a 4-DOF robot manipulator for pick and place tasks on small medical objects, such as test tubes in table-top scenarios. The robot manipulator is designed as an RPRR manipulator and is equipped with a gripper attached to its end-effector. Inverse kinematics and trajectory planning methods have been successfully implemented in real-time. The invers",2022,International Journal on Advanced Science Engineering and Information Technology,Hadha Afrisal; Ahmad Didik Setiyadi; Munawar Agus Riyadi; Rifky Ismail; Olimjon Toirov; Iwan Setiawan,10.18517/ijaseit.12.6.16591,,https://doi.org/10.18517/ijaseit.12.6.16591,openalex,robotics,concept,openalex_bulk_robotics,,33,,2026-06-12T18:57:17Z,14.513,14.513
doi:10.3390/app10165574,Deep Reinforcement Learning with Interactive Feedback in a Human–Robot Environment,"Robots are extending their presence in domestic environments every day, it being more common to see them carrying out tasks in home scenarios. In the future, robots are expected to increasingly perform more complex tasks and, therefore, be able to acquire experience from different sources as quickly as possible. A plausible approach to address this issue is interactive feedback, where a trainer advises a learner on which actions should be taken from specific states to speed up the learning process. Moreover, deep reinforcement learning has been recently widely used in robotics to learn the environment and acquire new skills autonomously. However, an open issue when using deep reinforcement learning is the excessive time needed to learn a task from raw input images. In this work, we propose a deep reinforcement learning approach with interactive feedback to learn a domestic task in a Huma",2020,Applied Sciences,Ithan Moreira; Javier Rivas; Francisco Cruz; Richard Dazeley; Angel Ayala; Bruno Fernandes,10.3390/app10165574,,https://doi.org/10.3390/app10165574,crossref,interactive robot learning human feedback,concept,hri,,40,,2026-06-12T15:07:36Z,14.507,14.507
doi:10.1108/ir-07-2024-0345,Energy-based variable admittance control to deduce intuitive human intention and mitigate force impact for physical human–robot–environment interaction,"Purpose This study aims to tackle the primary challenges in human–robot–environment interaction (HREI) within unknown environments. The key issues include recognizing human motion intention and managing force impacts during transitions from free space to constrained space. Addressing these challenges is critical for improving compliance, enhancing force control accuracy, and ensuring the safety and performance of HREI systems. Design/methodology/approach First, the energy equation of the second-order system is presented, and variable admittance control laws are designed for both free space and constraint space based on the energy equation. Then, a smooth switching method based on selection matrix is developed. Subsequently, the admittance-based overall control system is discussed. Finally, comparative simulations and experiments are conducted to verify the efficacy of the variable admitt",2025,Industrial Robot: the international journal of robotics research and application,Liang Han; Lei He; Yunzhi Huang; Xinquan Qian,10.1108/ir-07-2024-0345,,https://doi.org/10.1108/ir-07-2024-0345,crossref,energy based model robot learning,concept,ebm,,2,force control; limitation,2026-06-12T15:07:36Z,14.499,15.499
doi:10.1109/lra.2022.3167736,Continual Learning in Real-Life Applications,,2022,IEEE Robotics and Automation Letters,Gabriele Graffieti; Guido Borghi; Davide Maltoni,10.1109/lra.2022.3167736,,https://doi.org/10.1109/lra.2022.3167736,crossref,sim to real robot manipulation,concept,sim2real,,19,robot manipulation; continual learning,2026-06-12T15:07:36Z,14.498,15.498
doi:10.24963/ijcai.2023/183,Exploring Safety Supervision for Continual Test-time Domain Adaptation,"Continual test-time domain adaptation aims to adapt a source pre-trained model to a continually changing target domain without using any source data. Unfortunately, existing methods based on pseudo-label learning suffer from the changing target domain environment, and the quality of generated pseudo-labels is attenuated due to the domain shift, leading to instantaneous negative learning and long-term knowledge forgetting. To solve these problems, in this paper, we propose a simple yet effective framework for exploring safety supervision with three elaborate strategies: Label Safety, Sample Safety, and Parameter Safety. Firstly, to select reliable pseudo-labels, we define and adjust the confidence threshold in a self-adaptive manner according to the test-time learning status. Secondly, a soft-weighted contrastive learning module is presented to explore the highly-correlated samples and di",2023,Proceedings of the Thirty-Second International Joint Conference on Artificial Intelligence,Xu Yang; Yanan Gu; Kun Wei; Cheng Deng,10.24963/ijcai.2023/183,,https://doi.org/10.24963/ijcai.2023/183,crossref,test time adaptation robot policy,concept,adaptation,,11,test time adaptation; benchmark,2026-06-12T14:45:03Z,14.492,16.492
doi:10.1145/3526113.3545689,Breathing Life Into Biomechanical User Models,"Forward biomechanical simulation in HCI holds great promise as a tool for evaluation, design, and engineering of user interfaces. Although reinforcement learning (RL) has been used to simulate biomechanics in interaction, prior work has relied on unrealistic assumptions about the control problem involved, which limits the plausibility of emerging policies. These assumptions include direct torque actuation as opposed to muscle-based control; direct, privileged access to the external environment, instead of imperfect sensory observations; and lack of interaction with physical input devices. In this paper, we present a new approach for learning muscle-actuated control policies based on perceptual feedback in interaction tasks with physical input devices. This allows modelling of more realistic interaction tasks with cognitively plausible visuomotor control. We show that our simulated user m",2022,,Aleksi Ikkala; Florian Fischer; Markus Klar; Miroslav Bachinski; Arthur Fleig; Andrew Howes; Perttu Hämäläinen; Jörg Müller; Roderick Murray‐Smith; Antti Oulasvirta,10.1145/3526113.3545689,,https://doi.org/10.1145/3526113.3545689,openalex,energy based model robot learning,concept,ebm,,30,,2026-06-12T18:26:24Z,14.467,15.467
doi:10.1007/s10460-022-10388-1,Can a robot be an expert? The social meaning of skill and its expression through the prospect of autonomous AgTech,"Abstract Artificial intelligence and robotics have increasingly been adopted in agri-food systems—from milking robots to self-driving tractors. New projects extend these technologies in an effort to automate skilled work that has previously been considered dependent on human expertise due to its complexity. In this paper, we draw on qualitative research carried out with farm managers on apple orchards and winegrape vineyards in Aotearoa New Zealand. We investigate how agricultural managers’ perceptions of future agricultural automation relates to their approach to expertise, or the degree to which they think specialised skills and knowledge are required to perform agricultural work on their orchards and vineyards. Our research generates two insights: the perceived potential for work to be automated is related to the degree to which it is seen to require technical or embodied expertise, w",2022,Agriculture and Human Values,Katharine Legun; Karly Burch; Laurens Klerkx,10.1007/s10460-022-10388-1,,https://doi.org/10.1007/s10460-022-10388-1,openalex,robotics,concept,openalex_bulk_robotics,,30,,2026-06-12T18:57:17Z,14.467,14.467
doi:10.1080/00207179.2011.642309,Learning impedance control for physical robot–environment interaction,,2012,International Journal of Control,Yanan Li; Shuzhi Sam Ge; Chenguang Yang,10.1080/00207179.2011.642309,,https://doi.org/10.1080/00207179.2011.642309,crossref,control barrier functions robot learning,anti_myopia,control,,92,impedance control; control barrier function,2026-06-12T15:07:36Z,14.466,17.466
doi:10.1080/10447318.2023.2221599,Toward Programming a Collaborative Robot by Interacting with Its Digital Twin in a Mixed Reality Environment,"In an industrial production context, when a robotic arm is assigned a new task, it must be re-programmed by specialized personnel with the necessary skills and knowledge. In addition, the robot remains offline while being re-programmed, negatively affecting productivity. Mixed reality opens up the opportunity for a production worker with no programming skills to teach a robot by interacting with the hologram of its digital twin, thus not interfering with the physical robot during re-programming. We describe the design and implementation of a mixed-reality interface to instruct trajectories for a robot end-effector by moving the hologram of its digital twin by hand. The interface supports the integrality of this interaction so that the user can configure the end effector location and orientation simultaneously. We also report a user study (n = 14) to characterize this interface in terms o",2023,International Journal of Human-Computer Interaction,Andoni Rivera; Johan Kildal; Elena Lazkano,10.1080/10447318.2023.2221599,,https://doi.org/10.1080/10447318.2023.2221599,openalex,robotics,concept,openalex_bulk_robotics,,19,,2026-06-12T18:57:17Z,14.448,15.448
doi:10.70875/v8i2article13,Utilising robotics to foster 21st century skills and competencies in physical sciences teaching and learning: a systematic review,"This systematic review investigates the integration of robotics into physical sciences education and its effectiveness in promoting 21st-century skills and competencies among learners. The sample consists of empirical studies and theoretical articles published between 2010 and 2023, focusing on various educational settings and grade levels. The data analysis involved thematic coding for qualitative data and meta-analysis techniques for quantitative findings. With the increasing emphasis on STEM education and the demand for innovative teaching approaches, robotics has emerged as a promising tool for enhancing student engagement and learning outcomes in the physical sciences. Through a comprehensive analysis of these studies, the review examines the impact of robotics on critical thinking, problem-solving, collaboration, and other essential skills in the context of teaching and learning ph",2024,African Perspectives of Research in Teaching and Learning,Sam Ramaila,10.70875/v8i2article13,,https://doi.org/10.70875/v8i2article13,crossref,robotics,concept,crossref_bulk_robotics,,1,,2026-06-12T19:29:26Z,14.447,14.447
doi:10.1109/access.2024.3382264,Curriculum Learning for Robot Manipulation Tasks With Sparse Reward Through Environment Shifts,,2024,IEEE Access,Erdi Sayar; Giovanni Iacca; Alois Knoll,10.1109/access.2024.3382264,,https://doi.org/10.1109/access.2024.3382264,crossref,learning robot manipulation from human video,concept,human_data,,7,robot manipulation,2026-06-12T14:45:03Z,14.440,14.440
doi:10.1109/rem63063.2024.10735477,Exploring the Impact of Arduino Robotics Instruction on Physical Computing and Programming Skills,,2024,2024 22nd International Conference on Research and Education in Mechatronics (REM),Nurul Hazlina Noordin,10.1109/rem63063.2024.10735477,,https://doi.org/10.1109/rem63063.2024.10735477,crossref,robotics,concept,crossref_bulk_robotics,,7,,2026-06-12T19:29:26Z,14.440,14.440
doi:10.1109/ramech.2010.5513152,Semi-autonomous flying robot for physical interaction with environment,This contribution presents the first results of the development of an unmanned aerial vehicle (UAV) which is capable of applying force to a wall while maintaining flight stability. This is a novel idea since UAVs are used so far only for tasks without physical contact to the surrounding objects. The basis for the work presented is a quadrotor system which is stabilized with an inertial measurement unit. As a new approach an additional actuator was added to generate forces in physical contact while the UAV stays horizontal. A control architecture based on ultrasonic distance sensors and a CMOS-camera is proposed. The performance of the system was proved by several flight tests. Potential applications of the system can be physical tasks at high places like cleaning windows or walls as well as rescue or maintenance tasks.,2010,,Albert Albers; Simon Trautmann; Thomas M. Howard; Trong Anh Nguyen; M. Frietsch; Christian Sauter,10.1109/ramech.2010.5513152,,https://doi.org/10.1109/ramech.2010.5513152,openalex,robotics,concept,openalex_bulk_robotics,,129,,2026-06-12T18:57:17Z,14.434,14.434
doi:10.1145/3659110,"A Human-Centered View of Continual Learning: Understanding Interactions, Teaching Patterns, and Perceptions of Human Users Toward a Continual Learning Robot in Repeated Interactions","Continual learning (CL) has emerged as an important avenue of research in recent years, at the intersection of Machine Learning (ML) and Human–Robot Interaction (HRI), to allow robots to continually learn in their environments over long-term interactions with humans. Most research in CL, however, has been robot-centered to develop CL algorithms that can quickly learn new information on systematically collected static datasets. In this article, we take a human-centered approach to CL, to understand how humans interact with, teach, and perceive CL robots over the long term, and if there are variations in their teaching styles. We developed a socially guided CL system that integrates CL models for object recognition with a mobile manipulator robot and allows humans to directly teach and test the robot in real time over multiple sessions. We conducted an in-person study with 60 participants ",2024,ACM Transactions on Human-Robot Interaction,Ali Ayub; Zachary De Francesco; Jainish Mehta; Khaled Yaakoub Agha; Patrick Holthaus; Chrystopher L. Nehaniv; Kerstin Dautenhahn,10.1145/3659110,,https://doi.org/10.1145/3659110,crossref,online adaptation robot learning,concept,adaptation,,6,online adaptation; human robot interaction; continual learning,2026-06-12T15:07:36Z,14.423,14.423
doi:10.3390/electronics10060756,A Framework for Using Humanoid Robots in the School Learning Environment,"With predictions of robotics and efficient machine learning being the building blocks of the Fourth Industrial Revolution, countries need to adopt a long-term strategy to deal with potential challenges of automation and education must be at the center of this long-term strategy. Education must provide students with a grounding in certain skills, such as computational thinking and an understanding of robotics, which are likely to be required in many future roles. Targeting an acknowledged gap in existing humanoid robot research in the school learning environment, we present a multidisciplinary framework that integrates the following four perspectives: technological, pedagogical, efficacy of humanoid robots and a consideration of the ethical implications of using humanoid robots. Further, this paper presents a proposed application, evaluation and a case study of how the framework can be us",2021,Electronics,Deepti Mishra; Karen Parish; Ricardo G. Lugo; Hao Wang,10.3390/electronics10060756,,https://doi.org/10.3390/electronics10060756,openalex,robotics,concept,openalex_bulk_robotics,,20,humanoid robot,2026-06-12T18:57:17Z,14.422,15.422
doi:10.3389/frobt.2021.645424,Robotic Ultrasound Scanning With Real-Time Image-Based Force Adjustment: Quick Response for Enabling Physical Distancing During the COVID-19 Pandemic,"During an ultrasound (US) scan, the sonographer is in close contact with the patient, which puts them at risk of COVID-19 transmission. In this paper, we propose a robot-assisted system that automatically scans tissue, increasing sonographer/patient distance and decreasing contact duration between them. This method is developed as a quick response to the COVID-19 pandemic. It considers the preferences of the sonographers in terms of how US scanning is done and can be trained quickly for different applications. Our proposed system automatically scans the tissue using a dexterous robot arm that holds US probe. The system assesses the quality of the acquired US images in real-time. This US image feedback will be used to automatically adjust the US probe contact force based on the quality of the image frame. The quality assessment algorithm is based on three US image features: correlation, c",2021,Frontiers in Robotics and AI,Mojtaba Akbari; Jay Carriere; Tyler Meyer; Ron S. Sloboda; Siraj Husain; Nawaid Usmani; Mahdi Tavakoli,10.3389/frobt.2021.645424,,https://doi.org/10.3389/frobt.2021.645424,openalex,robotics,concept,openalex_bulk_robotics,,41,,2026-06-12T18:57:17Z,14.419,14.419
doi:10.1016/j.promfg.2020.04.034,Concept of a Mixed-Reality Learning Environment for Collaborative Robotics,"In the course of increasing automation and individualization of products, so-called collaborative robots (Cobots) play an increasingly important role. The systematic automation of manual assembly by adding automation components enables efficiency and cost advantages to be realized without the loss of flexibility. Previous industrial robots are not profitable from an economic point of view, due to the high acquisition costs, small batch sizes, and a high number of product variants. In contrast, collaborative robots can be used more flexibly. They offer the possibility of automating work processes and steps to a greater economy. Employees must be prepared for this change within the framework of training and further education, to develop the necessary skills. This article presents a concept for a mixed-reality learning environment that tackles the challenges identified regarding to HRC. The",2020,Procedia Manufacturing,Torsten Sievers; Bianca Schmitt; Patrick Rückert; Maren Petersen; Kirsten Tracht,10.1016/j.promfg.2020.04.034,,https://doi.org/10.1016/j.promfg.2020.04.034,openalex,robotics,concept,openalex_bulk_robotics,,30,industrial robot,2026-06-12T18:57:17Z,14.417,14.417
doi:10.1016/j.jesit.2017.01.007,3D environment mapping and self-position estimation by a small flying robot mounted with a movable ultrasonic range sensor,"The light weight of ultrasonic sensors makes them useful for collecting environment information from mobile robots. Ultrasonic sensors are generally used in a circular formation in surface-moving robots, but this is not suitable for small flying robots, which require small size and light weight. Here we created a movable ultrasonic range sensor by combining a small, lightweight servomotor and a single ultrasonic range sensor. This sensor could perform 360° measurements of the distance between objects and the robot. We furthermore constructed a measurement system to perform 3D environment mapping and self-localization by equipping a small flying robot with this movable ultrasonic range sensor and a ground-facing ultrasonic range sensor for altitude measurements. We verified the system by means of a flight test and found that 3D environment mapping and self-localization were realized in re",2017,Journal of Electrical Systems and Information Technology,Kazuya Nakajima; Chinthaka Premachandra; Kiyotaka Kato,10.1016/j.jesit.2017.01.007,,https://doi.org/10.1016/j.jesit.2017.01.007,openalex,robotics,concept,openalex_bulk_robotics,,27,,2026-06-12T18:57:17Z,14.416,14.416
doi:10.59247/csol.v2i2.100,A Comprehensive Study of Effects of Renewable Energy Based Electric Vehicles on Environment,"This extensive study explores the environmental impact of electric vehicles (EVs) powered by renewable energy sources. This review also looks at how they might lessen air pollution, cut carbon emissions, and support environmentally friendly transportation networks. Renewable energy-powered electric cars (EVs) have become a viable substitute for conventional internal combustion engine automobiles as the globe moves toward greener energy sources and looks for ways to tackle climate change. This essay examines how adopting EVs would affect the environment, with particular attention to resource use, air quality gains, and greenhouse gas emissions. It examines how EVs' life cycle emissions compare to those of conventional cars, taking into account things like how cars are made, how electricity is produced, and how end-of-life disposal is handled. The study also looks at how renewable energy s",2024,Control Systems and Optimization Letters,Md. Uzzal Hossain; Saidul Islam Khan; Zohar Al Dodaev,10.59247/csol.v2i2.100,,https://doi.org/10.59247/csol.v2i2.100,openalex,energy based policy robotics,concept,ebm,,5,,2026-06-12T18:43:24Z,14.396,14.396
doi:10.2196/24110,An Embodied Conversational Agent in an eHealth Self-management Intervention for Chronic Obstructive Pulmonary Disease and Chronic Heart Failure: Exploratory Study in a Real-life Setting,"Background Embodied conversational agents (ECAs) have the potential to stimulate actual use of eHealth apps. An ECA’s design influences the user’s perception during short interactions, but daily life evaluations of ECAs in health care are scarce. Objective This is an exploratory, long-term study on the design of ECAs for eHealth. The study investigates how patients perceive the design of the ECA over time with regard to the ECA’s characteristics (friendliness, trustworthiness, involvement, expertise, and authority), small talk interaction, and likeliness of following the agent’s advice. Methods We developed an ECA within an eHealth self-management intervention for patients with both chronic obstructive pulmonary disease (COPD) and chronic heart failure (CHF), which we offered for 4 months. Patients rated 5 agent characteristics and likeliness of following the agent’s advice before use an",2021,JMIR Human Factors,Silke ter Stal; Joanne Sloots; Aniel Ramlal; Harm op den Akker; Anke Lenferink; Monique Tabak,10.2196/24110,,https://doi.org/10.2196/24110,crossref,EBM transformer robotics embodied agent,concept,architecture_x_embodiment,,21,EBM transformer robotics; embodied agent,2026-06-12T15:07:36Z,14.396,16.396
doi:10.1007/s00146-018-0846-4,Legal framework for small autonomous agricultural robots,"Legal structures may form barriers to, or enablers of, adoption of precision agriculture management with small autonomous agricultural robots. This article develops a conceptual regulatory framework for small autonomous agricultural robots, from a practical, self-contained engineering guide perspective, sufficient to get working research and commercial agricultural roboticists quickly and easily up and running within the law. The article examines the liability framework, or rather lack of it, for agricultural robotics in EU, and their transpositions to UK law, as a case study illustrating general international legal concepts and issues. It examines how the law may provide mitigating effects on the liability regime, and how contracts can be developed between agents within it to enable smooth operation. It covers other legal aspects of operation such as the use of shared communications res",2018,AI & Society,Subhajit Basu; Adekemi Omotubora; Matt Beeson; Charles Fox,10.1007/s00146-018-0846-4,,https://doi.org/10.1007/s00146-018-0846-4,openalex,robotics,concept,openalex_bulk_robotics,,65,,2026-06-12T18:57:17Z,14.395,14.395
doi:10.1016/j.procir.2021.05.071,Cyber-physical-system for representing a robot end effector,"Programming by Demonstration (PbD) is a method to program robots through the performance of a task by humans. Most implementations are online methods that use visual or force feedback of the demonstrator. However, we developed an offline programming approach for PbD with a special input device within an Augmented Reality Environment. Therefore, this paper aims to answer how the characteristics and functionality of the end effector of a jointed-arm robot can be represented by a haptic input device in order to perform PbD. The PbD process is first carried out on a digital twin of the robot, visualized to the user in real physical space by means of augmented reality technology. The programming of the digital twin can later be transferred to the real robot. The haptic input device in this context is the main part of the Cyber-Physical-System (CPS), which enables the user to interact with the",2021,Procedia CIRP,Fabian Müller; Christian Deuerlein; Michael Koch,10.1016/j.procir.2021.05.071,,https://doi.org/10.1016/j.procir.2021.05.071,openalex,robotics,concept,openalex_bulk_robotics,,18,,2026-06-12T18:57:17Z,14.372,14.372
doi:10.1109/ro-man47096.2020.9223564,"Continual Learning for Affective Robotics: Why, What and How?",,2020,2020 29th IEEE International Conference on Robot and Human Interactive Communication (RO-MAN),Nikhil Churamani; Sinan Kalkan; Hatice Gunes,10.1109/ro-man47096.2020.9223564,,https://doi.org/10.1109/ro-man47096.2020.9223564,crossref,learning robot manipulation from human video,concept,human_data,,33,robot manipulation; continual learning,2026-06-12T15:07:36Z,14.363,14.363
doi:10.1007/s10846-020-01176-2,A Control Scheme for Physical Human-Robot Interaction Coupled with an Environment of Unknown Stiffness,,2020,Journal of Intelligent & Robotic Systems,Hsieh-Yu Li; Audelia G. Dharmawan; Ishara Paranawithana; L. Yang; U-Xuan Tan,10.1007/s10846-020-01176-2,,https://doi.org/10.1007/s10846-020-01176-2,openalex,robotics,concept,openalex_bulk_robotics,,29,human robot interaction,2026-06-12T18:57:17Z,14.351,14.351
doi:10.3389/frobt.2024.1468385,How to arrange the robotic environment? Leveraging experience in both motion planning and environment optimization,"This study presents an experience-based hierarchical-structure optimization algorithm to address the robotic system environment design problem, which combines motion planning and environment arrangement problems together. The motion planning problem, which could be defined as a multiple-degree-of-freedom (m-DOF) problem, together with the environment arrangement problem, which could be defined as a free DOF problem, is a high-dimensional optimization problem. Therefore, the hierarchical structure was established, with the higher layer solving the environment arrangement problem and lower layer solving the problem of motion planning. Previously planned trajectories and past results for this design problem were first constructed as datasets; however, they cannot be seen as optimal. Therefore, this study proposed an experience-reuse manner, which selected the most “useful” experience from t",2024,Frontiers in Robotics and AI,Jiaxi Lu; Ryota Takamido; Yusheng Wang; Jun Ota,10.3389/frobt.2024.1468385,,https://doi.org/10.3389/frobt.2024.1468385,crossref,task and motion planning robotics,anti_myopia,classic,,,motion planning; task and motion planning,2026-06-12T15:07:36Z,14.350,18.350
doi:10.3389/frobt.2021.768642,"Influence of a Socially Assistive Robot on Physical Activity, Social Play Behavior, and Toy-Use Behaviors of Children in a Free Play Environment: A Within-Subjects Study","Background: Play is critical for children’s physical, cognitive, and social development. Technology-based toys like robots are especially of interest to children. This pilot study explores the affordances of the play area provided by developmentally appropriate toys and a mobile socially assistive robot (SAR). The objective of this study is to assess the role of the SAR on physical activity, play behavior, and toy-use behavior of children during free play. Methods: Six children (5 females, M age = 3.6 ± 1.9 years) participated in the majority of our pilot study’s seven 30-minute-long weekly play sessions (4 baseline and 3 intervention). During baseline sessions, the SAR was powered off. During intervention sessions, the SAR was teleoperated to move in the play area and offered rewards of lights, sounds, and bubbles to children. Thirty-minute videos of the play sessions were annotated usi",2021,Frontiers in Robotics and AI,Joseline Raja Vora; Ameer Helmi; Christine Zhan; Eliora Olivares; Tina Vu; Marie Wilkey; Samantha Noregaard; Naomi T. Fitter; Samuel W. Logan,10.3389/frobt.2021.768642,,https://doi.org/10.3389/frobt.2021.768642,crossref,EBM transformer robotics assistive robot,concept,architecture_x_embodiment,,10,EBM transformer robotics; assistive robot,2026-06-12T15:07:36Z,14.349,14.349
doi:10.3390/robotics11050090,Augmented and Virtual Reality Experiences for Learning Robotics and Training Integrative Thinking Skills,"Learning through augmented reality (AR) and virtual reality (VR) experiences has become a valuable approach in modern robotics education. This study evaluated this approach and investigated how 99 first-year industrial engineering students explored robot systems through such online experiences while staying at home. The objective was to examine learning in the AR/VR environment and evaluate its contribution to understanding the robot systems and to fostering integrative thinking. During the AR experiences that we developed using Vuforia Studio, the students learned about TurtleBot2 and RACECAR MN robots while disassembling and modifying their models and by obtaining information about their components. In the VR experience with the RacecarSim simulator, the students explored sensor-based robot navigation. Quizzes were used to assess understanding of robot systems, and a post-workshop ques",2022,Robotics,Igor Verner; Dan Cuperman; Huberth Perez-Villalobos; Alex Polishuk; Sergei Gamer,10.3390/robotics11050090,,https://doi.org/10.3390/robotics11050090,crossref,decision transformer robotics,concept,architecture,,26,decision transformer robotics,2026-06-12T15:07:36Z,14.348,14.348
doi:10.1007/s12369-024-01121-5,The Child Factor in Child–Robot Interaction: Discovering the Impact of Developmental Stage and Individual Characteristics,"Abstract Social robots, owing to their embodied physical presence in human spaces and the ability to directly interact with the users and their environment, have a great potential to support children in various activities in education, healthcare and daily life. Child–Robot Interaction (CRI), as any domain involving children, inevitably faces the major challenge of designing generalized strategies to work with unique, turbulent and very diverse individuals. Addressing this challenging endeavor requires to combine the standpoint of the robot-centered perspective, i.e. what robots technically can and are best positioned to do, with that of the child-centered perspective, i.e. what children may gain from the robot and how the robot should act to best support them in reaching the goals of the interaction. This article aims to help researchers bridge the two perspectives and proposes to addre",2024,International Journal of Social Robotics,Irina Rudenko; Andrey Rudenko; Achim J. Lilienthal; Kai O. Arras; Barbara Bruno,10.1007/s12369-024-01121-5,,https://doi.org/10.1007/s12369-024-01121-5,openalex,robotics,concept,openalex_bulk_robotics,,19,,2026-06-12T18:57:17Z,14.348,14.348
doi:10.1109/vrw52623.2021.00063,Training Social Skills of Children with ASD Through Social Virtual Robot,"In this paper, the researchers presenting an ongoing study that aims to evaluate the effectiveness of combing Virtual Reality (VR) and social robot as a novel approach to enhance the social skills of children with autism spectrum disorders (ASD). Using Unity 3D, a desktop Virtual environment that employs a virtual robot to interact with the participants through social skill training programme has been developed. 15 children with ASD are participating in the study to evaluate the effectiveness of the developed tool. The initial results show improvement in the skills of the participants.",2021,2021 IEEE Conference on Virtual Reality and 3D User Interfaces Abstracts and Workshops (VRW),Maha Abdelmohsen; Yasmine Arafa,10.1109/vrw52623.2021.00063,,https://doi.org/10.1109/vrw52623.2021.00063,openalex,robotics,concept,openalex_bulk_robotics,,17,,2026-06-12T18:57:17Z,14.345,14.345
doi:10.3390/e25111506,Incremental Learning of Goal-Directed Actions in a Dynamic Environment by a Robot Using Active Inference,"This study investigated how a physical robot can adapt goal-directed actions in dynamically changing environments, in real-time, using an active inference-based approach with incremental learning from human tutoring examples. Using our active inference-based model, while good generalization can be achieved with appropriate parameters, when faced with sudden, large changes in the environment, a human may have to intervene to correct actions of the robot in order to reach the goal, as a caregiver might guide the hands of a child performing an unfamiliar task. In order for the robot to learn from the human tutor, we propose a new scheme to accomplish incremental learning from these proprioceptive-exteroceptive experiences combined with mental rehearsal of past experiences. Our experimental results demonstrate that using only a few tutoring examples, the robot using our model was able to sig",2023,Entropy,Takazumi Matsumoto; Wataru Ohata; Jun Tani,10.3390/e25111506,,https://doi.org/10.3390/e25111506,openalex,energy based policy robotics,concept,ebm,,7,generalization,2026-06-12T18:05:07Z,14.340,15.340
doi:10.1115/1.4053471,Triple Crossed Flexure Pivot Based on a Zero Parasitic Center Shift Kinematic Design,"Abstract Thanks to their absence of play, absence of contact friction and possible monolithic fabrication, flexure pivots offer advantages over traditional bearings in small-scale, high accuracy applications and environments where lubrication and wear debris are proscribed. However, they typically present a parasitic center shift that deteriorates their rotational guidance accuracy. Existing solutions addressing this issue have the drawbacks of reducing angular stroke, prohibiting planar design, or introducing overconstraints or underconstraints. This article presents a new triple crossed flexure pivot we have named TRIVOT whose kinematics theoretically nullify its parasitic center shift without overconstraints nor internal mobility. In the physical implementation, the center shift is non-zero but we show using the finite element method (FEM) that it is reduced by one order of magnitude ",2022,Journal of Mechanisms and Robotics,E. Thalmann; S. Henein,10.1115/1.4053471,,https://doi.org/10.1115/1.4053471,crossref,robotics,concept,crossref_bulk_robotics,,12,,2026-06-12T19:29:26Z,14.332,14.332
doi:10.1007/s10956-017-9709-x,How Does the Degree of Guidance Support Students’ Metacognitive and Problem Solving Skills in Educational Robotics?,,2017,Journal of Science Education and Technology,Soumela Atmatzidou; Stavros Demetriadis; Panagiota Nika,10.1007/s10956-017-9709-x,,https://doi.org/10.1007/s10956-017-9709-x,openalex,robotics,concept,openalex_bulk_robotics,,94,,2026-06-12T18:57:17Z,14.327,14.327
doi:10.1109/tase.2021.3139096,A Novel Contact State Estimation Method for Robot Manipulation Skill Learning via Environment Dynamics and Constraints Modeling,,2022,IEEE Transactions on Automation Science and Engineering,Xing Liu; Panfeng Huang; Zhengxiong Liu,10.1109/tase.2021.3139096,,https://doi.org/10.1109/tase.2021.3139096,crossref,contact dynamics robot learning,concept,contact,,13,robot manipulation; contact dynamics; state estimation; skill learning,2026-06-12T14:45:03Z,14.320,14.320
doi:10.1049/htl2.12013,Human–robot interaction for social skill development in children with ASD: A literature review,"Abstract Human–robot interaction has been demonstrated to be a promising methodology for developing socio‐communicational skills of children and adolescents with autism spectrum disorder (ASD). This paper systematically reviews studies that report experimental results on this topic published in scientific journals between the years 2010 and2018. A total of 1805 articles from various literature were filtered based on relevance and transparency. In the first set of criteria, article titles are screened and in the second both titles and abstracts. The final number of articles which were subsequently thoroughly reviewed was 32 ( N = 32). The findings suggest that there are benefits in using human–robot interaction to assist with the development of social skills for children with ASD. Specifically, it was found that the majority of studies used humanoid robots, 64% relied on a small number of",2021,Healthcare Technology Letters,Anastasia Raptopoulou; Antonios Komnidis; Panagiotis D. Bamidis; Alexandros Astaras,10.1049/htl2.12013,,https://doi.org/10.1049/htl2.12013,openalex,robotics,concept,openalex_bulk_robotics,,33,humanoid robot; human robot interaction,2026-06-12T18:57:17Z,14.313,14.313
doi:10.48550/arxiv.2406.03372,Training of Physical Neural Networks,"Physical neural networks (PNNs) are a class of neural-like networks that leverage the properties of physical systems to perform computation. While PNNs are so far a niche research area with small-scale laboratory demonstrations, they are arguably one of the most underappreciated important opportunities in modern AI. Could we train AI models 1000x larger than current ones? Could we do this and also have them perform inference locally and privately on edge devices, such as smartphones or sensors? Research over the past few years has shown that the answer to all these questions is likely ""yes, with enough research"": PNNs could one day radically change what is possible and practical for AI systems. To do this will however require rethinking both how AI models work, and how they are trained - primarily by considering the problems through the constraints of the underlying hardware physics. To ",2024,arXiv (Cornell University),Ali Momeni; Babak Rahmani; Benjamin Scellier; Logan G. Wright; Peter L. McMahon; Clara C. Wanjura; Yuhang Li; Anas Skalli; Natalia G. Berloff; Tatsuhiro Onodera; İlker Oğuz; Francesco Morichetti; Philipp del Hougne; Manuel Le Gallo; Abu Sebastian; Azalia Mirhoseini; Cheng Zhang; Danijela Marković; Daniel Brunner; Christophe Moser,10.48550/arxiv.2406.03372,,https://doi.org/10.48550/arxiv.2406.03372,openalex,energy based transformer robot policy,concept,ebm_transformer,,4,energy based transformer robot policy,2026-06-12T18:05:07Z,14.305,14.305
doi:10.1109/access.2024.3402089,Bidirectional Progressive Neural Networks With Episodic Return Progress for Emergent Task Sequencing and Robotic Skill Transfer,"Human brain and behavior provide a rich venue that can inspire novel control and learning methods for robotics. In an attempt to exemplify such a development by inspiring how humans acquire knowledge and transfer skills among tasks, we introduce a novel multi-task reinforcement learning framework named Episodic Return Progress with Bidirectional Progressive Neural Networks (ERP-BPNN). The proposed ERP-BPNN model 1) learns in a human-like interleaved manner by 2) autonomous task switching based on a novel intrinsic motivation signal and, in contrast to existing methods, 3) allows bidirectional skill transfer among tasks. ERP-BPNN is a general architecture applicable to several multi-task learning settings; in this paper, we present the details of its neural architecture and show its ability to enable effective learning and skill transfer among morphologically different robots in a reachin",2024,IEEE Access,Suzan Ece Ada; Hanne Say; Emre Uğur; Erhan Öztop,10.1109/access.2024.3402089,,https://doi.org/10.1109/access.2024.3402089,openalex,energy based policy robotics,concept,ebm,,4,,2026-06-12T18:43:24Z,14.305,14.305
doi:10.1145/3596912,Online Damage Recovery for Physical Robots with Hierarchical Quality-Diversity,"In real-world environments, robots need to be resilient to damages and robust to unforeseen scenarios. Quality-Diversity (QD) algorithms have been successfully used to make robots adapt to damages in seconds by leveraging a diverse set of learned skills. A high diversity of skills increases the chances of a robot to succeed at overcoming new situations since there are more potential alternatives to solve a new task. However, finding and storing a large behavioural diversity of multiple skills often leads to an increase in computational complexity. Furthermore, robot planning in a large skill space is an additional challenge that arises with an increased number of skills. Hierarchical structures can help to reduce this search and storage complexity by breaking down skills into primitive skills. In this article, we extend the analysis of the Hierarchical Trial and Error algorithm, which us",2023,ACM Transactions on Evolutionary Learning and Optimization,Maxime Allard; Simón C. Smith; Konstantinos Chatzilygeroudis; Bryan Lim; Antoine Cully,10.1145/3596912,,https://doi.org/10.1145/3596912,openalex,energy based policy robotics,concept,ebm,,14,,2026-06-12T18:05:07Z,14.304,15.304
doi:10.52214/jcept.v7.12874,Examining relationships between the clinical learning environment and clinical reasoning in physical therapy education,Purpose: Newly graduated physical therapists are expected to demonstrate high levels of clinical reasoning. Doctor of Physical Therapy (DPT) programs should ensure clinical education experiences foster clinical reasoning. Minimal evidence exists regarding factors that influence physical therapy clinical learning environments (CLE). The purpose of this study was to examine associations between factors DPT students perceive to impact CLE and students’ self-efficacy in clinical reasoning. Methods: This quantitative exploratory correlational study electronically surveyed 45 graduate physical therapy students enrolled in their final year of DPT education programs upon completing their terminal clinical education experience. The Physical Therapy Self-Efficacy Scale and the abbreviated Clinical Learning Environment Inventory-19 (CLEI-19) were used to assess self-efficacy in clinical reasoning a,2025,The Journal of Clinical Education in Physical Therapy,Sidney Stoddard; Lori Kupczynski; Crissie M. Jameson,10.52214/jcept.v7.12874,,https://doi.org/10.52214/jcept.v7.12874,crossref,physical reasoning robotics manipulation,concept,physical_reasoning,,,,2026-06-12T15:07:36Z,14.300,14.300
doi:10.21955/mep.1115567.1,Using movement scripts to foster the development of clinical reasoning skills in physical therapy students and residents,"This perspective presentation describes how movement scripts, a specialized type of illness script utilized by physical therapists, are used in clinical and didactic teaching.",,,Neva Kirk-Sanchez; Gregory Hartley; James Moore; Marlon Wong,10.21955/mep.1115567.1,,https://doi.org/10.21955/mep.1115567.1,crossref,physical reasoning robotics manipulation,concept,physical_reasoning,,,,2026-06-12T15:07:36Z,14.300,14.300
doi:10.3389/frobt.2025.1542692,Seamless multi-skill learning: learning and transitioning non-similar skills in quadruped robots with limited data,"In multi-skill imitation learning for robots, expert datasets with complete motion features are crucial for enabling robots to learn and transition between different skills. However, such datasets are often difficult to obtain. As an alternative, datasets constructed using only joint positions are more accessible, but they are incomplete and lack details, making it challenging for existing methods to effectively learn and model skill transitions. To address these challenges, this study introduces the Seamless Multi-Skill Learning (SMSL) framework. Integrated within the Adversarial Motion Priors framework and incorporating self-trajectory augmentation techniques, SMSL effectively utilizes high-quality historical experiences to guide agents in learning skills and generating smooth, natural transitions between them, addressing the learning difficulties caused by incomplete expert datasets. ",2025,Frontiers in Robotics and AI,Jiaxin Tu; Peng Zhai; Yueqi Zhang; Xiaoyi Wei; Zhiyan Dong; Lihua Zhang,10.3389/frobt.2025.1542692,,https://doi.org/10.3389/frobt.2025.1542692,crossref,differentiable physics robot learning,concept,architecture,,,differentiable physics robot learning; skill learning; imitation learning,2026-06-12T15:07:36Z,14.300,14.300
doi:10.1080/10494820.2022.2049826,Interactive environment for music education: developing certain thinking skills in a mobile or static interactive environment,,2023,Interactive Learning Environments,Shang Zhang,10.1080/10494820.2022.2049826,,https://doi.org/10.1080/10494820.2022.2049826,crossref,interactive robot learning human feedback,concept,hri,,8,,2026-06-12T15:07:36Z,14.299,14.299
doi:10.47197/retos.v56.105047,Article RETRACTED due to manipulation by the authors The Hybrid Learning System With Project Based Learning: Can It Increase Creative Thinking Skill and Learning Motivation in Physical Education Learning?,"This research aims to determine the effect of hybrid learning using the project based learning method on creative thinking abilities and learning motivation. The research method is the true experimental research technique, utilizing The Randomized Pretest-Posttest Control Group Design. The population for this study included all students in Senior High School 1 Purwokerto, totaling 1015 students across 36 classes. Simple random sampling was employed to select a total sample of 112 students (n = 112, age = 17.1 ± 1.2 years). This research uses two instruments to obtain data, including 1) The Torrance Tests of Creative Thinking (TTCT) and 2) The Motivated Strategies for Learning Questionnaire (MSLQ). The data analysis used was the data normality test, data homogeneity test, paired t-test and independent t-test. The data used is normally distributed (sig=0.434) and homogeneous (sig=0.533), T",2024,Retos,Rifqi Festiawan; Eko Sumanto; Ayu Rizky Febriani; Asep Angga Permadi; Z. Arifin; Andri Wahyu Utomo; Wildan Alfia Nugroho; Kukuh Wahyudin Pratama,10.47197/retos.v56.105047,,https://doi.org/10.47197/retos.v56.105047,crossref,contact rich manipulation learning,concept,contact,,5,contact rich manipulation,2026-06-12T14:45:03Z,14.296,14.296
doi:10.1109/icra55743.2025.11127757,Safety-Critical Control for Aerial Physical Interaction in Uncertain Environment,,2025,2025 IEEE International Conference on Robotics and Automation (ICRA),Jeonghyun Byun; Yeonjoon Kim; Dongjae Lee; H. Jin Kim,10.1109/icra55743.2025.11127757,,https://doi.org/10.1109/icra55743.2025.11127757,crossref,robotics,concept,crossref_bulk_robotics,,3,,2026-06-12T19:29:26Z,14.293,14.293
doi:10.1109/lra.2020.3039943,Can I Pour Into It? Robot Imagining Open Containability Affordance of Previously Unseen Objects via Physical Simulations,"Open containers, i.e., containers without covers, are an important and ubiquitous class of objects in human life. In this letter, we propose a novel method for robots to “imagine” the open containability affordance of a previously unseen object via physical simulations. The robot autonomously scans the object with an RGB-D camera. The scanned 3D model is used for open containability imagination which quantifies the open containability affordance by physically simulating dropping particles onto the object and counting how many particles are retained in it. This quantification is used for open-container vs. non-open-container binary classification (hereafter referred to as open container classification). If the object is classified as an open container, the robot further imagines pouring into the object, again using physical simulations, to obtain the pouring position and orientation for r",2020,IEEE Robotics and Automation Letters,Hongtao Wu; Gregory S. Chirikjian,10.1109/lra.2020.3039943,,https://doi.org/10.1109/lra.2020.3039943,openalex,robotics,concept,openalex_bulk_robotics,,23,,2026-06-12T18:57:17Z,14.289,14.289
doi:10.1145/3372297.3417249,Cyber-Physical Inconsistency Vulnerability Identification for Safety Checks in Robotic Vehicles,"We propose a new type of vulnerability for Robotic Vehicles (RVs), called Cyber-Physical Inconsistency. These vulnerabilities target safety checks in RVs (e.g., crash detection). They can be exploited by setting up malicious environment conditions such as placing an obstacle with a certain weight and a certain angle in the RV's trajectory. Once exploited, the safety checks may fail to report real physical accidents or report false alarms (while the RV is still operating normally). Both situations could lead to life-threatening consequences. The root cause of such vulnerabilities is that existing safety checks are mostly using simple range checks implemented in general-purpose programming languages, which are incapable of describing the complex and delicate physical world. We develop a novel technique that requires the interplay of program analysis, vehicle modeling, and search-based test",2020,,Hongjun Choi; Sayali Kate; Yousra Aafer; Xiangyu Zhang; Dongyan Xu,10.1145/3372297.3417249,,https://doi.org/10.1145/3372297.3417249,openalex,robotics,concept,openalex_bulk_robotics,,22,,2026-06-12T18:57:17Z,14.268,14.268
doi:10.63317/39zpe4mzypk3,How to Address Smart Homes with a Social Robot? A Multi-modal Corpus of User Interactions with an Intelligent Environment,"Holthaus P, Leichsenring C, Bernotat J, et al. How to address smart homes with a social robot? A multi-modal corpus of user interactions with an intelligent environment. In: Calzolari N, ed. LREC 2016, Tenth International Conference on Language Resources and Evaluation. [Proceedings] . Paris: European Language Resources Association (ELRA); 2016: 3440-3446.",2016,,Patrick Holthaus; Christian Leichsenring; Jasmin Bernotat; Viktor Richter; Marian Pohling; Birte Carlmeyer; Norman Köster; Sebastian Meyer zu Borgsen; René Zorn; Birte Schiffhauer; Kai Frederic Engelmann; Florian Lier; Simon Schulz; Philipp Cimiano; Friederike Eyssel; Thomas Hermann; Franz Kümmert; David Schlangen; Sven Wachsmuth; Petra Wagner,10.63317/39zpe4mzypk3,,https://doi.org/10.63317/39zpe4mzypk3,openalex,robotics,concept,openalex_bulk_robotics,,29,,2026-06-12T18:57:17Z,14.251,15.251
doi:10.1145/3544548.3581100,FakeForward: Using Deepfake Technology for Feedforward Learning,"Videos are commonly used to support learning of new skills, to improve existing skills, and as a source of motivation for training. Video self-modelling (VSM) is a learning technique that improves performance and motivation by showing a user a video of themselves performing a skill at a level they have not yet achieved. Traditional VSM is very data and labour intensive: a lot of video footage needs to be collected and manually edited in order to create an effective self-modelling video. We address this by presenting FakeForward – a method which uses deepfakes to create self-modelling videos from videos of other people. FakeForward turns videos of better-performing people into effective, personalised training tools by replacing their face with the user’s. We investigate how FakeForward can be effectively applied and demonstrate its efficacy in rapidly improving performance in physical exe",2023,,Christopher Clarke; Jingnan Xu; Ye Zhu; Karan Dharamshi; Harry McGill; Stephen Black; Christof Lutteroth,10.1145/3544548.3581100,,https://doi.org/10.1145/3544548.3581100,openalex,energy based model robot learning,concept,ebm,,23,,2026-06-12T18:26:24Z,14.239,14.239
doi:10.1111/irel.12324,Does robotization affect job quality? Evidence from European regional labor markets,"Whereas there are recent papers on the effect of robot adoption on employment and wages, there is no evidence on how robots affect non-monetary working conditions. We explore the impact of robot adoption on several domains of non-monetary working conditions in Europe over the period 1995-2005 combining information from the World Robotics Survey and the European Working Conditions Survey. In order to deal with the possible endogeneity of robot deployment, we employ an instrumental variables strategy, using the robot exposure by sector in other developed countries as an instrument. Our results indicate that robotization has a negative impact on the quality of work in the dimension of work intensity and no relevant impact on the domains of physical environment or skills and discretion.",2022,Industrial Relations A Journal of Economy and Society,José‐Ignacio Antón; Enrique Fernández‐Macías; Rudolf Winter‐Ebmer,10.1111/irel.12324,,https://doi.org/10.1111/irel.12324,openalex,robotics,concept,openalex_bulk_robotics,,34,deployment,2026-06-12T18:57:17Z,14.228,16.228
doi:10.1089/end.2015.0191,Crowd-Sourced Assessment of Technical Skill: A Valid Method for Discriminating Basic Robotic Surgery Skills,"BACKGROUND: A surgeon's skill in the operating room has been shown to correlate with a patient's clinical outcome. The prompt accurate assessment of surgical skill remains a challenge, in part, because expert faculty reviewers are often unavailable. By harnessing the power of large readily available crowds through the Internet, rapid, accurate, and low-cost assessments may be achieved. We hypothesized that assessments provided by crowd workers highly correlate with expert surgeons' assessments. MATERIALS AND METHODS: A group of 49 surgeons from two hospitals performed two dry-laboratory robotic surgical skill assessment tasks. The performance of these tasks was video recorded and posted online for evaluation using Amazon Mechanical Turk. The surgical tasks in each video were graded by (n=30) varying crowd workers and (n=3) experts using a modified global evaluative assessment of Robotic ",2015,Journal of Endourology,Lee White; Timothy M. Kowalewski; Rodney Dockter; Bryan A. Comstock; Blake Hannaford; Thomas S. Lendvay,10.1089/end.2015.0191,,https://doi.org/10.1089/end.2015.0191,openalex,robotics,concept,openalex_bulk_robotics,,84,,2026-06-12T18:57:17Z,14.221,15.221
doi:10.1145/2808705.2808707,A Real-Time Testbed Environment for Cyber-Physical Security on the Power Grid,"The trustworthiness and security of cyber-physical systems (CPSs), such as the power grid, are of paramount importance to ensure their safe operation, performance, and economic efficiency. The aim of many cyber-physical security techniques, such as network intrusion detection systems (NIDSs) for CPSs, is to ensure continuous reliable operation even in exposed network environments. But the validation of such methods goes well beyond standard network analysis, since meaningful tests must also integrate realistic understanding of the physical systems behavior and response to the network activity. Our goal in this paper is to showcase an example of a testbed environment that can support such validation. In it, real network traffic, emulating and industrial control network, interacts with simulated physical models in real-time, extending and leveraging ""hardware-in-the-loop"" and ""cyber-in-the",2015,,Georgia Koutsandria; Reinhard Gentz; Mahdi Jamei; Anna Scaglione; Sean Peisert; Chuck McParland,10.1145/2808705.2808707,,https://doi.org/10.1145/2808705.2808707,openalex,energy based transformer robot policy,concept,ebm_transformer,,40,energy based transformer robot policy,2026-06-12T18:05:07Z,14.207,14.207
arxiv:2504.14259v1,Experience-based Refinement of Task Planning Knowledge in Autonomous Robots,"The requirement for autonomous robots to exhibit higher-level cognitive skills by planning and adapting in an ever-changing environment is indeed a great challenge for the AI community. Progress has been made in the automated planning community on refinement and repair of an agent's symbolic knowledge to do task planning in an incomplete or changing environmental model, but these advances up to now have not been transferred to real physical robots. This paper demonstrates how a physical robot can be capable of adapting its symbolic knowledge of the environment, by using experiences in robot action execution to drive knowledge refinement and hence to improve the success rate of the task plans the robot creates. To implement more robust planning systems, we propose a method for refining domain knowledge to improve the knowledge on which intelligent robot behavior is based. This architectur",2025,arXiv,Hadeel Jazzaa; Thomas McCluskey; David Peebles,,2504.14259v1,http://arxiv.org/abs/2504.14259v1,arxiv,robot world model failure planning,hostile,failure,,,robot world model; robot world model failure,2026-06-12T14:45:03Z,14.200,18.200
doi:10.5954/icarob.2018.is-2,How the new technologies might lead to a paradigm shift in psychological and neuropsychological research.,,2018,Proceedings of International Conference on Artificial Life and Robotics,Luigi Pagliarini; Henrik Hautop Lund,10.5954/icarob.2018.is-2,,https://doi.org/10.5954/icarob.2018.is-2,crossref,robotics,concept,crossref_bulk_robotics,,,,2026-06-12T19:29:26Z,14.200,14.200
doi:10.1177/02783649251336385,Growable and interpretable neural control with online continual learning for autonomous lifelong locomotion learning machines,"Continual locomotion learning faces four challenges: incomprehensibility, sample inefficiency, lack of knowledge exploitation, and catastrophic forgetting. Thus, this work introduces growable online locomotion learning under multicondition (GOLLUM), which exploits the interpretability feature to address the aforementioned challenges. GOLLUM has two dimensions of interpretability: layer-wise interpretability for neural control function encoding and column-wise interpretability for robot skill encoding. With this interpretable control structure, GOLLUM utilizes neurogenesis to unsupervisely increment columns (ring-like networks); each column is trained separately to encode and maintain a specific primary robot skill. GOLLUM also transfers the parameters to new skills and supplements the learned combination of acquired skills through another neural mapping layer added (layer-wise) with onli",2025,The International Journal of Robotics Research,Arthicha Srisuchinnawong; Poramate Manoonpong,10.1177/02783649251336385,,https://doi.org/10.1177/02783649251336385,crossref,neural radiance field robotics,concept,architecture,,2,neural radiance field robotics; continual learning,2026-06-12T15:07:36Z,14.199,14.199
doi:10.1145/3678186,Enacting Human–Robot Encounters with Theater Professionals on a Mixed Reality Stage,"In this article, we report on methodological insights gained from a workshop in which we collaborated with theater professionals to enact situated encounters between humans and robots on a mixed reality stage combining VR with real-life interaction. We deployed the skills of theater professionals to investigate the behaviors of humans encountering robots to speculate about the kind of interactions that may result from encountering robots in supermarket settings. The mixed reality stage made it possible to adapt the robot’s morphology quickly, as well as its movement and perceptual capacities, to investigate how this together co-determines possibilities for interaction. This setup allowed us to follow the interactions simultaneously from different perspectives, including the robot’s, which provided the basis for a collective phenomenological analysis of the interactions. Our work contribu",2025,ACM Transactions on Human-Robot Interaction,Marco C. Rozendaal; Jered Vroon; Maaike Bleeker,10.1145/3678186,,https://doi.org/10.1145/3678186,crossref,learning robot manipulation from human video,concept,human_data,,10,robot manipulation,2026-06-12T15:07:36Z,14.199,14.199
doi:10.1007/s12369-020-00649-6,How Physical Presence Overrides Emotional (Coping) Effects in HRI: Testing the Transfer of Emotions and Emotional Coping in Interaction with a Humanoid Social Robot,"Abstract The increasing pressure on healthcare systems calls for innovative solutions, such as social robots. However, healthcare situations often are highly emotional while little is known about how people’s prior emotional state may affect the perception and acceptance of such robots. Following appraisal theories of emotion, the appraisal of coping potential related to one’s emotions was found to be important in acting as mediator between emotional state and perceptions of a robot (Spekman et al. in Comput Hum Behav 85:308–318, 2018. 10.1016/j.chb.2018.03.043 ; in Belief in emotional coping ability affects what you see in a robot, not the emotions as such, Dissertation, Vrije Universiteit Amsterdam, Amsterdam, 2018), though this has not yet been tested in relation to actual emotional coping nor in an actual encounter with a robot. Hence, the current study focused on how actual emotiona",2021,International Journal of Social Robotics,Marloes L. C. Spekman; Elly A. Konijn; Johan F. Hoorn,10.1007/s12369-020-00649-6,,https://doi.org/10.1007/s12369-020-00649-6,crossref,EBM transformer robotics humanoid robot,concept,architecture_x_embodiment,,7,EBM transformer robotics; humanoid robot,2026-06-12T15:07:36Z,14.190,14.190
doi:10.1016/j.rasd.2014.03.002,How children with autism spectrum disorder behave and explore the 4-dimensional (spatial 3D + time) environment during a joint attention induction task with a robot,,2014,Research in autism spectrum disorders,Salvatore M. Anzalone; Elodie Tilmont; Sofiane Boucenna; Jean Xavier; Anne-Lise Jouen; Nicolas Bodeau; Koushik Maharatna; Mohamed Chétouani; David Cohen,10.1016/j.rasd.2014.03.002,,https://doi.org/10.1016/j.rasd.2014.03.002,openalex,robotics,concept,openalex_bulk_robotics,,155,,2026-06-12T18:57:17Z,14.175,14.175
doi:10.1007/s10994-019-05845-8,Skill-based curiosity for intrinsically motivated reinforcement learning,"Abstract Reinforcement learning methods rely on rewards provided by the environment that are extrinsic to the agent. However, many real-world scenarios involve sparse or delayed rewards. In such cases, the agent can develop its own intrinsic reward function called curiosity to enable the agent to explore its environment in the quest of new skills. We propose a novel end-to-end curiosity mechanism for deep reinforcement learning methods, that allows an agent to gradually acquire new skills. Our method scales to high-dimensional problems, avoids the need of directly predicting the future, and, can perform in sequential decision scenarios. We formulate the curiosity as the ability of the agent to predict its own knowledge about the task. We base the prediction on the idea of skill learning to incentivize the discovery of new skills, and guide exploration towards promising solutions. To furt",2020,Machine Learning,Nicolas Bougie; Ryutaro Ichise,10.1007/s10994-019-05845-8,,https://doi.org/10.1007/s10994-019-05845-8,crossref,model based reinforcement learning robotics,concept,architecture,,20,model based reinforcement learning robotics; skill learning; generalization; data efficiency,2026-06-12T15:07:36Z,14.172,16.172
doi:10.1002/smll.202107556,Physical Fields Manipulation for High‐Performance Perovskite Photovoltaics,"Abstract With the efforts of researchers from all over the world, metal halide perovskite solar cells (PSCs) have been booming rapidly in recent years. Generally, perovskite films are sensitive to surrounding conditions and will be changed under the action of physical fields, resulting in lattice distortion, degradation, ion migration, and so on. In this review, the progress of physical fields manipulation in PSCs, including the electric field, magnetic field, light field, stress field, and thermal field are reviewed. On this basis, the influences of these fields on PSCs are summarized and prospected. Finally, challenges and prospective research directions on how to make better use of external‐fields while minimizing the unnecessary and disruptive impacts on commercial PSCs with high‐efficiency and steady output are proposed.",2022,Small,Cong‐Cong Zhang; Shuai Yuan; Yan‐Hui Lou; Hiroyuki Okada; Zhao‐Kui Wang,10.1002/smll.202107556,,https://doi.org/10.1002/smll.202107556,crossref,physical reasoning robotics manipulation,concept,physical_reasoning,,18,,2026-06-12T15:07:36Z,14.172,14.172
doi:10.1515/eng-2020-0037,Programming and control for skill-based robots,"Abstract This paper considers programming and control of skill-based robots. Robot skills are used to integrate and synchronize robot actions and sensor data in a consistent way. Skill-based approach provides a framework for configurable robot systems, enabling quick setups and start-ups of applications. In the paper we will introduce skill programming and skill control concepts in more detail and how they relate to usage of models and sensors. We will also give a practical example for programming and implementing skills for a grinding application.",2020,Open Engineering,Janne Saukkoriipi; Tapio Heikkilä; Jari M. Ahola; Tuomas Seppälä; Pekka Isto,10.1515/eng-2020-0037,,https://doi.org/10.1515/eng-2020-0037,openalex,robotics,concept,openalex_bulk_robotics,,18,,2026-06-12T18:57:17Z,14.172,14.172
doi:10.1016/j.jbi.2021.103952,A cost-effective IoT learning environment for the training and assessment of surgical technical skills with visual learning analytics,,2021,Journal of Biomedical Informatics,Pablo Castillo-Segura; Carmen Fernández-Panadero; Carlos Alario‐Hoyos; Pedro J. Muñoz‐Merino; Carlos Delgado Kloos,10.1016/j.jbi.2021.103952,,https://doi.org/10.1016/j.jbi.2021.103952,openalex,energy based model robot learning,concept,ebm,,13,,2026-06-12T18:26:24Z,14.170,14.170
doi:10.1109/tase.2020.3024725,Fuzzy Logic-Driven Variable Time-Scale Prediction-Based Reinforcement Learning for Robotic Multiple Peg-in-Hole Assembly,"Reinforcement learning (RL) has been increasingly used for single peg-in-hole assembly, where assembly skill is learned through interaction with the assembly environment in a manner similar to skills employed by human beings. However, the existing RL algorithms are difficult to apply to the multiple peg-in-hole assembly because the much more complicated assembly environment requires sufficient exploration, resulting in a long training time and less data efficiency. To this end, this article focuses on how to predict the assembly environment and how to use the predicted environment in assembly action control to improve the data efficiency of the RL algorithm. Specifically, first, the assembly environment is exactly predicted by a variable time-scale prediction (VTSP) defined as general value functions (GVFs), reducing the unnecessary exploration. Second, we propose a fuzzy logic-driven va",2020,IEEE Transactions on Automation Science and Engineering,Zhimin Hou; Zhihu Li; Chenwei Hsu; Kuangen Zhang; Jing Xu,10.1109/tase.2020.3024725,,https://doi.org/10.1109/tase.2020.3024725,openalex,robotics,concept,openalex_bulk_robotics,,68,data efficiency,2026-06-12T18:57:17Z,14.167,14.167
doi:10.1016/j.comcom.2021.10.019,Construction of multi-modal perception model of communicative robot in non-structural cyber physical system environment based on optimized BT-SVM model,,2022,Computer Communications,Hui Zeng; Jiaqi Luo,10.1016/j.comcom.2021.10.019,,https://doi.org/10.1016/j.comcom.2021.10.019,crossref,energy based model robot learning,concept,ebm,,9,,2026-06-12T15:07:36Z,14.151,14.151
arxiv:2603.04363v1,ManipulationNet: An Infrastructure for Benchmarking Real-World Robot Manipulation with Physical Skill Challenges and Embodied Multimodal Reasoning,"Dexterous manipulation enables robots to purposefully alter the physical world, transforming them from passive observers into active agents in unstructured environments. This capability is the cornerstone of physical artificial intelligence. Despite decades of advances in hardware, perception, control, and learning, progress toward general manipulation systems remains fragmented due to the absence of widely adopted standard benchmarks. The central challenge lies in reconciling the variability of the real world with the reproducibility and authenticity required for rigorous scientific evaluation. To address this, we introduce ManipulationNet, a global infrastructure that hosts real-world benchmark tasks for robotic manipulation. ManipulationNet delivers reproducible task setups through standardized hardware kits, and enables distributed performance evaluation via a unified software client",2026,arXiv,Yiting Chen; Kenneth Kimble; Edward H. Adelson; Tamim Asfour; Podshara Chanrungmaneekul; Sachin Chitta; Yash Chitambar; Ziyang Chen; Ken Goldberg; Danica Kragic; Hui Li; Xiang Li; Yunzhu Li; Aaron Prather; Nancy Pollard; Maximo A. Roa-Garzon; Robert Seney; Shuo Sha; Shihefeng Wang; Yu Xiang,,2603.04363v1,http://arxiv.org/abs/2603.04363v1,arxiv,robot world models manipulation,concept,world_models,,,robot world model; robot manipulation; dexterous manipulation; benchmark; reproducibility; deployment,2026-06-12T14:45:03Z,14.150,18.150
doi:10.1109/iccv51701.2025.00276,Hybrid-Tta: Continual Test-Time Adaptation Via Dynamic Domain Shift Detection,,2025,2025 IEEE/CVF International Conference on Computer Vision (ICCV),Hyewon Park; Hyejin Park; Jueun Ko; Dongbo Min,10.1109/iccv51701.2025.00276,,https://doi.org/10.1109/iccv51701.2025.00276,crossref,test time adaptation robot policy,concept,adaptation,,2,test time adaptation,2026-06-12T14:45:03Z,14.149,14.149
doi:10.1145/3746027.3754751,"To Remember, To Adapt, To Preempt: A Stable Continual Test-Time Adaptation Framework for Remote Physiological Measurement in Dynamic Domain Shifts",,2025,Proceedings of the 33rd ACM International Conference on Multimedia,Shuyang Chu; Jingang Shi; Xu Cheng; Haoyu Chen; Xin Liu; Jian Xu; Guoying Zhao,10.1145/3746027.3754751,,https://doi.org/10.1145/3746027.3754751,crossref,test time adaptation robot policy,concept,adaptation,,2,test time adaptation,2026-06-12T15:07:36Z,14.149,14.149
doi:10.1145/3757279.3785559,From Voice to Form: How Gender-Ambiguous Voices Shape Physical Robot Design,,2026,Proceedings of the 21st ACM/IEEE International Conference on Human-Robot Interaction,Martina De Cet; Negin Hashmati; Mohammad Obaid; Ilaria Torre,10.1145/3757279.3785559,,https://doi.org/10.1145/3757279.3785559,crossref,learning robot manipulation from human video,concept,human_data,,2,robot manipulation,2026-06-12T15:07:36Z,14.149,14.149
doi:10.3390/s20247121,Intelligent Perception System of Robot Visual Servo for Complex Industrial Environment,"Robot control based on visual information perception is a hot topic in the industrial robot domain and makes robots capable of doing more things in a complex environment. However, complex visual background in an industrial environment brings great difficulties in recognizing the target image, especially when a target is small or far from the sensor. Therefore, target recognition is the first problem that should be addressed in a visual servo system. This paper considers common complex constraints in industrial environments and proposes a You Only Look Once Version 2 Region of Interest (YOLO-v2-ROI) neural network image processing algorithm based on machine learning. The proposed algorithm combines the advantages of YOLO (You Only Look Once) rapid detection with effective identification of ROI (Region of Interest) pooling structure, which can quickly locate and identify different objects ",2020,Sensors,Yongchao Luo; Shipeng Li; Di Li,10.3390/s20247121,,https://doi.org/10.3390/s20247121,crossref,Gaussian splatting robot perception,concept,architecture,,19,Gaussian splatting robot perception; industrial robot,2026-06-12T15:07:36Z,14.148,14.148
doi:10.3990/1.9789036553568,A geometric approach to robotic manipulation in physical human-robot interaction,"If people think about robots, they think of human-like machines with equivalent cognitive abilities and sensorimotor skills. The reality looks quite different. Most commonly, robots with six serially arranged joints are installed in industrial production. They are placed behind safety fences, isolated from their environment. The main requirements for those robots are fast speed, high accuracy, and repeatability. Coordinates are used to describe the kinematic structure and to program the robot motion. The workpiece is placed as accurately as possible and external sensors are used to capture the environment.In the last decade, a new sort of robot has evolved. The main purpose of these robots is to assist the human co-worker, e.g., to take over dull and heavy tasks. These robots are often called ""collaborative robots."" The most common associated terminology in research is ""physical Human-Ro",2022,,Johannes Lachner,10.3990/1.9789036553568,,https://doi.org/10.3990/1.9789036553568,openalex,robotics,concept,openalex_bulk_robotics,,7,human robot interaction,2026-06-12T18:57:17Z,14.140,14.140
doi:10.23919/iccas47443.2019.8971555,Particle Filter-based Localization of a Mobile Robot by Using a Single Lidar Sensor under SLAM in ROS Environment,"One of the most popular issues in autonomous mobile robots is mapping, localizing and autonomous navigation. In this paper, Adaptive Monte Carlo Localization (AMCL) as particle filters method is presented to show how effectively it localizes the mobile robot in an indoor environment. During the simulations, the robot is localized and autonomously navigates in Gazebo and Rviz environment. The simulation results demonstrated that the particles in the filter quickly converge on the pose and the robot was successfully able to follow the path to reach its goal position. Simulations for a mobile robot to be localized in two different environments, static and dynamic, were carried out. The robot was successful in reaching its goal every time. Simulation results thus point out that AMCL performed effectively in these environments.",2019,,Dhruv Talwar; Seul Jung,10.23919/iccas47443.2019.8971555,,https://doi.org/10.23919/iccas47443.2019.8971555,openalex,robotics,concept,openalex_bulk_robotics,,25,SLAM,2026-06-12T18:57:17Z,14.129,14.129
doi:10.1167/jov.21.7.10,How do visual skills relate to action video game performance?,,2021,Journal of Vision,Aline F. Cretenoud; Arthur Barakat; Alain Milliet; Oh-Hyeon Choung; Marco Bertamini; Christophe Constantin; Michael H. Herzog,10.1167/jov.21.7.10,,https://doi.org/10.1167/jov.21.7.10,crossref,vision language action model,concept,architecture,,13,vision language action model,2026-06-12T15:07:36Z,14.120,14.120
doi:10.1186/s10033-022-00763-8,Digital Twin-based Quality Management Method for the Assembly Process of Aerospace Products with the Grey-Markov Model and Apriori Algorithm,"Abstract The assembly process of aerospace products such as satellites and rockets has the characteristics of single- or small-batch production, a long development period, high reliability, and frequent disturbances. How to predict and avoid quality abnormalities, quickly locate their causes, and improve product assembly quality and efficiency are urgent engineering issues. As the core technology to realize the integration of virtual and physical space, digital twin (DT) technology can make full use of the low cost, high efficiency, and predictable advantages of digital space to provide a feasible solution to such problems. Hence, a quality management method for the assembly process of aerospace products based on DT is proposed. Given that traditional quality control methods for the assembly process of aerospace products are mostly post-inspection, the Grey-Markov model and T-K control c",2022,Chinese Journal of Mechanical Engineering,Cunbo Zhuang; Ziwen Liu; Jianhua Liu; Hailong Ma; Sikuan Zhai; Ying Wu,10.1186/s10033-022-00763-8,,https://doi.org/10.1186/s10033-022-00763-8,openalex,energy based model robot learning,concept,ebm,,27,,2026-06-12T18:26:24Z,14.116,14.116
doi:10.1002/rcs.1467,Technical skills measurement based on a cyber‐physical system for endovascular surgery simulation,"Abstract Background Quantification of medical skills is a challenge, particularly simulator‐based training. In the case of endovascular intervention, it is desirable that a simulator accurately recreates the morphology and mechanical characteristics of the vasculature while enabling scoring. Methods For this purpose, we propose a cyber‐physical system composed of optical sensors for a catheter's body motion encoding, a magnetic tracker for motion capture of an operator's hands, and opto‐mechatronic sensors for measuring the interaction of the catheter tip with the vasculature model wall. Two pilot studies were conducted for measuring technical skills, one for distinguishing novices from experts and the other for measuring unnecessary motion. Results The proficiency levels were measurable between expert and novice and also between individual novice users. The results enabled scoring of th",2013,The International Journal of Medical Robotics and Computer Assisted Surgery,Carlos Tercero; Hirokatsu Kodama; Chaoyang Shi; Katsutoshi Ooe; Seiichi Ikeda; Toshio Fukuda; Fumihito Arai; Makoto Negoro; Guiryong Kwon; Zoran Najdovski,10.1002/rcs.1467,,https://doi.org/10.1002/rcs.1467,crossref,robotics,concept,crossref_bulk_robotics,,36,,2026-06-12T19:29:26Z,14.105,14.105
doi:10.1016/j.enpol.2023.113864,Selection bias in multi-technology auctions: How to quantify and assess efficiency implications in renewable energy auctions,,2024,Energy Policy,Alfa Diallo; Lena Kitzing,10.1016/j.enpol.2023.113864,,https://doi.org/10.1016/j.enpol.2023.113864,crossref,energy based policy robotics,concept,ebm,,3,,2026-06-12T17:50:07Z,14.093,14.093
doi:10.29333/ejmste/93483,Skill Development and Knowledge Acquisition Cultivated by Maker Education: Evidence from Arduino-based Educational Robotics,"This study investigated elementary school students’ learning performances and behaviors in a maker education program. An informal after-school learning environment entitled Robot MakerSpace was created at a public elementary school in Taiwan and 30 grade 5 students voluntarily participated in a 16-week educational experiment. The student participants were randomly divided into two experimental groups. Students in the maker group received weekly educational robotics lessons, whereas those in the nonmaker group only engaged in other after-school learning activities such as homework practice in traditional classrooms. Mixed methods research was used for data collection. An experiment with a pretest–posttest and control group design was employed to measure the students’ electrical engineering and computer programming content knowledge and problem-solving skills. In addition, a qualitative ap",2018,Eurasia Journal of Mathematics Science and Technology Education,Pao‐Nan Chou,10.29333/ejmste/93483,,https://doi.org/10.29333/ejmste/93483,openalex,robotics,concept,openalex_bulk_robotics,,69,,2026-06-12T18:57:17Z,14.074,14.074
doi:10.1061/(asce)cp.1943-5487.0001004,Trajectory-Based Skill Learning for Overhead Construction Robots Using Generalized Cylinders with Orientation,"Overhead work involving the construction and maintenance of civil infrastructure (e.g., tunnels, overpasses, and buildings) is strenuous and fatigue-inducing for human workers and is particularly well-suited for co-robotization. Such work is typically quasi-repetitive, and on-site robots must adapt to unexpected workface conditions. Methods such as learning from demonstration can leverage human experts’ demonstration to let robots directly learn new skills to perform tasks. This paper proposes a generalized cylinders with orientation approach to teach robots how to perform quasi-repetitive overhead construction tasks from human demonstration. The demonstration trajectories are first used to construct a generalized cylinder and generate the robot trajectory. To ensure that the construction component (e.g., tunnel lining segment, building ceiling tile) being installed can satisfy the geome",2021,Journal of Computing in Civil Engineering,Ci‐Jyun Liang; Vineet R. Kamat; Carol C. Menassa; Wes McGee,10.1061/(asce)cp.1943-5487.0001004,,https://doi.org/10.1061/(asce)cp.1943-5487.0001004,openalex,robotics,concept,openalex_bulk_robotics,,20,skill learning; human demonstration,2026-06-12T18:57:17Z,14.072,14.072
doi:10.1002/rcs.2173,Novel virtual reality based training system for fine motor skills: Towards developing a robotic surgery training system,"Abstract Background Training surgeons to use surgical robots are becoming part of surgical training curricula. We propose a novel method of training fine‐motor skills such as Microscopic Selection Task (MST) for robot‐assisted surgery using virtual reality (VR) with objective quantification of performance. We also introduce vibrotactile feedback (VTFB) to study its impact on training performance. Methods We use a VR‐based environment to perform MST with varying degrees of difficulties. Using a well‐known human–computer interaction paradigm and incorporating VTFB, we quantify the performance: speed, precision and accuracy. Results MST with VTFB showed statistically significant improvement in performance metrics leading to faster completion of MST with higher precision and accuracy compared to that without VTFB. Discussion The addition of VTFB to VR‐based training for robot‐assisted surger",2020,The International Journal of Medical Robotics and Computer Assisted Surgery,Madhan Kumar Vasudevan; Joseph H. R. Isaac; Venkatraman Sadanand; Manivannan Muniyandi,10.1002/rcs.2173,,https://doi.org/10.1002/rcs.2173,crossref,robotics,concept,crossref_bulk_robotics,,16,surgical robot,2026-06-12T19:29:26Z,14.067,14.067
doi:10.3390/asi6060114,Reshaping the Digital Twin Construct with Levels of Digital Twinning (LoDT),"While digital twins (DTs) have achieved significant visibility, they continue to face a problem of lack of harmonisation regarding their interpretation and definition. This diverse and interchangeable use of terms makes it challenging for scientific activities to take place and for organisations to grasp the existing opportunities and how can these benefit their businesses. This article aims to shift the focus away from debating a definition for a DT. Instead, it proposes a conceptual approach to the digital twinning of engineering physical assets as an ongoing process with variable complexity and evolutionary capacity over time. To accomplish this, the article presents a functional architecture of digital twinning, grounded in the foundational elements of the DT, to reflect the various forms and levels of digital twinning (LoDT) of physical assets throughout their life cycles. Furthermo",2023,Applied System Innovation,João Vieira; João Poças Martins; N. Almeida; Hugo Patrício; João Morgado,10.3390/asi6060114,,https://doi.org/10.3390/asi6060114,openalex,energy based transformer robot policy,concept,ebm_transformer,,16,energy based transformer robot policy,2026-06-12T18:05:07Z,14.067,14.067
doi:10.1007/s00464-017-5634-6,Can a virtual reality surgical simulation training provide a self-driven and mentor-free skills learning? Investigation of the practical influence of the performance metrics from the virtual reality robotic surgery simulator on the skill learning and associated cognitive workloads,,2017,Surgical Endoscopy,Gyusung I. Lee; Mija R. Lee,10.1007/s00464-017-5634-6,,https://doi.org/10.1007/s00464-017-5634-6,openalex,robotics,concept,openalex_bulk_robotics,,55,skill learning,2026-06-12T18:57:17Z,14.063,14.063
doi:10.1243/095965105x9470,"STP: Skills, tactics, and plays for multi-robot control in adversarial environments","In an adversarial multi-robot task, such as playing robot soccer, decisions for team and single-robot behaviour must be made quickly to take advantage of short-term fortuitous events. When no such opportunities exist, the team must execute sequences of coordinated team action that increases the likelihood of future opportunities. A hierarchical architecture, called STP, has been developed to control an autonomous team of robots operating in an adversarial environment. STP consists of skills for executing the low-level actions that make up robot behaviour, tactics for determining what skills to execute, and plays for coordinating synchronized activity among team members. The STP architecture combines each of these components to achieve autonomous team control. Moreover, the STP hierarchy allows for fast team response in adversarial environments while carrying out actions with longer goals",2005,Proceedings of the Institution of Mechanical Engineers Part I Journal of Systems and Control Engineering,B. Browning; James Bruce; Michael Bowling; Manuela Veloso,10.1243/095965105x9470,,https://doi.org/10.1243/095965105x9470,openalex,robotics,concept,openalex_bulk_robotics,,110,,2026-06-12T18:57:17Z,14.055,14.055
doi:10.1109/cec.2009.4983067,HyperNEAT controlled robots learn how to drive on roads in simulated environment,"In this paper we describe simulation of autonomous robots controlled by recurrent neural networks, which are evolved through indirect encoding using HyperNEAT algorithm. The robots utilize 180 degree wide sensor array. Thanks to the scalability of the neural network generated by HyperNEAT, the sensor array can have various resolution. This would allow to use camera as an input for neural network controller used in real robot. The robots were simulated using software simulation environment. In the experiments the robots were trained to drive with imaximum average speed. Such fitness forces them to learn how to drive on roads and avoid collisions. Evolved neural networks show excellent scalability. Scaling of the sensory input breaks performance of the robots, which should be gained back with re-training of the robot with a different sensory input resolution.",2009,,Jan Drchal; Jan Koutník; Miroslav Šnorek,10.1109/cec.2009.4983067,,https://doi.org/10.1109/cec.2009.4983067,openalex,robotics,concept,openalex_bulk_robotics,,29,,2026-06-12T18:57:17Z,14.051,15.051
doi:10.1145/3745756.3809242,"[Emerging Ideas] Artificial Tripartite Intelligence: A Bio-Inspired, Sensor-First Architecture for Physical AI","As AI moves from data centers to robots and wearables, scaling ever-larger models becomes insufficient. Physical AI operates under tight latency, energy, privacy, and reliability constraints, and its performance depends not only on model capacity but also on how signals are acquired through controllable sensors in dynamic environments. We present Artificial Tripartite Intelligence (ATI), a bio-inspired, sensor-first architectural contract for physical AI. ATI is tripartite at the systems level: a Brainstem (L1) provides reflexive safety and signal-integrity control, a Cerebellum (L2) performs continuous sensor calibration, and a Cerebral Inference Subsystem spanning L3/L4 supports routine skill selection and execution, coordination, and deep reasoning. This modular organization allows sensor control, adaptive sensing, edge-cloud execution, and foundation model reasoning to co-evolve with",2026,,You Rim Choi; Subeom Park; Hyung‐Sin Kim,10.1145/3745756.3809242,,https://doi.org/10.1145/3745756.3809242,openalex,energy based transformer robot policy,concept,ebm_transformer,,1,energy based transformer robot policy; latency,2026-06-12T18:05:07Z,14.047,15.047
doi:10.3389/fnbot.2024.1368243,Human skill knowledge guided global trajectory policy reinforcement learning method,"Traditional trajectory learning methods based on Imitation Learning (IL) only learn the existing trajectory knowledge from human demonstration. In this way, it can not adapt the trajectory knowledge to the task environment by interacting with the environment and fine-tuning the policy. To address this problem, a global trajectory learning method which combinines IL with Reinforcement Learning (RL) to adapt the knowledge policy to the environment is proposed. In this paper, IL is proposed to acquire basic trajectory skills, and then learns the agent will explore and exploit more policy which is applicable to the current environment by RL. The basic trajectory skills include the knowledge policy and the time stage information in the whole task space to help learn the time series of the trajectory, and are used to guide the subsequent RL process. Notably, neural networks are not used to mod",2024,Frontiers in Neurorobotics,Yajing Zang; Pengfei Wang; Fusheng Zha; Wei Guo; Chuan-Feng Li; Lining Sun,10.3389/fnbot.2024.1368243,,https://doi.org/10.3389/fnbot.2024.1368243,openalex,energy based policy robotics,concept,ebm,,5,imitation learning; behavior cloning; human demonstration,2026-06-12T18:43:24Z,14.046,14.046
doi:10.3389/fnhum.2014.00280,"Experts bodies, experts minds: How physical and mental training shape the brain",,2014,Frontiers in Human Neuroscience,Ursula Debarnot; Marco Sperduti; Franck Di Rienzo; Aymeric Guillot,10.3389/fnhum.2014.00280,,https://doi.org/10.3389/fnhum.2014.00280,crossref,mixture of experts robot policy,concept,architecture,,128,mixture of experts robot policy,2026-06-12T15:07:36Z,14.030,14.030
doi:10.1109/mra.2018.2815655,Better Teaming Through Visual Cues: How Projecting Imagery in a Workspace Can Improve Human-Robot Collaboration,"In this article, we present a communication paradigm using a context-aware mixed-reality approach for instructing human workers when collaborating with robots. The main objective is to utilize the physical work environment as a canvas to communicate task-related instructions and robot intentions in the form of visual cues. A vision-based object-tracking algorithm is used to precisely determine the pose and state of physical objects in and around the workspace. A projection-mapping technique is employed to overlay visual cues on the tracked objects and the workspace. Simultaneous tracking and projection onto objects enable the system to provide just-in-time instructions for carrying out a procedural task.",2018,IEEE Robotics & Automation Magazine,Ramsundar Kalpagam Ganesan; Yash K. Rathore; Heather Ross; Heni Ben Amor,10.1109/mra.2018.2815655,,https://doi.org/10.1109/mra.2018.2815655,openalex,robotics,concept,openalex_bulk_robotics,,63,,2026-06-12T18:57:17Z,14.029,14.029
doi:10.1177/0278364920954896,Combining learned and analytical models for predicting action effects from sensory data,"One of the most basic skills a robot should possess is predicting the effect of physical interactions with objects in the environment. This enables optimal action selection to reach a certain goal state. Traditionally, dynamics are approximated by physics-based analytical models. These models rely on specific state representations that may be hard to obtain from raw sensory data, especially if no knowledge of the object shape is assumed. More recently, we have seen learning approaches that can predict the effect of complex physical interactions directly from sensory input. It is, however, an open question how far these models generalize beyond their training data. In this work, we investigate the advantages and limitations of neural-network-based learning approaches for predicting the effects of actions based on sensory input and show how analytical and learned models can be combined to ",2022,The International Journal of Robotics Research,Alina Kloss; Stefan Schaal; Jeannette Bohg,10.1177/0278364920954896,,https://doi.org/10.1177/0278364920954896,crossref,world action model robotics,concept,wam,,24,world action model; limitation; generalization,2026-06-12T15:07:36Z,14.009,16.009
doi:10.1016/j.autcon.2018.07.003,Localisation of a mobile robot for bridge bearing inspection,"Bridge bearings are a critical component of a bridge and require regular visual inspection to ensure the safe operation of the bridge throughout its life. However, the bearings are often located in spaces that are difficult or hazardous to reach, which can impact how often the bearings are inspected. In addition, these spaces are small and offer significant challenges for tele-operation due to line-of-sight restrictions; hence, some level of autonomy is required to make robotic inspection possible. In this work, a robotic solution to bridge bearing inspection is presented, and localisation methods are assessed as the first, and most, important step towards automation. Robot localisation is performed in both a lab environment and a real bridge bearing environment. In this paper, Adaptive Monte-Carlo Localisation is considered for localisation in a known map and gave comparable results to ",2018,Automation in Construction,Harriet Peel; Shan Luo; Anthony G. Cohn; Raúl Fuentes,10.1016/j.autcon.2018.07.003,,https://doi.org/10.1016/j.autcon.2018.07.003,openalex,robotics,concept,openalex_bulk_robotics,,110,SLAM,2026-06-12T18:57:17Z,14.005,14.005
doi:10.1109/ro-man57019.2023.10309520,How Do Human Users Teach a Continual Learning Robot in Repeated Interactions?,,2023,2023 32nd IEEE International Conference on Robot and Human Interactive Communication (RO-MAN),Ali Ayub; Jainish Mehta; Zachary De Francesco; Patrick Holthaus; Kerstin Dautenhahn; Chrystopher L. Nehaniv,10.1109/ro-man57019.2023.10309520,,https://doi.org/10.1109/ro-man57019.2023.10309520,crossref,learning robot manipulation from human video,concept,human_data,,4,robot manipulation; continual learning,2026-06-12T15:07:36Z,14.005,14.005
doi:10.1109/ro-man57019.2023.10309634,A Study on Customer’s Perception of Robot Nonverbal Communication Skills in a Service Environment,,2023,2023 32nd IEEE International Conference on Robot and Human Interactive Communication (RO-MAN),Nguyen Tan Viet Tuyen; Shintaro Okazaki; Oya Celiktutan,10.1109/ro-man57019.2023.10309634,,https://doi.org/10.1109/ro-man57019.2023.10309634,crossref,Gaussian splatting robot perception,concept,architecture,,4,Gaussian splatting robot perception,2026-06-12T15:07:36Z,14.005,14.005
doi:10.21203/rs.3.rs-9215107/v1,From Simulation to Hardware: Gender Dynamics and Transfer of Computational Thinking Skills in Educational Robotics,"Abstract Despite the emphasis on computational thinking (CT) as a key 21st‑century skill, longitudinal evidence remains limited on how CT skills develop and transfer across contexts, particularly from sim‑to‑real learning environments. This longitudinal study involved 69 pre‑university science students who participated in three iterative phases of Arduino‑based robotics labs focused on autonomous navigation challenges. Data sources included CT self‑efficacy surveys administered at three time points, near‑transfer tasks assessing algorithmic reasoning, and performance scores on both virtual simulation and physical hardware challenges. A 2×3 repeated‑measures ANOVA revealed significant growth in CT skills over time, with males initially outperforming females; however, these gender differences diminished by the end of the semester, resulting in no gender effects on final virtual or physical",,,Tanya Chichekian; Joel Trudeau; Tawfiq Jawhar; Theodosios Sapounidis,10.21203/rs.3.rs-9215107/v1,,https://doi.org/10.21203/rs.3.rs-9215107/v1,crossref,latent dynamics model robotics,concept,architecture,,,latent dynamics model robotics,2026-06-12T15:07:36Z,14.000,15.000
doi:10.47197/retos.v61.109754,Case study: problem-based learning model for soccer basic movement skills and learning activity,"Background: The education curriculum is developed to prepare students to gain comprehensive experiences and life skills. Learning effectiveness, especially in physical education, depends on the teacher's ability to choose the right learning strategies, models and methods. However, problems often faced in the learning process include lack of student attention, teacher dominance in the learning process, and passive learning tendencies. The Problem-Based Learning (PBL) learning model emerged as a potential approach to address these issues and improve the quality of learning. Study Objectives: This study aims to evaluate the effectiveness of the Problem-Based Learning (PBL) learning model in improving the basic soccer movement skills and learning activities of elementary school students in the context of physical education. Materials and Methods: This study used a pseudo-experimental method ",2024,Retos,Nurhadi Santoso; Nugroho Puji Santoso,10.47197/retos.v61.109754,,https://doi.org/10.47197/retos.v61.109754,crossref,energy based model robot learning,concept,ebm,,2,,2026-06-12T17:50:07Z,13.999,13.999
doi:10.1109/fie49875.2021.9637351,A Robotics-based Learning Environment Supporting Computational Thinking Skills — Design and Development,,2021,2021 IEEE Frontiers in Education Conference (FIE),Karin Tengler; Oliver Kastner-Hauler; Barbara Sabitzer,10.1109/fie49875.2021.9637351,,https://doi.org/10.1109/fie49875.2021.9637351,crossref,robotics,concept,crossref_bulk_robotics,,10,,2026-06-12T19:29:26Z,13.999,13.999
doi:10.3389/frobt.2025.1605652,Train your robot in AR: insights and challenges for humans and robots in continual teaching and learning,"Supportive robots that can be deployed in our homes will need to be understandable, operable, and teachable by non-expert users. This calls for an intuitive Human-Robot Interaction approach that is also safe and sustainable in the long term. Still, few studies have looked at interactive task learning in repeated, unscripted interactions within loosely supervised settings. In such cases the robot should incrementally learn from the user and consequentially expand its knowledge and abilities, a feature which presents the challenge of designing robots that interact and learn in real time. Here, we present a robotic system capable of continual learning from interaction, generalizing learned skills, and planning task execution based on the received training. We were interested in how interacting with such a system would impact the user experience and understanding. In an exploratory study, we",2025,Frontiers in Robotics and AI,Anna Belardinelli; Chao Wang; Daniel Tanneberg; Stephan Hasler; Michael Gienger,10.3389/frobt.2025.1605652,,https://doi.org/10.3389/frobt.2025.1605652,crossref,online adaptation robot learning,concept,adaptation,,1,online adaptation; human robot interaction; continual learning; generalization,2026-06-12T15:07:36Z,13.997,14.997
doi:10.1007/s40192-026-00441-w,Physics-Informed Deep Learning for Bearing Remaining Useful Life: Adaptive Paris-Law Regularization with Gaussian Processes,"Abstract Accurate estimation of remaining useful life is essential for predictive maintenance and for preventing costly unplanned downtime in industrial assets. However, state-of-the-art deep learning models often behave as black boxes, offer limited interpretability, and can degrade under noise, data scarcity, or distributional shifts. Many physics-informed neural networks address this by embedding governing equations, but they typically fix physical coefficients a priori, which can bias predictions when units, loads, or operating conditions change. This work presents an adaptive physics-informed deep learning framework that couples sequence learning with a fracture mechanics-based structure. For each degradation sequence, Paris-law parameters are estimated by combining Gaussian process regression on finite-difference rates with constrained nonlinear least squares. This procedure yields",2026,Integrating Materials and Manufacturing Innovation,Khaled Dhibi; Hazem Nounou; Fedwa El-Mellouhi; Mohamed Nounou,10.1007/s40192-026-00441-w,,https://doi.org/10.1007/s40192-026-00441-w,crossref,physics informed robot learning,concept,architecture,,1,physics informed robot learning; deployment,2026-06-12T15:07:36Z,13.997,14.997
doi:10.3390/math13162542,Uncertainty-Aware Continual Reinforcement Learning via PPO with Graph Representation Learning,"Continual reinforcement learning (CRL) agents face significant challenges when encountering distributional shifts. This paper formalizes these shifts into two key scenarios, namely virtual drift (domain switches), where object semantics change (e.g., walls becoming lava), and concept drift (task switches), where the environment’s structure is reconfigured (e.g., moving from object navigation to a door key puzzle). This paper demonstrates that while conventional convolutional neural networks (CNNs) struggle to preserve relational knowledge during these transitions, graph convolutional networks (GCNs) can inherently mitigate catastrophic forgetting by encoding object interactions through explicit topological reasoning. A unified framework is proposed that integrates GCN-based state representation learning with a proximal policy optimization (PPO) agent. The GCN’s message-passing mechanism ",2025,Mathematics,Dongjae Kim,10.3390/math13162542,,https://doi.org/10.3390/math13162542,crossref,scene graph robot learning,concept,architecture,,1,scene graph robot learning,2026-06-12T15:07:36Z,13.997,14.997
doi:10.46328/ijte.1079,The Effect of Educational Robotics Applications on Middle School Students’ Innovative Thinking Skills,"The purpose of this study was to evaluate how educational robotics applications integrated with collaborative learning and entrepreneurship affected the innovative thinking skills of middle school students. An explanatory-sequential mixed-method design was adopted for the study. The study involved 40 seventh graders studying at a small-sized middle school. The quantitative dimension of the study employed a single-group pretest-posttest design, while the qualitative dimension was conducted through semi-structured interviews. The “Innovative Thinking Skills Scale” was administered to the students in the study both before and after eight weeks of robotics training. The data obtained from the scales were analyzed using statistical methods. As a result of this analysis, it was concluded that the innovative thinking skills of the students increased significantly at a statistical level. Analysi",2025,International Journal of Technology in Education,Meryem Meral; Sema Altun Yalcin,10.46328/ijte.1079,,https://doi.org/10.46328/ijte.1079,crossref,robotics,concept,crossref_bulk_robotics,,1,,2026-06-12T19:29:26Z,13.997,13.997
doi:10.3389/frobt.2024.1363443,EzSkiROS: enhancing robot skill composition with embedded DSL for early error detection,"When developing general-purpose robot software components, we often lack complete knowledge of the specific contexts in which they will be executed. This limits our ability to make predictions, including our ability to detect program bugs statically. Since running a robot is an expensive task, finding errors at runtime can prolong the debugging loop or even cause safety hazards. This paper proposes an approach to help developers catch these errors as soon as we have some context (typically at pre-launch time) with minimal additional efforts. We use embedded domain-specific language (DSL) techniques to enforce early checks. We describe design patterns suitable for robot programming and show how to use these design patterns for DSL embedding in Python, using two case studies on an open-source robot skill platform SkiROS2, designed for the composition of robot skills. These two case studies",2025,Frontiers in Robotics and AI,Momina Rizwan; Christoph Reichenbach; Ricardo Caldas; Matthias Mayr; Volker Krueger,10.3389/frobt.2024.1363443,,https://doi.org/10.3389/frobt.2024.1363443,crossref,robotics,concept,crossref_bulk_robotics,,1,deployment,2026-06-12T19:29:26Z,13.997,14.997
doi:10.1145/1349822.1349843,How quickly should communication robots respond?,"This paper reports a study about system response time (SRT) in communication robots that utilize human-like social features, such as anthropomorphic appearance and conversation in natural language. Our research purpose established a design guideline for SRT in communication robots. The first experiment observed user preferences toward different SRTs in interaction with a robot. In other existing user interfaces, faster response is usually preferred. In contrast, our experimental result indicated that user preference for SRT in a communication robot is highest at one second, and user preference ratings level off at two seconds.",2008,,Toshiyuki Shiwa; Takayuki Kanda; Michita Imai; Hiroshi Ishiguro; Norihiro Hagita,10.1145/1349822.1349843,,https://doi.org/10.1145/1349822.1349843,openalex,robotics,concept,openalex_bulk_robotics,,108,,2026-06-12T18:57:17Z,13.996,13.996
